entity_id,wikimedia_url,poi_name,category,poi_name_tags
6,https://commons.wikimedia.org/wiki/Category:Tsurugisaki_Lighthouse,Tsurugisaki Lighthouse,tower,"tsurugisaki lighthouse,剱埼灯台,剣埼灯台,faro de tsurugisaki"
16,https://commons.wikimedia.org/wiki/Category:Sendai_Trust_Tower,Sendai Trust Tower,tower,"sendai trust tower,仙台トラストタワー,sendai trust tower"
45,"https://commons.wikimedia.org/wiki/Category:Nagara_Bridge,_Osaka","Nagara Bridge, Osaka",bridge,"長柄橋,長柄の人柱,nagara bridge, osaka"
60,https://commons.wikimedia.org/wiki/Category:Shime_Winding_Tower,Shime Winding Tower,tower,"志免鉱業所竪坑櫓,shime winding tower"
108,https://commons.wikimedia.org/wiki/Category:Hayase_Bridge,Hayase Bridge,bridge,"早瀬大橋,pont gran hayase,pont hayase,puente grande hayase,hayase ohashi,hayase ohashi,hayase oohashi,puente hayase,hayase bridge,hayase bridge"
109,https://commons.wikimedia.org/wiki/Category:Ueda_Roman_Bridge,Ueda Roman Bridge,bridge,"上田ローマン橋,ueda roman bridge"
120,"https://commons.wikimedia.org/wiki/Category:Furukawa_Bridge,_Tochigi","Furukawa Bridge, Tochigi",bridge,"古河橋,furukawa bridge,pont furukawa"
133,https://commons.wikimedia.org/wiki/Category:Tokiwa_Bridge_(Nihonbashi_River),Tokiwa Bridge (Nihonbashi River),bridge,"常盤橋,常磐橋,tokiwa bridge,tokiwa bridge"
136,https://commons.wikimedia.org/wiki/Category:Enakyo_Bridge,Enakyo Bridge,bridge,"恵那峡大橋,enakyo bridge,enakyo bridge"
187,https://commons.wikimedia.org/wiki/Category:Takato_Castle,Takato Castle,palace_castle,"高遠城,高遠城,burg takato,takato castle,chateau de koenjo,高遠城,castel de koenjo,castell de takato,ടകററോ കാസിൽ,castillo de takato,다카토성,قلعه تاکاتويو"
197,https://commons.wikimedia.org/wiki/Category:Taga_Castle,Taga Castle,palace_castle,"多贺城,多賀城,多賀城,多賀城,多賀城跡,多賀柵,taga castle,taga-jo,taga no ki,site of tagajo,замок таґа,多賀城,site de tagajo,castillo de taga,burg taga,taga-jo,taga no ki,burg taga,taga castle,тага,castell taga,taga,ടാഗ കാസററിൽ,타가성,grad taga,قلعه تاگا,taga"
198,https://commons.wikimedia.org/wiki/Category:Hanz%C5%8D-mon,Hanzō-mon,arch_gate,"한조 문,한조몬,半蔵門,半藏門,hanzo-mon,hanzomon,hanzo gate,castel de hanzo-mon"
207,https://commons.wikimedia.org/wiki/Category:Miki_Castle,Miki Castle,palace_castle,"미키성,三木城,miki castle,chateau de miki,castel de miki,قلعه میکی,thanh miki,castelul miki,三木城"
238,https://commons.wikimedia.org/wiki/Category:Benten_Bridge_(Yokohama),Benten Bridge (Yokohama),bridge,"弁天橋,benten bridge,benten-brug,辯天橋"
248,https://commons.wikimedia.org/wiki/Category:Motoyasu_Bridge,Motoyasu Bridge,bridge,"元安橋,motoyasu bridge,pont motoyasu,motoyasu-bashi,پل موتویاسو"
252,https://commons.wikimedia.org/wiki/Category:Onawaba_Bridge,Onawaba Bridge,bridge,"大縄場大橋,onawaba bridge"
277,https://commons.wikimedia.org/wiki/Category:Funai_Castle,Funai Castle,palace_castle,"府内城,府內城,府內城,府内城,大分城,荷揚城,府内城址,zamek funai,chateau de funai,castel de funai,후나이성,castillo funai,funai castle,oita castle,oita castle,niage castle,府內城,funai gaztelua,burg funai,funai castle,قلعه فونای,castell de funai,castell d'oita,قلعة فوناي"
298,https://commons.wikimedia.org/wiki/Category:Iwamura_Castle,Iwamura Castle,palace_castle,"岩村城,岩村城,岩村城,岩村城,霧ヶ城,iwamura gaztelua,замок ивамура,이와무라성,chateau d'iwamura,castel d'iwamura,castillo iwamura,iwamura castle,岩村城,burg iwamura,iwamura castle,قلعه ایوامورا,castelo iwamura,замок івамура,castell d'iwamura,ivamura qal’asi,iwamura kalesi"
300,https://commons.wikimedia.org/wiki/Category:Iwadeyama_Castle,Iwadeyama Castle,palace_castle,"岩出山城,岩出山城跡,chateau d'iwadeyama,castel d'iwadeyama,iwadeyama castle,قلعه ایواده‌یاما"
301,https://commons.wikimedia.org/wiki/Category:Fudo_Bridge,Fudo Bridge,bridge,"不動大橋,不動大橋 (群馬県),fudo ohashi bridge,fudo bridge,후도 대교"
329,https://commons.wikimedia.org/wiki/Category:Shinjuku_Nomura_Building,Shinjuku Nomura Building,tower,"新宿野村大厦,新宿野村大廈,新宿野村大廈,新宿野村ヒルティンク,新宿野村ヒル,野村ヒル,shinjuku nomura building,신주쿠 노무라 빌딩,shinjuku nomura building,nomura building,shinjuku nomura building,新宿野村大厦,shinjuku nomura building,shinjuku nomura building,مبنى شينجوكو نومورا,shinjuku nomura binası"
330,https://commons.wikimedia.org/wiki/Category:Yoshida-kouriyama_Castle,Yoshida-kouriyama Castle,palace_castle,"吉田郡山城,吉田郡山城,吉田郡山城,吉田郡山城,郡山城,고리야마 성,요시다 고리야마 성,요시다 고리야마 산성,아키 고리야마 성,замок есида-корияма,замок есида-коорияма,замок иосіда-кооріяма,замок иосіда кооріяма,吉田郡山城,yoshida-koriyama castle,koriyama castle,chateau de yoshida-koriyama,castel de yoshida-koriyama,قلعه یوشیدا-کورییاما,castell de yoshida-koriyama,castillo yoshida-koriyama,castillo koriyama"
347,https://commons.wikimedia.org/wiki/Category:Nakamurayama_Castle_(Owase),Nakamurayama Castle (Owase),palace_castle,"chateau de nakamurayama,castel de nakamurayama,nakamurayama castle,中村山城,中村山公園,nakamurayama castle"
377,https://commons.wikimedia.org/wiki/Category:Atami_Castle,Atami Castle,palace_castle,"아타미성,熱海城,熱海城,atami castle"
400,https://commons.wikimedia.org/wiki/Category:Senjushinbashi,Senjushinbashi,bridge,"千住新橋,senjushinbashi,senju new bridge,센주 신교"
406,https://commons.wikimedia.org/wiki/Category:Shin-Kizugawa_Bridge,Shin-Kizugawa Bridge,bridge,"新木津川大橋,新木津川大橋,新木津川大桥,shin-kizugawa bridge,新木津川大桥,新木津川大桥"
409,https://commons.wikimedia.org/wiki/Category:Rokko_Bridge_(2012),Rokko Bridge (2012),bridge,"鹿行大橋,rokko bridge,鹿行大橋,鹿行大桥,rokko-brug,鹿行大桥,鹿行大桥"
413,https://commons.wikimedia.org/wiki/Category:Odai_Bridge,Odai Bridge,bridge,"小台橋,odai bridge,odai bridge"
429,https://commons.wikimedia.org/wiki/Category:Chikiumisaki_Lighthouse,Chikiumisaki Lighthouse,tower,"チキウ岬灯台,chikiumisaki lighthouse,chikiumisaki vuurtoren,mercusuar chikiumisaki,地球岬燈塔"
436,https://commons.wikimedia.org/wiki/Category:Yokohama_War_Cemetery,Yokohama War Cemetery,monument_statue,"英連邦戦死者墓地,yokohama war cemetery,yokohama war cemetery"
445,https://commons.wikimedia.org/wiki/Category:Chitose_Gomon,Chitose Gomon,arch_gate,"千歳御門,chitose gomon"
447,https://commons.wikimedia.org/wiki/Category:Kazurabashi,Kazurabashi,bridge,"蔓橋,葛橋,藤蔓橋,かすら橋,kazurabashi,蔓橋,葛橋,藤蔓橋,葛橋,kazura bridge at the iya valley,kazura bridge at the iya valley,pont kazura,kazura-bashi,kazurabashi,kazura-brucke im iya-tal,kazurabashi"
474,https://commons.wikimedia.org/wiki/Category:JP_Tower,JP Tower,tower,"jpタワー,kitte,キッテ丸の内,jp tower,japan post tower,tour japan post,jp塔,jp 타워,jp tower,برج جى بى"
496,https://commons.wikimedia.org/wiki/Category:Nagahama_Castle,Nagahama Castle,palace_castle,"chateau de nagahama,nagahama castle,ho park,長濱城 (近江國),burg nagahama (omi),나가하마성,오미 나가하마 성,나가하마 성 (오미노쿠니),나가하마 성 (시가 현),長浜城,今浜城,豊公園,castillo nagahama,ปราสาทนะงะฮะมะ,قلعه ناگاهاما,castell de nagahama,castell nagahama"
509,https://commons.wikimedia.org/wiki/Category:Kitsuki_Castle,Kitsuki Castle,palace_castle,"杵築城,kitsuki castle,burg kitsuki,chateau de kitsuki,castel de kitsuki,castell de kitsuki,замок кіцукі,قلعه کیتسوکی"
550,https://commons.wikimedia.org/wiki/Category:Zanpa_Lighthouse,Zanpa Lighthouse,tower,"殘波岬燈塔,残波岬灯台,cape zanpa lighthouse,zanpa misaki lighthouse,zanpa lighthouse,잔파곶 등대"
567,https://commons.wikimedia.org/wiki/Category:Tatebayashi_Castle,Tatebayashi Castle,palace_castle,"館林城,尾曳城,tatebayashi castle,castillo de tatebayashi,قلعه تاته‌بایاشی,castell de tatebayashi,ടാററെബയാകഷി കാസററിൽ,chateau de tatebayashi"
575,https://commons.wikimedia.org/wiki/Category:Innoshima_Bridge,Innoshima Bridge,bridge,"ponte innoshima,因島大橋,pont innoshima,innoshima o-hashi,innoshima bridge,innoshima o-hashi,puente innoshima,puente de innoshima,innoshima-broen,innoshima-brua,因島大橋,因岛大桥,因島大橋,인노시마 대교,innoshima-brucke,جسر اينوشيما"
587,https://commons.wikimedia.org/wiki/Category:Sawayama_Castle,Sawayama Castle,palace_castle,"佐和山城,佐和山城,佐和山城,佐和山城,佐和山城跡,佐和山,佐和山の城,sawajama,hrad sawajama,chateau de sawayama,사와 산성,사와야마 성,castillo sawayama,sawayama castle,castell sawayama,castell de sawayama,佐和山城,قلعه ساوایاما,castello di sawayama"
590,https://commons.wikimedia.org/wiki/Category:%C5%8Cshiba_Bridge,Ōshiba Bridge,bridge,"大芝大橋,oshiba bridge"
613,https://commons.wikimedia.org/wiki/Category:Akita_Port_Tower_Selion,Akita Port Tower Selion,tower,"ホートタワー・セリオン,秋田ホートタワー,ホートタワーセリオン,セリオンタワー,秋田ホートタワー・セリオン,秋田市ホートタワー・セリオン,秋田市ホートタワー,セリオン,akita port tower,selion,port tower selion,秋田市港灣塔,akita port tower selion,akita port tower selion"
632,https://commons.wikimedia.org/wiki/Category:Hotta_no_saku_Castle_Ruins,Hotta no saku Castle Ruins,palace_castle,"払田柵跡,払田柵,払田柵遺跡,hotta-no-saku,hotta palisade,hotta fort,hotta-no-ki,払田柵跡"
647,https://commons.wikimedia.org/wiki/Category:Chikyu_33_Banchi,Chikyu 33 Banchi,monument_statue,"地球33番地,chikyu 33 banchi,chikyu 33 banchi,chikyu 33 banchi,chikyu 33 banchi,地球33號地"
652,https://commons.wikimedia.org/wiki/Category:Furobashi,Furobashi,bridge,"不老橋,furobashi,furobashi"
654,https://commons.wikimedia.org/wiki/Category:Komaru_Castle,Komaru Castle,palace_castle,"chateau de komaru,castel de komaru,komaru castle,小丸城"
659,https://commons.wikimedia.org/wiki/Category:Katsuren_Castle,Katsuren Castle,palace_castle,"gusuku de katsuren,gusuku katsuren,胜连城,勝連城,勝連城,勝連城,勝連城跡,kacuren gusuku,thanh katsuren,chateau de katsuren,katsuren castle,katsuren gusuku,castello katsuren,勝連城,castillo katsuren,katsuren castle,castell katsuren,istana katsuren,قلعه کاتسورن,замок кацурэн,katsuren kalesi"
663,https://commons.wikimedia.org/wiki/Category:Koshiji_Bridge,Koshiji Bridge,bridge,"koshido bridge,越路橋,koshido bridge,ခရဂျတတား"
666,https://commons.wikimedia.org/wiki/Category:Yoita_Bridge,Yoita Bridge,bridge,"与板橋,yoita bridge,yoita bridge"
677,https://commons.wikimedia.org/wiki/Category:S%C5%8Dma_Nakamura_Castle,Sōma Nakamura Castle,palace_castle,"相馬中村城,中村城,陸奥中村城,馬陵城,soma-nakamura castle,soma-nakamura castle,nakamura castle,mutsu-nakamura castle,baryo castle,burg soma-nakamura,chateau de soma nakamura,相馬中村城,castel de soma nakamura,castell de soma-nakamura,castell de nakamura"
714,https://commons.wikimedia.org/wiki/Category:Great_Seto_Bridge,Great Seto Bridge,bridge,"瀬戸大橋,seto-ohashi-brucke,great seto bridge"
755,https://commons.wikimedia.org/wiki/Category:Kameyama_Castle_(Tamba),Kameyama Castle (Tamba),palace_castle,"龟山城,龜山城,龜山城,亀山城 (丹波国),丹波亀山城,chateau de kameyama,castel de kameyama,가메야마성,가메오카 성,단바 가메야마 성,kameyama castle,龜山城,丹波龜山城,burg kameyama,قلعه کامه‌یاما,castell de kameyama,castell kameyama,ปราสาทคาเมยามะ (เกยวโต),замок камеяма"
794,https://commons.wikimedia.org/wiki/Category:Maruoka_Castle,Maruoka Castle,palace_castle,"丸冈城,丸岡城,丸岡城,castelo de maruoka,castelo maruoka,丸岡城,chateau de maruoka,castel de maruoka,chateau de kasumi,maruoka-jo,kasumi-ga-jo,замок маруока,마루오카성,maruoka castle,丸岡城,丸冈城,maruokako gaztelua,burg maruoka,maruoka castle,castello di maruoka,замок маруока,մարուոկա ամրոց,castell de maruoka,καστρο της μαρουοκα,castillo maruoka,قلعه مارويوکا,മരവോകക കാസിൽ,maruoka kalesi,zamek maruoka,kastel maruoka"
815,https://commons.wikimedia.org/wiki/Category:Former_Fukura_Lighthouse,Former Fukura Lighthouse,tower,"旧福浦灯台,former fukura lighthouse,舊福浦燈塔"
829,https://commons.wikimedia.org/wiki/Category:Kuwana_Castle,Kuwana Castle,palace_castle,"구와나성,桑名城,kuwana castle,burg kuwana,castillo de kuwana,قلعه کووانا,chateau de kuwana,castel de kuwana,castell de kuwana,καστρο της κουβανα,ασαχι-τζο,ογκι-τζο,κουβανα-τζο,grad kuvana,grad kuwana"
839,https://commons.wikimedia.org/wiki/Category:Hirose_Bridge,Hirose Bridge,bridge,"広瀬橋,長町橋,hirose bridge"
842,https://commons.wikimedia.org/wiki/Category:Sannohe_Castle,Sannohe Castle,palace_castle,"三戶城 (日本),三戸城,さんのへしょう,留ヶ崎城,国史跡三戸城跡城山公園,城山公園,sannohe castle,tomegasaki castle,shiroyama park,chateau de sannohe,三戸城,castel de mitojo"
850,https://commons.wikimedia.org/wiki/Category:Elsa_Tower_55,Elsa Tower 55,tower,"elsa tower 55,elsa tower 55,elsa tower55,エルサタワー55,elsa tower 55,elsa tower 55,elsa tower 55,엘사 타워 55,elsa tower 55,برج السا 55"
870,https://commons.wikimedia.org/wiki/Category:Taiko-bashi_(Meguro),Taiko-bashi (Meguro),bridge,"taiko bridge,taiko-brug,太鼓橋,太鼓橋 (目黒区),太鼓橋 (目黑區),taiko koprusu"
877,https://commons.wikimedia.org/wiki/Category:Kuramae_Bridge,Kuramae Bridge,bridge,"蔵前橋,藏前橋,kuramae bridge"
900,https://commons.wikimedia.org/wiki/Category:Tower_111,Tower 111,tower,"tower 111,タワー111,インテックヒル,111塔"
903,https://commons.wikimedia.org/wiki/Category:Iwabuchi_Sluice_Gate,Iwabuchi Sluice Gate,bridge,"岩淵水門,新岩淵水門,旧岩淵水門,カンフッチ,新巖淵水門,新岩淵水門,old iwabuchi sluice gates,old iwabuchi watergate,old iwabuchi sluice gates"
915,https://commons.wikimedia.org/wiki/Category:Kagoshima_Prefectural_Government_Office,Kagoshima Prefectural Government Office,tower,"kagoshima prefectural government building,鹿児島県庁舎,правительственное здание префектуры кагосима,edifici del govern prefectural de kagoshima,鹿兒島県廳舍,鹿兒島縣廳舍,مبنى حكومة محافظة كاجوشيما,鹿兒島県廳捨,鹿兒島縣廳捨"
919,https://commons.wikimedia.org/wiki/Category:Koga_Castle,Koga Castle,palace_castle,"古河城,古河御所,burg koga,koga castle,chateau de koga,castel de koga,castell de koga,koga qalʼasi"
922,https://commons.wikimedia.org/wiki/Category:JR_Central_Towers,JR Central Towers,tower,"jr central towers,jrセントラルタワース,セントラルタワース,名古屋セントラルタワース,名駅中継局,タワース,jr central office tower,jr central office tower,jr中央大廈,jr central dorreak,jr central towers,jr central towers,jr 센트럴 타워즈,jr central towers,jr central office tower,jr central towers,jr central towers,ابراج جى ار المركزيه,jr中央大厦"
940,https://commons.wikimedia.org/wiki/Category:Tamasuid%C5%8D-bashi,Tamasuidō-bashi,bridge,"多摩水道橋,tamasuido-bashi,tamasuidobashi,tamasuido-bashi,tamasuidobashi,tamasuido-bashi,tamasuido-bashi"
945,https://commons.wikimedia.org/wiki/Category:Sumidagawa_Bridge_(T%C5%8Dbu_Isesaki_Line),Sumidagawa Bridge (Tōbu Isesaki Line),bridge,"隅田川橋梁,花川戸鉄道橋,東武鉄道隅田川橋梁,東武鐵道隅田川橋樑,東武鐵道隅田川橋梁,東武鐵道隅田川橋梁,sumidagawa bridge,sumidagawa railway bridge,스미다가와 교량,스미다가와 철교,東武鐵道隅田川橋梁,pont de la riviere sumida,pont de sumidagawa,sumidagawa-kyoryo,sumidagawa-brucke"
957,https://commons.wikimedia.org/wiki/Category:Shichinohe_Castle,Shichinohe Castle,palace_castle,"七戸城,shichinohe castle,chateau de nanatojo,七戸城,castel de nanatojo,castell de shichinohe,七戶城"
979,https://commons.wikimedia.org/wiki/Category:Kameyama_Castle_(Ise),Kameyama Castle (Ise),palace_castle,"亀山城,가메야마성,이세 가메야마 성,chateau de kameyama,castel de kameyama,kameyama castle,伊勢龜山城,burg kameyama,castillo de kameyama"
996,https://commons.wikimedia.org/wiki/Category:Gold_Tower_(Japan),Gold Tower (Japan),tower,"コールトタワー,フレイハークコールトタワー,gold tower"
1010,https://commons.wikimedia.org/wiki/Category:Bandai_Bridge,Bandai Bridge,bridge,"bandai bridge,萬代橋,万代橋,萬代橋,bandai-brug,cau bandai,мост бандаи"
1013,https://commons.wikimedia.org/wiki/Category:Kawagoe_Castle,Kawagoe Castle,palace_castle,"川越城,川越城,川越城,川越城,河越城,chateau de kawagoe,castel de kawagoe,가와고에성,kawagoe castle,castillo kawagoe,川越城,河越城,burg kawagoe,قلعه کاواگويه,castello di kawagoe,castell de kawagoe,kastelo kauagoe,grad kavagoja,grad kawagoe"
1027,https://commons.wikimedia.org/wiki/Category:Mihonoseki_Lighthouse,Mihonoseki Lighthouse,tower,"美保関灯台,美保関燈台,地蔵崎灯台,地蔵埼灯台,mihonoseki lighthouse,美保關燈塔"
1043,https://commons.wikimedia.org/wiki/Category:Sakado_Castle,Sakado Castle,palace_castle,"坂戸城,坂戸山,阪戶城,坂戶城,sakado castle,坂戶城,chateau de sakadojo,坂戸城,castel de sakadojo,坂戶城,قلعه ساکادو"
1062,https://commons.wikimedia.org/wiki/Category:NTT_DoCoMo_Yoyogi_Building,NTT DoCoMo Yoyogi Building,tower,"ntt docomo yoyogi building,docomo yoyogi building,ntt docomo代代木大厦,ntt docomo代代木大廈,ntt docomo代代木大廈,nttトコモ代々木ヒル,トコモタワー,ntt docomo yoyogi building,tour ntt docomo yoyogi,ntt docomo yoyogi building,building ntt docomo yoyogi,ntt docomo yoyogi building,ntt docomo yoyogi building,ntt docomo yoyogi building,อาคารเอนททโดโคโมโยะโยะง,bangunan ntt docomo yoyogi,ntt docomo yoyogi building,ntt docomo yoyogi building,ntt docomo yoyogi building,ntt docomo yoyogi-tornet,ntt docomo代代木大厦,ntt docomo yoyogi building,ntt 도코모 요요기 빌딩,ntt docomo yoyogi building,مبنى دوكومو يويوجى,ntt docomo yoyogi building,ntt docomo yoyogi building,ntt docomo yoyogi күктишәре,ساختمان ان‌تی‌تی دوکومو یویوگی"
1068,https://commons.wikimedia.org/wiki/Category:Kanna_no_goutou,Kanna no goutou,bridge,"金名の郷頭,kanna no goutou"
1086,https://commons.wikimedia.org/wiki/Category:Tokyo_Garden_Terrace,Tokyo Garden Terrace,tower,"tokyo garden terrace kioicho,東京カーテンテラス紀尾井町,東京garden terrace紀尾井町,東京花園露台紀尾井町,도쿄 가든 테라스 기오이초,tokyo garden terrace kioicho,طوكيو غاردن تيراس كيوييتشو"
1095,https://commons.wikimedia.org/wiki/Category:Gyokuzo_Bridge,Gyokuzo Bridge,bridge,"玉蔵大橋,gyokuzo bridge,gyokuzo bridge"
1104,https://commons.wikimedia.org/wiki/Category:City_Tower_Nishi-Umeda,City Tower Nishi-Umeda,tower,"city tower nishi umeda,city tower nishi-umeda,シティタワー西梅田,city tower nishi-umeda,city tower nishi-umeda,برج المدينه نيشى اوميدا"
1121,https://commons.wikimedia.org/wiki/Category:Shiodome_City_Center,Shiodome City Center,tower,"汐留城市中心,汐留城市中心,汐留城市中心,汐留シティセンター,汐留シティーセンター,시오도메 시티센터,shiodome city center,shiodome city center,shiodome city center,shiodome city center,shiodome city center,汐留城市中心,shiodome city center,shiodome city center,shiodome city center,شيدوم سيتي سنتر,شيدوم سيتى سنتر,shiodome city center,shiodome city center,shiodome city center"
1137,https://commons.wikimedia.org/wiki/Category:Nojimazaki_Lighthouse,Nojimazaki Lighthouse,tower,"nojimasaki lighthouse,nojima saki lighthouse,nozima saki lighthouse,nojimazaki lighthouse,野島埼灯台,野島崎灯台,phare nojimazaki,vuurtoren van nojimazaki,vuurtoren van nojima saki"
1138,https://commons.wikimedia.org/wiki/Category:Sanj%C5%8D_%C5%8Chashi,Sanjō Ōhashi,bridge,"三条大桥,三條大橋,三條大橋,三条大橋,pont sanjo,sanjo ohashi,sanjo ohashi bridge,sanjo ohashi,sanjo ohashi,三條大橋,sanjo ohashi brucke,sanjo ohashi bridge, sanjo ohashi (gweta),산조오하시,most sandzo ohasi,sandzo ohasi,sandzo ohasi,sanjo ohashi,پل سانجو,sanjo ohashi-brug,sanjon silta,ponte sanjo ohashi,sanjo ohashi,ponte sanjo ohashi,三條大橋,三条大桥,साजो बरिज,sanjo ohashi koprusu"
1143,https://commons.wikimedia.org/wiki/Category:NTT_CRED_Motomachi,NTT CRED Motomachi,tower,"ntt credo motomachi building,基町クレト,nttクレト基町ヒル,ntt credo motomachi building,基町cred,基町credo,ntt credo motomachi building,motomachi cred,ntt credo motomachi building,ntt cred motomachi building"
1212,https://commons.wikimedia.org/wiki/Category:Ohnaruto_Bridge,Ohnaruto Bridge,bridge,"onaruto-brucke,onaruto bridge,pont onaruto,onaruto-kyo,ponte onaruto,大鳴門橋,오나루토교,ponte de ohnaruto,大鳴門橋,onaruto zubia,onaruto bridge,大鳴門橋,мост онаруто,كوبرى اوناروتو,puente de onaruto,most onaruto"
1216,https://commons.wikimedia.org/wiki/Category:Numazu_Castle,Numazu Castle,palace_castle,"chateau de numazu,castel de numazu,numazu castle,沼津城,castillo de numazu,castell de numazu,누마즈성"
1230,https://commons.wikimedia.org/wiki/Category:Bungo_Oka_Castle,Bungo Oka Castle,palace_castle,"冈城,岡城,岡城,岡城,竹田城,豊後岡城,豊後竹田城,오카성,분고 오카 성,岡城,oka castle,taketa castle,bungo oka castle,bungo-oka castle,bungo-taketa castle,burg oka,chateau d'oka,castel d'oka,castell d'oka,castell de taketa,ഓകകാ കാസിൽ,замок ока,castillo oka,castillo bungo oka,castillo taketa"
1231,https://commons.wikimedia.org/wiki/Category:Tsujun_Bridge,Tsujun Bridge,bridge,"通润桥,通潤橋,通潤橋,通潤橋,pont de tsujun,tsujun bridge,tsujun-kyo,通润桥,puente de tsujun,tsujun bridge,جسر تسوجون,كوبرى تسوجون"
1233,https://commons.wikimedia.org/wiki/Category:Ikina_Bridge,Ikina Bridge,bridge,"生名橋,ikina bridge,ikina-brucke"
1241,https://commons.wikimedia.org/wiki/Category:Kubota_Castle,Kubota Castle,palace_castle,"久保田城,久保田城,久保田城,久保田城,千秋公園,久保田城跡,구보타성,kubota castle,akita castle,久保田城,chateau de kubota,castel de kubota,kubota gaztelua,burg kubota,kubota castle,castillo de kubota,замок кубота,кубота (замок),قلعه کوبوتا,castell de kubota,καστρο του κουμποτα,കബോടട കാസിൽ,замок кубота,zamek kubota"
1251,https://commons.wikimedia.org/wiki/Category:Aomori_Bay_Bridge,Aomori Bay Bridge,bridge,"aomori bay bridge,아오모리 베이브리지,아오모리 베이 브리지,青森ヘイフリッシ,pont de la baie d'aomori,aomoriko badiako zubia,aomori bay bridge,青森大橋"
1267,https://commons.wikimedia.org/wiki/Category:Noda_Castle_(Settsu),Noda Castle (Settsu),palace_castle,"野田城,قلعه نودا,chateau de noda (settsu),野田城 (摂津国),castel de noda (settsu),noda castle"
1268,https://commons.wikimedia.org/wiki/Category:Kita_Bisan-Seto_Bridge,Kita Bisan-Seto Bridge,bridge,"ponte kita-bisan,北備讃瀬戸大橋,kita bisan-seto-broen,北備讚瀨戶大橋,ponte kita-bisan,kita bisan-seto bridge"
1296,https://commons.wikimedia.org/wiki/Category:K%C5%8Dya_Bridge,Kōya Bridge,bridge,"向野橋,koya bridge"
1297,https://commons.wikimedia.org/wiki/Category:Sekizaki_Lighthouse,Sekizaki Lighthouse,tower,"関埼灯台,sekizaki lighthouse,ประภาคารเซกซาก"
1300,https://commons.wikimedia.org/wiki/Category:Kurima_Bridge,Kurima Bridge,bridge,"kurima bridge,来間大橋,kurima bridge,pont kurima,kurima-ohashi,kurima-brucke,来間大橋"
1304,https://commons.wikimedia.org/wiki/Category:Makishima_Castle,Makishima Castle,palace_castle,"槇島城,填島城,槙島城,قلعه ماکی‌شیما,makishima castle,槙島城,槙島城跡,chateau de makishima,castel de makishima"
1306,https://commons.wikimedia.org/wiki/Category:Kasumigaseki_Building,Kasumigaseki Building,tower,"霞か関ヒルティンク,霞ヶ関ヒルティンク,霞か関ヒル,霞ヶ関ヒル,가스미가세키 빌딩,kasumigaseki building,kasumigaseki building,kasumigaseki building,霞關大廈,霞關大樓,kasumigaseki building,ساختمان کاسومیگاسکی,kasumigaseki binası,kasumigaseki building"
1312,https://commons.wikimedia.org/wiki/Category:Kashinozaki_Lighthouse,Kashinozaki Lighthouse,tower,"kashinosaki lighthouse,kashinosaki todai,樫野埼灯台,樫野崎灯台,樫野崎燈台,樫野埼燈台,phare de kashinosaki,kashinosaki todai,樫野埼燈塔,কাশিনোসাকি বাতিঘর"
1322,https://commons.wikimedia.org/wiki/Category:Mii_Bridge,Mii Bridge,bridge,"三井大橋,三井そよかせ橋,mii bridge,mii bridge,三井大橋"
1328,https://commons.wikimedia.org/wiki/Category:Marunouchi_Building_(2002),Marunouchi Building (2002),tower,"丸之内大厦,丸之內大廈,丸之內大廈,丸の内ヒルティンク,丸ノ内ヒル,丸ノ内ヒルティンク,丸の内ヒル,丸の内ヒルチンク,丸ヒル,batiment marunouchi,building marunouchi,immeuble marunouchi,tour marunouchi,마루노우치 빌딩,marunouchi building,marubiru,丸之内大厦,丸大厦,丸之內大廈,丸大廈,丸之內大樓,丸大樓,مبنى مارونوتشى,marunouchi binası"
1339,https://commons.wikimedia.org/wiki/Category:Gas-bashi,Gas-bashi,bridge,"カス橋,瓦斯橋,gas-bashi"
1377,https://commons.wikimedia.org/wiki/Category:Yokohama_City_Hall,Yokohama City Hall,tower,"横浜市役所,横浜市庁舎,橫濱市役所,橫濱市政府,yokohama city hall,ajuntament de yokohama"
1379,https://commons.wikimedia.org/wiki/Category:Sekiyado_Castle,Sekiyado Castle,palace_castle,"chateau de sekiyado,sekiyado castle,関宿城,關宿城,castillo de sekiyado,burg sekiyado,castell de sekiyado,καστρο του σεκιγιαντο"
1390,https://commons.wikimedia.org/wiki/Category:Shinonome_Bridge_(2015),Shinonome Bridge (2015),bridge,"shinonome bridge (2015),東雲大橋,shinonome bridge"
1402,https://commons.wikimedia.org/wiki/Category:Akashi_Port_Old_Lighthouse,Akashi Port Old Lighthouse,tower,"旧波門崎燈籠堂,akashi port old lighthouse"
1421,https://commons.wikimedia.org/wiki/Category:Yonezawa_Castle,Yonezawa Castle,palace_castle,"요네자와성,米沢城,yonezawa castle,chateau de yonezawa,burg yonezawa,米澤城,castillo de yonezawa,castelo de yonezawa,قلعه یونه‌زاوا,castell de yonezawa,hrad v jonezawe,jonezawsky hrad"
1461,https://commons.wikimedia.org/wiki/Category:The_Cenotaph_for_the_city_air-raid_victims_of_the_Pacific_War,The Cenotaph for the city air-raid victims of the Pacific War,monument_statue,"太平洋戦全国戦災都市空爆死没者慰霊塔,cenotaph for the city air-raid victims of the pacific war,the cenotaph for the city air-raid victims of the pacific war"
1472,https://commons.wikimedia.org/wiki/Category:Fujihashi_Castle,Fujihashi Castle,palace_castle,"藤橋城,西美濃フラネタリウム,fujihashi castle,nishimino planetarium,nishi mino planetarium"
1476,https://commons.wikimedia.org/wiki/Category:Shimotsui-Seto_Bridge,Shimotsui-Seto Bridge,bridge,"ponte shimotsui-seto,下津井瀬戸大橋,shimotsui-seto-broen,shimotsui-seto-brua,下津井瀨戶大橋,shimotsui-seto bridge,shimotsui-seto bridge"
1478,https://commons.wikimedia.org/wiki/Category:Hinomisaki_Lighthouse,Hinomisaki Lighthouse,tower,"出雲日御碕燈塔,出雲日御碕灯台,出雲日御碕灯台,日御碕灯台,出雲日御碕燈台,日ノ岬燈臺,izumo-hinomisaki lighthouse,izumo hino misaki lighthouse,hinomisaki lighthouse"
1481,https://commons.wikimedia.org/wiki/Category:Kanmon_Bridge,Kanmon Bridge,bridge,"ponte kanmon,关门桥,關門橋,關門橋,關門大橋,kanmon bridge,kammon-brucke,kanmon-autobahn,kanmon-brucke,kammon-autobahn,関門橋,関門自動車道,和布刈トンネル,e2a,most kanmon,most kanmonkyo,каммон,канмон,мост каммон,간몬교,សពានខានមងកយ,kanmon bridge,kanmonkyo bridge,kanmonkyo,kanmonkyo bridge,kanmonkyo,kanmonbrug,pont kanmon,kanmonkyo-broen,kanmonkyo zubia,關門橋,puente kanmon,kanmonkyo,kanmonkyo bridge,kanmonkyo bridge,كوبرى كانمون,cau kanmon,most kanmon,جسر كانمون,kanmon koprusu"
1493,https://commons.wikimedia.org/wiki/Category:Hakucho_Bridge,Hakucho Bridge,bridge,"puente hakucho,hakucho bridge,白鳥大橋,สะพานฮากโจ,pont hakucho,hakucho-broen,白鳥大橋,白鸟大桥,白鸟大桥,白鸟大桥,كوبرى هاكوتشو,하쿠초 대교"
1499,https://commons.wikimedia.org/wiki/Category:Kouri_Bridge,Kouri Bridge,bridge,"古宇利大橋,古宇利大橋,kori bridge,pont kori"
1527,https://commons.wikimedia.org/wiki/Category:Kawashima_Castle,Kawashima Castle,palace_castle,"川島城,chateau de kawashimashiro,川島城,castel de kawashimashiro,kawashima castle"
1530,https://commons.wikimedia.org/wiki/Category:AER_(Sendai),AER (Sendai),tower,"アエル,エル・ソーラ仙台,aer,aeru"
1533,https://commons.wikimedia.org/wiki/Category:Jurakudai,Jurakudai,palace_castle,"聚乐第,聚樂第,聚樂第,聚楽第,聚楽城,jurakudai,jurakutei,주라쿠다이,취락제,주라쿠 성,jurakudai,jurakutei,juraku-dai,juraku-tei,chateau de jurakudai,castel de jurakudai,聚樂第,جوراکودای,ჯურაკუდაი"
1536,https://commons.wikimedia.org/wiki/Category:Heij%C5%8D_Palace,Heijō Palace,palace_castle,"平城宫,平城宮,平城宮,平城宫,平城宫,平城宮,palacio heijo,palacio heijo,heijo-kyu,heijo-kyu,palacio imperial de nara,平城宮,平城宮跡,palac heidzo,palais heijo,헤이조궁,carska palaca u nari,carska palata u nari,palata heiđo,palaca heijo,heijo palace,heizei palace,heijokyu,heijo-kyu,nara palace,palacio heijo,palacio heijo,heijo-kyu,heijo-kyu,carska palaca u nari,heijo-kyu,heijo paleis,heijo paleis,平城宫,平城宮跡,平城宮遺跡,平城宫,palau heijo,平城宮,pałac heijo,istana heijo,کاخ هیجو,heijo sarayı,palaca heidzo,heidzo,palazzo heijo,heijo-palatset,ανακτορο χειτζο,χειτζο-κιου,ανακτορο της ναρα,παλατι της ναρα,дворец хэидзе,хэидзе-ке,heijo palace,heizei palace,heijokyu,heijo-kyu,nara palace"
1539,https://commons.wikimedia.org/wiki/Category:Koriyama_Castle_(Yamato),Koriyama Castle (Yamato),palace_castle,"郡山城,郡山城,郡山城,郡山城,大和郡山城,chateau de koriyama,castel de koriyama,koriyama-jo,고리야마성,야마토 고리야마 성,koriyama castle,yamato koriyama castle,ปราสาทโครยะมะ,castelo koriyama,郡山城,大和郡山城,burg koriyama,قلعه کوری‌یاما,castell de koriyama,castillo koriyama"
1555,https://commons.wikimedia.org/wiki/Category:Acty_Shiodome,Acty Shiodome,tower,"acty shiodome,acty shiodome,acty汐留,アクティ汐留,acty shiodome,acty shiodome,la tour shiodome,액티 시오도메,اكتى شيودومى,acty shiodome"
1563,https://commons.wikimedia.org/wiki/Category:Shimizu_Lighthouse,Shimizu Lighthouse,tower,"清水灯台,三保灯台,shimizu lighthouse,miho lighthouse,清水燈塔"
1571,https://commons.wikimedia.org/wiki/Category:Meisei_Iro_Bridge,Meisei Iro Bridge,bridge,"明正井路一号幹線一号橋,明正井路第一拱石橋,明正井路,meisei iro bridge,明正井路一號幹線一號橋"
1578,https://commons.wikimedia.org/wiki/Category:Yokosuka_Castle,Yokosuka Castle,palace_castle,"chateau de yokosuka,yokosuka castle,横須賀城,橫須賀城"
1604,https://commons.wikimedia.org/wiki/Category:%C5%8Cno_Castle_(Echizen),Ōno Castle (Echizen),palace_castle,"大野城,大野城,大野城,大野城,越前大野城,亀山公園,chateau d'echizen-ono,castel d'echizen-ono,오노성,에치젠 오노 성,ono castle,echizen ono castle,echizen-ono castle,echizen ono castle,ono castle,echizen-ono castle,castillo echizen ono,castillo kameyama,castillo ono,castillo ono,castillo echizen ono,大野城,burg ono,castello ono (echizen),castell d'echizen-ono,castell d'ono"
1617,https://commons.wikimedia.org/wiki/Category:Shomonzuka,Shomonzuka,monument_statue,"将門塚,平将門の首塚,平將門首塚,平將門的首塚,shomonzuka,masakado-zuka,somonzuka"
1618,https://commons.wikimedia.org/wiki/Category:Toyosu_Center_Building,Toyosu Center Building,tower,"toyosu center building,豊洲センターヒル,toyosu center building,toyosu center building"
1626,https://commons.wikimedia.org/wiki/Category:JR_Tower,JR Tower,tower,"jrタワー,jr tower,jr tower"
1630,https://commons.wikimedia.org/wiki/Category:Amarube_Saki_Lighthouse,Amarube Saki Lighthouse,tower,"余部埼灯台,御崎灯台,餘部埼灯台,amarubesaki lighthouse,misaki lighthouse,amarube saki lighthouse,餘部埼燈塔,余部埼燈塔,余部埼燈塔,余部埼燈塔"
1657,https://commons.wikimedia.org/wiki/Category:Izushi_Castle,Izushi Castle,palace_castle,"chateau d'izushi,izushi castle,出石城,castillo izushi,burg izushi,出石城,kastil izushi,قلعه ایزوشی"
1678,https://commons.wikimedia.org/wiki/Category:Chidorigafuchi_National_Cemetery,Chidorigafuchi National Cemetery,monument_statue,"cimetiere national de chidorigafuchi,cimetiere national de la douve de chidori,cimetiere national de la douve des pluviers,chidorigafuchi national cemetery,千鳥ケ淵戦没者墓苑,戦没者墓苑,千鳥ヶ淵戦没者墓苑,千鳥か淵戦没者墓苑,cementerio nacional de chidorigafuchi,cementerio nacional de chidorigafuchi,치도리가후치 전몰자 묘원,千鳥淵戰沒者墓苑,千鳥淵戰没者墓苑,千鳥淵戰歿者墓苑,千鳥淵戰死者墓苑,千鳥淵陣亡者墓苑,千鳥淵戰没者墓苑,千鸟渊战殁者墓苑,千鳥淵戰没者墓苑,千鸟渊战殁者墓苑,nationalfriedhof chidorigafuchi"
1681,https://commons.wikimedia.org/wiki/Category:Urban_View_Grand_Tower,Urban View Grand Tower,tower,"urban view grand tower,アーハンヒュークラントタワー,urban view grand tower"
1682,https://commons.wikimedia.org/wiki/Category:J%C5%8Dj%C5%8D_Castle,Jōjō Castle,palace_castle,"chateau de jojo,castel de jojo,burg jojo,jojo castle,上条城,조조성,上條城,jojo castle"
1685,https://commons.wikimedia.org/wiki/Category:Yoshima_Bridge,Yoshima Bridge,bridge,"与島橋,yoshima-broen,與島橋,yoshima-broen,yoshima bridge"
1712,https://commons.wikimedia.org/wiki/Category:Saigawa_Bridge,Saigawa Bridge,bridge,"犀川大橋,saigawa bridge"
1736,https://commons.wikimedia.org/wiki/Category:Momosuke_Bridge,Momosuke Bridge,bridge,"桃介橋,桃の橋,momosuke bridge,momosukebashi,momosuke-bashi,pont momosuke,momosukebashi,momosuke-bashi,momosuke-brucke"
1754,https://commons.wikimedia.org/wiki/Category:Obama_Castle_(Fukui),Obama Castle (Fukui),palace_castle,"小滨城,小濱城,小濱城,小浜城,雲浜城,chateau d'obama,chateau d'unpin,castel d'obama,오바마성,obama castle,小濱城,burg obama,castelul obama,castell d'obama"
1759,https://commons.wikimedia.org/wiki/Category:Kaminoyama_Castle,Kaminoyama Castle,palace_castle,"上山城,月岡城,chateau de kaminoyama,castel de kaminoyama,가미노야마성,kaminoyama castle,kaminoyamako gaztelua,burg kaminoyama,kaminoyama castle,castillo de kaminoyama,castell de kaminoyama"
1765,https://commons.wikimedia.org/wiki/Category:Izumi_Garden_Tower,Izumi Garden Tower,tower,"泉花园大厦,泉花園大廈,泉花園大廈,泉カーテンタワー,泉カーテン,izumi garden tower,izumi garden tower,izumi garden tower,izumi garden tower,泉花园大厦,izumi garden tower,izumi garden tower,이즈미 가든 타워,izumi garden tower,izumi garden tower,برج حديقة ايزومى,izumi garden kulesi,izumi garden tower,برج ازومي جاردن"
1770,https://commons.wikimedia.org/wiki/Category:Ginza_Mitsui_Building,Ginza Mitsui Building,tower,"銀座三井ヒルティンク,ginza mitsui building,ginza mitsui binası"
1800,https://commons.wikimedia.org/wiki/Category:Hesaki_Lighthouse,Hesaki Lighthouse,tower,"hesaki lighthouse,部埼灯台"
1821,https://commons.wikimedia.org/wiki/Category:Hagi_Castle,Hagi Castle,palace_castle,"萩城,萩城,萩城,萩城,指月公園,chateau de hagi,castel de hagi,하기성,hagi castle,castillo hagi,萩城,指月城,指月公園,burg hagi,ปราสาทฮาง,castell de hagi,lau đai hagi,قلعه هاگی,萩城,指月城,指月公園,castello di hagi,haqi qəsri,ഹാഗി കാസിൽ,hagi kalesi,замок хаги,хаги,zamek hagi"
1845,https://commons.wikimedia.org/wiki/Category:Yokkaichi_Port_Building,Yokkaichi Port Building,tower,"yokkaichi port building,yokkaichi port building,四日市港ホートヒル"
1847,https://commons.wikimedia.org/wiki/Category:Nagoya_Lucent_Tower,Nagoya Lucent Tower,tower,"名古屋ルーセントタワー,ルーセントタワー,tour nagoya lucent,nagoya lucent tower,برج ناگویا لوسنت,nagoya lucent tower,나고야 루센트 타워,名古屋朧塔大廈"
1864,https://commons.wikimedia.org/wiki/Category:Yumemai_Ohashi,Yumemai Ohashi,bridge,"夢舞大橋,yumemai bridge,كوبرى يومماى,梦舞大桥,yumemai-brucke"
1874,https://commons.wikimedia.org/wiki/Category:Tsuyama_Castle,Tsuyama Castle,palace_castle,"chateau de tsuyama,tsuyama castle,kakuzan castle,津山城,鶴山城,쓰야마성,津山城,鶴山城,burg tsuyama,tsuyamako gaztelua,castell de tsuyama,castell de tsuyama,castillo tsuyama,津山城,鶴山城,замок цуяма,цуяма,zamek tsuyama,kastel tsuyama"
1875,https://commons.wikimedia.org/wiki/Category:Kuroi_Castle,Kuroi Castle,palace_castle,"黒井城,黑井城,قلعه کوروی,kuroi castle,chateau de kuroi,castel de kuroi"
1877,https://commons.wikimedia.org/wiki/Category:Sunshine_60,Sunshine 60,tower,"sunshine 60,sunshine 60,sunshine 60,サンシャイン60,선샤인 60,sunshine 60 building,sunshine 60 building,sunshine 60,sunshine 60,ซนชายน 60,sunshine 60,sunshine 60,太阳城60,sunshine 60,sunshine 60,sunshine 60,sunshine 60,sunshine 60,sunshine 60,sunshine 60,سنشاين 60,sunshine 60"
1886,https://commons.wikimedia.org/wiki/Category:Ogaki_Castle,Ogaki Castle,palace_castle,"大垣城,大垣城,大垣城,大垣城,麋城,巨鹿城,chateau d'ogaki,herr heine has a bart,오가키성,castillo ogaki,castillo ogaki,ogaki castle,大垣城,巨鹿城,糜城,ogakiko gaztelua,burg ogaki,ogaki castle,قلعه اوگاکی,castell d'ogaki,castello di ogaki"
1894,https://commons.wikimedia.org/wiki/Category:Nagoya_Port_Building,Nagoya Port Building,tower,"名古屋港ホートヒル,名古屋海洋博物館,名古屋港口大樓,nagoya port building"
1896,https://commons.wikimedia.org/wiki/Category:Komatsu_Castle,Komatsu Castle,palace_castle,"小松城,burg komatsu,komatsu castle,chateau de komatsu,castel de komatsu"
1914,https://commons.wikimedia.org/wiki/Category:Shinminato_Bridge,Shinminato Bridge,bridge,"新湊大橋,shinminato bridge"
1916,https://commons.wikimedia.org/wiki/Category:Wakae_Castle,Wakae Castle,palace_castle,"若江城,wakae castle,chateau de wakae,若江城,若江城,若江城"
1927,https://commons.wikimedia.org/wiki/Category:St_Luke's_Garden,St Luke's Garden,tower,"st. luke's garden,st luke's garden,saint luke's garden"
1937,https://commons.wikimedia.org/wiki/Category:Shinjuku_Mitsui_Building,Shinjuku Mitsui Building,tower,"shinjuku mitsui building,shinjuku mitsui building,新宿三井ヒルティンク,shinjuku mitsui building,здание синдзюку мицуи,будівля міцуі,新宿三井大厦,shinjuku mitsui building,shinjuku mitsui building,ساختمان شینجوکو میتسویی,신주쿠 미쓰이 빌딩,shinjuku mitsui building,shinjuku mitsui building,shinjuku mitsui binası"
1940,https://commons.wikimedia.org/wiki/Category:Omaesaki_Lighthouse,Omaesaki Lighthouse,tower,"omaesaki lighthouse,御前埼燈塔,御前崎燈塔,御前埼灯台"
1947,https://commons.wikimedia.org/wiki/Category:Tamae_Bridge_(Osaka),Tamae Bridge (Osaka),bridge,"다마에교,玉江橋,tamae bridge"
1961,https://commons.wikimedia.org/wiki/Category:Naka-no-Seto_Bridge,Naka-no-Seto Bridge,bridge,"中の瀬戸大橋,naka-no-seto bridge,nakanoseto bridge"
1963,https://commons.wikimedia.org/wiki/Category:Futase_Dam,Futase Dam,bridge,"二瀬タム,二瀨水壩,futase dam,futase-damu,futase-damu,jez futase,futase toʻgʻoni"
1989,https://commons.wikimedia.org/wiki/Category:Najima_Bridge,Najima Bridge,bridge,"名島橋,なしまはし,najima bridge,名岛桥"
1993,https://commons.wikimedia.org/wiki/Category:Usuki_Stone_Buddhas,Usuki Stone Buddhas,monument_statue,"bouddhas de pierre de usuki,usuki stone buddhas,臼杵磨崖仏,臼杵石仏,budas en piedra de usuki,budas en piedra de usuki,usukiko harrizko budak,臼杵磨崖佛,臼杵石佛"
1995,https://commons.wikimedia.org/wiki/Category:Kappa_Bridge,Kappa Bridge,bridge,"河童橋,pont kappa,kappa-bashi,kappa bridge,kappa-bashi,kappa bridge"
1999,https://commons.wikimedia.org/wiki/Category:Shiizu_Castle,Shiizu Castle,palace_castle,"椎津城,shiizu castle,chateau de shizujo,椎津城,castel de shizujo"
2000,https://commons.wikimedia.org/wiki/Category:Tamon_Castle,Tamon Castle,palace_castle,"다몬산성,多聞山城,多聞城,قلعه تامونیاما,tamon'yama castle,tamonyama castle,tamon castle,chateau de tamonzan,多聞山城,castel de tamonzan"
2001,https://commons.wikimedia.org/wiki/Category:Toki_Messe,Toki Messe,tower,"toki messe,朱鹭展览馆,朱鷺展覽館,朱鷺展覽館,朱鷺メッセ,新潟コンヘンションセンター,toki messe,niigata convention center,朱鷺展覽館,توكى ميسى"
2002,https://commons.wikimedia.org/wiki/Category:Tottori_Castle,Tottori Castle,palace_castle,"鸟取城,鳥取城,鳥取城,鳥取城,久松山城,鳥取城跡,chateau de tottori,tottori-jo,돗토리성,tottori castle,kyushozan castle,castillo tottori,鳥取城,lau đai tottori,قلعه توتوری,замок тоттори,burg tottori,տոտորի ամրոց,castell de tottori,ടോടടോറി കാസിൽ,tottori-borgen,caislean tottori,grad tottori,tottori kalesi,טירת טוטורי"
2011,https://commons.wikimedia.org/wiki/Category:Kasumigaura_Bridge,Kasumigaura Bridge,bridge,"霞ヶ浦大橋,霞ヶ浦大橋有料道路,霞浦大橋,kasumigaura bridge"
2016,https://commons.wikimedia.org/wiki/Category:Tanise_Suspension_Bridge,Tanise Suspension Bridge,bridge,"谷瀬の吊り橋,谷瀬の吊橋,谷瀬橋,谷瀬大橋,tanize suspension bridge,tanize bridge,谷瀨的吊橋,谷瀨吊橋,tanize suspension bridge,puente colgante de tanize,pont suspendu de tanize"
2032,https://commons.wikimedia.org/wiki/Category:Shinfujikawa_Bridge_(Route_1),Shinfujikawa Bridge (Route 1),bridge,"新富士川橋,shinfujikawa bridge,新富士川橋"
2035,https://commons.wikimedia.org/wiki/Category:ORC200,ORC200,tower,"orc200,osaka bay tower,osaka bay tower,osaka resort city 200,osaka bay tower,osak-golfa turo,osaka bay tower,오사카 베이 타워,osaka bay tower,برج خليج اوساكا,大阪海灣塔,ওসাকা বে টাওযার"
2050,https://commons.wikimedia.org/wiki/Category:Onomichi_Bridge,Onomichi Bridge,bridge,"尾道大橋,onomichi-brucke,onomichi bridge,尾道大橋,오노미치 대교"
2057,https://commons.wikimedia.org/wiki/Category:Tatara_Bridge,Tatara Bridge,bridge,"多多罗大桥,多多羅大橋,多多羅大橋,ponte tatara,tatara-brucke,tatara ohashi,tatara ohashi,tatara bridge,多々羅大橋,cau tatara,pont de tatara,pont tatara,tatara ohashi,tatara ohashi,ტატარას ხიდი,tatara bridge,gran puente de tatara,puente tatara,puente de tatara,tatara,tatara-broen,tatarabrug,tatara-brug,tatara-broen,tatara hid,多多羅大橋,мост татара,tatara koprusu,多多罗大桥,ponte tatara,كوبرى تاتارا,tatarabron,ponte tatara,تاتارا کدل,다타라 대교"
2076,https://commons.wikimedia.org/wiki/Category:Chuo_Bridge,Chuo Bridge,bridge,"中央大橋,chuo bridge,chuo koprusu,most cuo"
2085,"https://commons.wikimedia.org/wiki/Category:Yodoya_Bridge,_Osaka","Yodoya Bridge, Osaka",bridge,"淀屋橋,yodoya bridge,yodoyabashi,yodoya-brug,淀屋橋"
2088,https://commons.wikimedia.org/wiki/Category:Hachinohe_Castle,Hachinohe Castle,palace_castle,"八户城,八戶城,八戶城,八戸城,chateau de hachinohe,castel de hachinohe,hachinohe castle,八戶城,castelo de hachinohe,castillo de hachinohe,castell de hachinohe"
2091,"https://commons.wikimedia.org/wiki/Category:Peace_Tower,_Miyazaki","Peace Tower, Miyazaki",tower,"平和の塔,八紘一宇の塔,八紘之基柱,八纮一宇塔,peace tower,hakko ichiu tower,pillar of heaven and earth,вежа міру"
2094,https://commons.wikimedia.org/wiki/Category:Maizuru_Crane_Bridge,Maizuru Crane Bridge,bridge,"舞鶴クレインフリッシ,クレインフリッシ,maizuru crane bridge,maizuru crane bridge"
2107,https://commons.wikimedia.org/wiki/Category:Tsunoshima_Lighthouse,Tsunoshima Lighthouse,tower,"tsunoshima lighthouse,角島灯台,角島燈塔"
2109,https://commons.wikimedia.org/wiki/Category:Okunoshima_Lighthouse,Okunoshima Lighthouse,tower,"大久野島灯台,okunoshima lighthouse,okunosima mayakı,phare d'okunoshima"
2122,https://commons.wikimedia.org/wiki/Category:Esaki_Lighthouse,Esaki Lighthouse,tower,"esaki lighthouse,e saki lighthouse,江埼灯台,江崎灯台,江埼燈台,江崎燈台,江埼燈塔,mercusuar esaki"
2146,https://commons.wikimedia.org/wiki/Category:Zeze_castle,Zeze castle,palace_castle,"膳所城,膳所城跡公園,zeze castle,zezejo,burg zeze,chateau de zeze,膳所城,castel de zeze,castell de zeze,膳所城,膳所城,제제성"
2150,https://commons.wikimedia.org/wiki/Category:Seto_Digital_Tower,Seto Digital Tower,tower,"瀨戶數位塔,瀬戸テシタルタワー,瀬戸タワー,fernsehturm seto,seto digital tower"
2157,https://commons.wikimedia.org/wiki/Category:Shinj%C5%8D_Castle,Shinjō Castle,palace_castle,"新庄城,shinjo castle,chateau de shinjo,burg shinjo,castillo de shinjo,castell de shinjo"
2158,https://commons.wikimedia.org/wiki/Category:Marble_Village_Lockheart_Castle,Marble Village Lockheart Castle,palace_castle,"大理石村ロックハート城,大理石村 ロックハート城,ロックハート城,大理石村鎖心城堡,大理石村鎖心城堡,大理石村lockhart城,大理石村lockheart城堡,marble village lockheart castle,lockheart castle,milton lockhart house"
2159,https://commons.wikimedia.org/wiki/Category:Chikugo_River_Lift_Bridge,Chikugo River Lift Bridge,bridge,"筑後川昇開橋,筑後川橋梁,筑後若津橋梁,pont levant de la riviere chikugo,chikugo-gawa shokaikyo,지쿠고강 승개교,chikugo river lift bridge,ponte levatoio sul fiume chikugo,chikugo river lift bridge"
2160,https://commons.wikimedia.org/wiki/Category:Komaki_Castle,Komaki Castle,palace_castle,"chateau de komakiyama,замок комакі,komakiyama castle,komaki castle,小牧山城,小牧城"
2165,https://commons.wikimedia.org/wiki/Category:Shibata_Castle,Shibata Castle,palace_castle,"新发田城,新發田城,新發田城,新発田城,시바타성,chateau de shibata,shibata castle,新發田城,burg shibata,castillo de shibata,قلعه شیباتا,castell de shibata,καστρο της σιμπατα"
2185,https://commons.wikimedia.org/wiki/Category:Yamagata_Castle,Yamagata Castle,palace_castle,"yamagata castle,yamagata-jo,chateau de yamagata,yamagata-jo,山形城,吉字城,かしょう,霞城,山形城,霞城,霞ヶ城,burg yamagata,castillo de yamagata,قلعه یاماگاتا,castell de yamagata,야마가타성,yamaqata qəsri,yamagata kalesi"
2197,https://commons.wikimedia.org/wiki/Category:Akkeshi_Bridge,Akkeshi Bridge,bridge,"厚岸大橋,akkeshi bridge"
2208,https://commons.wikimedia.org/wiki/Category:Maebashi_castle,Maebashi castle,palace_castle,"前橋城,廄橋城,前橋城,厩橋城,maebashi castle,mayabashi castle,chateau de maebashi,burg maebashi,castillo de maebashi,قلعه مايه‌باشی,castell de maebashi"
2212,https://commons.wikimedia.org/wiki/Category:Hijiyama_Bridge,Hijiyama Bridge,bridge,"比治山橋,hijiyama bridge"
2214,https://commons.wikimedia.org/wiki/Category:Tomoe_Bridge,Tomoe Bridge,bridge,"巴橋 (三次市),tomoe bridge"
2222,https://commons.wikimedia.org/wiki/Category:Kobe_Bridge,Kobe Bridge,bridge,"神戸大橋,kobe bridge,kobe bridge,神戶大橋"
2237,https://commons.wikimedia.org/wiki/Category:Nakagusuku_Castle,Nakagusuku Castle,palace_castle,"chateau de nakagusuku,nakagusuku castle,中城城,nakagusuku,naka gusuku,thanh nakagusuku,burg nakagusuku,nakagusuku-jo,nakagusuku-jo,中城城,中城城跡,中城クスク,castello naka,nakagusukun linna,nakagusuku castle,замок накагусуку,castillo nakagusuku,castell nakagusuku,նակագուսուկու ամրոց,قلعه ناکاگوسوکو,나카구스쿠성,nakagusuku kalesi"
2238,https://commons.wikimedia.org/wiki/Category:Fukushima_Castle_(Echigo),Fukushima Castle (Echigo),palace_castle,"福島城,후쿠시마성,에치고 후쿠시마 성,fukushima castle,chateau de fukushima,castel de fukushima,castell de fukushima"
2252,https://commons.wikimedia.org/wiki/Category:Chihaya_Castle,Chihaya Castle,palace_castle,"千早城,千早城,千早城,千早城,chateau de chihaya,castel de chihaya,지하야성,치하야 성,chihaya castle,castillo chihaya,castell chihaya,千早城,castelo chihaya,ചിഹായ കാസിൽ,قلعه چیهایا,grad cihaja,chihaya kalesi"
2258,https://commons.wikimedia.org/wiki/Category:Owari_Bridge,Owari Bridge,bridge,"尾張大橋,owari bridge,尾張大橋"
2275,https://commons.wikimedia.org/wiki/Category:Tsukuda_Small_Bridge,Tsukuda Small Bridge,bridge,"佃小橋,tsukuda small bridge,tsukuda small koprusu"
2281,https://commons.wikimedia.org/wiki/Category:Shinjuku_i-land_tower,Shinjuku i-land tower,tower,"新宿アイラントタワー,新宿アイラント,新宿アイラントホール,신주쿠 아이랜드타워,신주쿠 아일랜드타워,신주쿠 아일랜드,shinjuku i-land tower,shinjuku i-land,shinjuku i-land hall,新宿i-land tower,新宿island tower,shinjuku i-land kulesi,shinjuku i-land,برج شينجوكو اي لاند"
2282,https://commons.wikimedia.org/wiki/Category:Sunomata_Castle,Sunomata Castle,palace_castle,"墨俣城,墨俣一夜城,thanh sunomata,lau đai sunomata,chateau de sunomata,스노마타성,sunomata castle,sunomata ichiya castle,sunomata one night castle,墨俣城,sunomata gaztelua,castillo sunomata,sunomata castle,قلعه سونوماتا"
2292,https://commons.wikimedia.org/wiki/Category:Shin-Marunouchi_Building,Shin-Marunouchi Building,tower,"新丸之内大厦,新丸之內大廈,新丸之內大廈,新丸の内ヒルティンク,新丸ヒル,新丸の内ヒル,신마루노우치 빌딩,shin-marunouchi building,shin-marunouchi building,new-marunouchi building,shin-marubiru,بناء شين-مارونواوتشي,shin-marunouchi building,shin-marunouchi building,新丸之内大厦,新丸大厦,新丸之內大廈,新丸大廈,新丸之內大樓,新丸大樓,shin-marunouchi bygninggen,بناء شين مارونواوتشى,shin-marunouchi binası"
2303,https://commons.wikimedia.org/wiki/Category:Juso_Bridge,Juso Bridge,bridge,"十三大橋,juso bridge,juso bridge"
2329,https://commons.wikimedia.org/wiki/Category:Mefuki_Bridge,Mefuki Bridge,bridge,"芽吹大橋,mefuki ohashi bridge,mefuki bridge,메후키 대교"
2335,https://commons.wikimedia.org/wiki/Category:Gushikawa_Castle_(Itoman),Gushikawa Castle (Itoman),palace_castle,"具志川城,くしかわくすく,くしかわしょう,castel de gushikawa, itoman,gushikawa-gusuku,gushikawa-jo,gushikawa-jo,gushikawa castle,gushikawa-gusuku,gushikawa-jo,gushikawa-jo"
2345,https://commons.wikimedia.org/wiki/Category:Satamisaki_lighthouse,Satamisaki lighthouse,tower,"satamisaki lighthouse,佐多岬灯台"
2385,"https://commons.wikimedia.org/wiki/Category:India_Fountain,_Yamashita_Park","India Fountain, Yamashita Park",monument_statue,"イント水塔,india fountain, yamashita park,印度水塔"
2391,"https://commons.wikimedia.org/wiki/Category:Nipponbashi,_Osaka","Nipponbashi, Osaka",bridge,"닛폰바시,日本橋 (大阪市),nipponbashi, osaka,日本橋 (大阪市),nipponbashi (municipiul osaka)"
2400,https://commons.wikimedia.org/wiki/Category:GranTokyo,GranTokyo,tower,"クラントウキョウ,クラントウキョウノースタワー,クラントウキョウサウスタワー,grantokyo,grantokyo,grantokyo,gran tokyo,grantokyo,grantokyo,그랜 도쿄 타워,கிரான தோககியோ,grantokyo,غران طوكيو"
2414,https://commons.wikimedia.org/wiki/Category:Oasis_Hiroba_21,Oasis Hiroba 21,tower,"oasisひろは21,oasisひろは,オアシスタワー,オアシスひろは,オアシスひろは21,오아시스 히로바 21,오아시스히로바21,oasis 히로바 21,oasis히로바21,오아시스히로바 21,oasis hiroba 21"
2431,https://commons.wikimedia.org/wiki/Category:Riverk,Riverk,tower,"川崎駅前タワー・リハーク,川崎站前tower riverk,kawasaki ekimae tower riverk,chuanqi zhan qian tower riverk"
2434,https://commons.wikimedia.org/wiki/Category:Iwatsuki_Castle,Iwatsuki Castle,palace_castle,"岩槻城,岩付城,岩槻公園,岩槻城址公園,岩槻城,iwatsuki castle,burg iwatsuki,castillo de iwatsuki,chateau d'iwatsuki,castel d'iwatsuki,قلعه ایواتسوکی,castell d'iwatsuki,grad ivacuki"
2435,https://commons.wikimedia.org/wiki/Category:Belle_Demeure_Landmark_AKITA,Belle Demeure Landmark AKITA,tower,"belle demeure landmark akita,ヘルトゥムール ラントマーク秋田"
2445,https://commons.wikimedia.org/wiki/Category:Sasamuta_Bridge,Sasamuta Bridge,bridge,"若宮井路笹無田石拱橋,笹無田石拱橋,笹無田水路橋,笹無田橋,sasamuta bridge,sasamuta bridge"
2448,https://commons.wikimedia.org/wiki/Category:%C5%8Coku,Ōoku,palace_castle,"大奧,大奥,오오쿠,ooku,ooku (castelul edo)"
2476,https://commons.wikimedia.org/wiki/Category:Nagayama_Castle,Nagayama Castle,palace_castle,"永山城,日田陣屋,nagayama castle,hita jin'ya,maruyama castle,tsukikuma castle,chateau de nagayama,castel de nagayama,castell de nagayama,永山城,永山城"
2478,https://commons.wikimedia.org/wiki/Category:Anorisaki_Lighthouse_(1948),Anorisaki Lighthouse (1948),tower,
2481,https://commons.wikimedia.org/wiki/Category:Sakomoto_Castle,Sakomoto Castle,palace_castle,"坂本城,坂本城,قلعه ساکاموتو,sakamoto castle,chateau de sakamotoshiro,坂本城,castel de sakamotoshiro,sakomoto,sakamotodzo"
2492,https://commons.wikimedia.org/wiki/Category:JP_Tower_Nagoya,JP Tower Nagoya,tower,"jpタワー名古屋,jp tower名古屋,jp tower nagoya"
2505,https://commons.wikimedia.org/wiki/Category:Sasayama_Castle,Sasayama Castle,palace_castle,"筱山城,篠山城,篠山城,篠山城,篠山城跡,ささやましょう,chateau de sasayama,sasayama castle,castello di sasayama,篠山城,burg sasayama,sasayama castle,സസയാമ കാസിൽ,castillo de sasayama,사사야마성,قلعه ساسایاما"
2506,https://commons.wikimedia.org/wiki/Category:Katsura_Imperial_Villa,Katsura Imperial Villa,palace_castle,"villa imperiale de katsura,katsura rikyu,katsura imperial villa,katsura rikyu,katsura rikyuu,桂離宮,vila imperial de katsura,vila imperial de katsura,พระตาหนกคะสระ,katsura imperial villa (คทซระรคว),คทซระรคว,palaca katsura,katsura-villa,katsurarikyu,katsura-rikyu,katsura-palast,桂離宮,かつらりきゅう,katsura,vila kacura,cisarska vila kacura,villa imperiale di katsura,katsuran keisarillinen huvila,vila kekaisaran katsura,cesarska vila kacura,кацура,кацура рикю,villa imperialis katsura,katsura rikyu,katsura rikyuu,ארמון קסורה,pałac katsura"
2510,https://commons.wikimedia.org/wiki/Category:Mino_Bridge,Mino Bridge,bridge,"美濃橋,mino bridge,mino bridge"
2512,https://commons.wikimedia.org/wiki/Category:Hana-Dokei,Hana-Dokei,monument_statue,"花時計,神戸花時計,こうへ花時計,꽃시계,kobe flower clock,horloge fleurie de kobe"
2515,https://commons.wikimedia.org/wiki/Category:Fukuyama_Castle_(Bingo),Fukuyama Castle (Bingo),palace_castle,"福山城,福山城,福山城,福山城,久松城,葦陽城,chateau de fukuyama,castel de fukuyama,fukuyama-jo,후쿠야마성,빈고 후쿠야마 성,fukuyama castle,hisamatsu castle,iyo castle,castillo fukuyama,fukuyamako gaztelua,福山城,葦陽城,久松城,burg fukuyama,fukuyama castle,castell de fukuyama,ഫകയാമ കാസിൽ,福山城,久松城,葦陽城"
2540,https://commons.wikimedia.org/wiki/Category:Honj%C5%8D_Park,Honjō Park,palace_castle,"本荘城,尾崎城,鶴舞城,honjo castle,本莊城,chateau de honjo,castel de honjo,castell de honjo"
2547,https://commons.wikimedia.org/wiki/Category:Peace_Statue_(Nagasaki),Peace Statue (Nagasaki),monument_statue,"平和祈念像,和平祈念像,peace statue"
2560,https://commons.wikimedia.org/wiki/Category:Sannei-zaka,Sannei-zaka,arch_gate,"産寧坂,三年坂,three-year slope,sannen-zaka,sanneizaka,sannei-zaka,产宁坂,sannei-zaka,sanneizaka,sannen-zaka,sannenzaka,sannei-zaka,ساننزاکا,산넨자카,pente de trois ans,sannen-zaka,sannei-zaka,sannenzaka,sanneizaka"
2605,https://commons.wikimedia.org/wiki/Category:Azuchi_Castle,Azuchi Castle,palace_castle,"замок адзути,chateau d'azuchi,azuchi-jo,castel d'azuchi,azuchi castle,安土城,azuchi-jo,castelo de azuchi,castelo azuchi,thanh azuchi,lau đai azuchi,istana azuchi,아즈치성,castello di azuchi,azucsi varkastely,قلعة ازوتشي,ازوتشي جو,ازوتشي-جو,ازوشي,zamek azuchi,замок адзучі,замок адзуті,azuchin linna,castell azuchi,castell d'azuchi,安土城,castillo azuchi,kasteel azuchi,kasteel van azuchi,azuci,hrad azuci,ազուչիի դղյակ,ปราสาทอะซช,burg azuchi,قلعه ازوچی,istana azuchi,azuchi kalesi,അസചചി കാസററിൽ,azuci qəsri,καστρο του αζουτσι,აძუჩის ციხესიმაგრე"
2612,https://commons.wikimedia.org/wiki/Category:Tokyo_Shiodome_Building,Tokyo Shiodome Building,tower,"tokyo shiodome building,tokyo shiodome building,東京汐留ヒルティンク,도쿄 시오도메 빌딩,東京汐留大廈,مبنى طوكيو شيودوم,tokyo shiodome binası"
2631,https://commons.wikimedia.org/wiki/Category:Takada_Castle,Takada Castle,palace_castle,"다카다성,高田城,burg takada,takada-jo,takada castle,高田城,castillo de takada,castelul takada,chateau de takadashiro,高田城,castel de takadashiro,castell de takada"
2647,https://commons.wikimedia.org/wiki/Category:Cerulean_Tower,Cerulean Tower,tower,"cerulean tower,セルリアンタワー,세르리앙 타워,세르리앙타워,藍塔,蓝塔,蔚藍塔,東急澀谷藍塔大飯店,برج سيرولين,cerulean kulesi,برج سيروليان"
2687,https://commons.wikimedia.org/wiki/Category:Tokyo_Midtown_Hibiya,Tokyo Midtown Hibiya,tower,"東京ミットタウン日比谷,tokyo midtown hibiya,東京中城日比谷,도쿄 미드타운 히비야,طوكيو ميدتاون هيبيا,tokyo midtown hibiya"
2695,https://commons.wikimedia.org/wiki/Category:Telecom_Center_Building,Telecom Center Building,tower,"텔레컴 센터,テレコムセンター,電信中心,電信中心大樓,遠程通信中心,電訊中心,telecom center,遠端通訊中心,遠程通信中心,遠程通信中心"
2698,https://commons.wikimedia.org/wiki/Category:Amarube_railway_bridge,Amarube railway bridge,bridge,amarube railway bridge
2715,https://commons.wikimedia.org/wiki/Category:Omotesando,Omotesando,arch_gate,"omotesando,omotesando,表参道,表參道,表參道,表参道,表参道通り,اوموته‌ساندو,اوموته ساندو,اوموته ساندو,오모테산도,omotesando,omotesando,โอโมเตะซนโด,omotesando,omotesando,اوموته-ساندو,omotesando,omotesando,表參道,表参道,表參道通,omotesando,omotesando,omotesando,omotesando,omotesando,омотэсандо,омотесандо"
2736,https://commons.wikimedia.org/wiki/Category:Ikuchi_Bridge,Ikuchi Bridge,bridge,"生口橋,ikuchi-broen,生口大桥,pont ikuchi,ikuchibashi,ikuchi bridge,ikuchibashi,ikuchi-brucke,ikuchibashi,이쿠치교"
2741,https://commons.wikimedia.org/wiki/Category:Toyosato_Bridge,Toyosato Bridge,bridge,"豊里大橋,toyosato bridge"
2744,https://commons.wikimedia.org/wiki/Category:Ashizurimisaki_Lighthouse,Ashizurimisaki Lighthouse,tower,"足摺岬灯台,ashizurimisaki lighthouse,ashizuri-misaki lighthouse,cape ashizuri lighthouse,ashizuri zaki lighthouse,asizuri misaki lighthouse"
2749,https://commons.wikimedia.org/wiki/Category:Shurakuen_Daibutsu,Shurakuen Daibutsu,monument_statue,"聚楽園大仏,shurakuen daibutsu,great buddha at shurakuen,聚樂園大佛"
2797,https://commons.wikimedia.org/wiki/Category:Minakuchi_Castle,Minakuchi Castle,palace_castle,"chateau de minakuchi,castel de minakuchi,minakuchi castle,水口城,burg minakuchi,水口城,水口城,水口城"
2809,https://commons.wikimedia.org/wiki/Category:Hitoyoshi_Castle,Hitoyoshi Castle,palace_castle,"人吉城,人吉城,人吉城,人吉城,人吉城跡,히토요시성,人吉城,hitoyoshi castle,chateau de hitoyoshi,castel de hitoyoshi,burg hitoyoshi,castell de hitoyoshi,замок хітоиосі,castillo de hitoyoshi"
2819,https://commons.wikimedia.org/wiki/Category:Notojima_Bridge,Notojima Bridge,bridge,"能登島大橋,notojima bridge"
2821,https://commons.wikimedia.org/wiki/Category:Nochiseyama_Castle,Nochiseyama Castle,palace_castle,"後瀬山城,後瀨山城,nochiseyama castle,chateau de nochiseyama,castel de nochiseyama"
2823,https://commons.wikimedia.org/wiki/Category:Nagoya_Castle_(Hizen),Nagoya Castle (Hizen),palace_castle,"名护屋城,名護屋城,名護屋城,castelo de nagoya,名護屋城,나고야성,히젠 나고야 성,chateau de nagoya,castel de nagoya,nagoya castle,名護屋城,قلعه ناگویا,നഗോയ കാസിൽ,טירת נגויה,castillo de nagoya,castillo de hizen nagoya"
2843,https://commons.wikimedia.org/wiki/Category:Koshi-no-ohashi,Koshi-no-ohashi,bridge,"越の大橋,koshino ohashi bridge,koshino ohashi bridge"
2860,https://commons.wikimedia.org/wiki/Category:Ogijima_Lighthouse,Ogijima Lighthouse,tower,"男木島灯台,ogijima lighthouse,男木島燈塔"
2879,https://commons.wikimedia.org/wiki/Category:Nakatsu_Castle,Nakatsu Castle,palace_castle,"中津城,中津城,扇城,奥平家歴史資料館,nakatsu castle,museum of the okudaira,burg nakatsu,lau đai nakatsu,chateau de nakatsu,castel de nakatsu,castello di nakatsu,castell de nakatsu,καστρο της νακατσου,castillo de nakatsu,قلعه ناکاتسو"
2880,https://commons.wikimedia.org/wiki/Category:Isawa_Castle,Isawa Castle,palace_castle,"胆沢城,胆沢城跡,isawa castle,chateau d'isawa,castel d'isawa,castelo de isawa,膽澤城,قلعه ایساوا"
2884,https://commons.wikimedia.org/wiki/Category:Tamagawa_waterworks,Tamagawa waterworks,bridge,"玉川上水,tamagawa waterworks,tamagawa josui"
2887,https://commons.wikimedia.org/wiki/Category:Daishi_bridge,Daishi bridge,bridge,"大師橋,daishi bridge,daishi-bashi,daishi bridge,daishibashi,daishi bridge"
2919,https://commons.wikimedia.org/wiki/Category:The_Tower_Osaka,The Tower Osaka,tower,"the tower osaka,the tower osaka,the tower osaka,サ・タワー・オオサカ,サ・タワー大阪,サ・タワーオオサカ,サ・タワー・オーサカ,برج اوساكا"
2933,https://commons.wikimedia.org/wiki/Category:Toyama_City_Hall,Toyama City Hall,tower,"富山市役所,富山市公所,富山市政廳,toyama city hall"
2937,https://commons.wikimedia.org/wiki/Category:Dentsu_Headquarters_Building,Dentsu Headquarters Building,tower,"dentsu building,dentsu headquarters building,dentsu head office building,電通本社ヒル,カレッタ汐留,電通ヒル,dentsu building,dentsu building,電通總部大廈,電通總部大樓,電通大樓,tour dentsu,dentsu headquarters building,dentsu building,dentsu honsha biru,ساختمان دنتسو,dentsu headquarters building,dentsu building,덴쓰 빌딩,будівля денцу,dentsu binası,dentsu binası"
2973,https://commons.wikimedia.org/wiki/Category:Atago_Great_Bridge_(Japan_National_Route),Atago Great Bridge (Japan National Route),bridge,"愛宕大橋,atago great bridge,atago ohashi,愛宕大橋"
2974,https://commons.wikimedia.org/wiki/Category:Nosappumisaki_Lighthouse,Nosappumisaki Lighthouse,tower,"纳沙布岬灯塔,納沙布岬燈塔,納沙布岬燈塔,納沙布岬灯台,노삿푸미사키 등대,노삿푸 미사키 등대,nosappumisaki lighthouse,nosappu-misaki lighthouse,cape nosappu lighthouse,納沙布岬燈塔,mercusuar nosappumisaki"
2990,https://commons.wikimedia.org/wiki/Category:Port_of_Kobe_Earthquake_Memorial_Park,Port of Kobe Earthquake Memorial Park,monument_statue,"고베항 지진 메모리얼 파크,神戸港震災メモリアルハーク,port of kobe earthquake memorial park,tertremo-memoriga parko de haveno de kobeo,神戶港震災紀念公園,parc memorial du tremblement de terre du port de kobe"
3002,https://commons.wikimedia.org/wiki/Category:Akashi_Municipal_Planetarium,Akashi Municipal Planetarium,monument_statue,"明石市立天文科学館,明石天文台,明石市立天文科學館,明石市立天文科学馆,明石市立天文科學館,明石市立天文科学馆,akashi municipal planetarium,明石市立天文科学馆"
3004,https://commons.wikimedia.org/wiki/Category:Toyohama_Bridge,Toyohama Bridge,bridge,"豊浜大橋,toyohama bridge,toyohama bridge"
3039,https://commons.wikimedia.org/wiki/Category:Gifu_City_Tower_43,Gifu City Tower 43,tower,"gifu city tower 43,岐阜シティ・タワー43,gifu city tower 43,岐阜city tower43"
3045,https://commons.wikimedia.org/wiki/Category:Cornerstone_of_Peace,Cornerstone of Peace,monument_statue,"cornerstone of peace,heiwa no ishiji,pierre angulaire de la paix,heiwa no ishiji,平和の礎,grundstein des friedens,landasan perdamaian,和平之礎,حجر الزاوية للسلام,краеугольныи камень мира"
3046,https://commons.wikimedia.org/wiki/Category:Itami_Castle,Itami Castle,palace_castle,"chateau d'itami,castel d'itami,itami castle,arioka castle,伊丹城,有岡城,在岡城,قلعه ایتامی,有岡城,有岡城跡,castillo de itami,burg arioka"
3057,https://commons.wikimedia.org/wiki/Category:Sumoto_Castle,Sumoto Castle,palace_castle,"洲本城,三熊城,스모토성,sumoto castle,chateau de sumoto,قلعه سوموتو,castillo sumoto,洲本城"
3067,https://commons.wikimedia.org/wiki/Category:Shishin-den,Shishin-den,palace_castle,"shishin-den,紫宸殿,shishinden"
3100,https://commons.wikimedia.org/wiki/Category:Big-i,Big-i,tower,"big-i,big-i,ヒックアイ,モルティ,molti,郡山ヒックアイ,big-i,big-i,big-i,بیگ ای,பிக - ஐ"
3114,https://commons.wikimedia.org/wiki/Category:Sagiyama_Castle,Sagiyama Castle,palace_castle,"chateau de sagiyama,sagiyama castle,鷺山城,قلعه ساگی‌یاما,鷺山城跡"
3117,https://commons.wikimedia.org/wiki/Category:Zenigata_sunae,Zenigata sunae,monument_statue,"zenigata sunae,銭形砂絵,銭型砂絵,錢形沙繪,錢形砂繪,zenigata sunae"
3129,https://commons.wikimedia.org/wiki/Category:Ondo_Bridge,Ondo Bridge,bridge,"音戸大橋,第二音戸大橋,ondo bridge,ondo bridge"
3143,https://commons.wikimedia.org/wiki/Category:Nakijin_Castle,Nakijin Castle,palace_castle,"castillo nakijin,nakidzin gusuku,nakijin castle,nakijinin gusuku,chateau de nakijin,castello nakijin,今帰仁城,ほくさん,今帰仁城跡,gusuku de nakijin,thanh nakijin,今歸仁城,nakijin castle,castell nakijin,नाकीजिन किलला,قلعه ناکیجین,നകിജിൻ കാസിൽ,замок накидзин,burg nakijin,grad nakidzin,나키진성,nakijin qalʼasi,nakijin kalesi"
3149,https://commons.wikimedia.org/wiki/Category:Ryuozan_Castle,Ryuozan Castle,palace_castle,"龍王山城,竜王山城,ryuozan castle,chateau de dragon roi yamashiro,龍王山城,castel de dragon roi yamashiro"
3154,https://commons.wikimedia.org/wiki/Category:Takiyama_Castle_(Tokyo),Takiyama Castle (Tokyo),palace_castle,"滝山城,瀧山城,takiyama castle,chateau de takiyama,滝山城,castel de takiyama,قلعه تاکی‌یاما (توکیو)"
3172,https://commons.wikimedia.org/wiki/Category:Hish%C5%8D_Bridge,Hishō Bridge,bridge,"飛翔橋,hisho bridge,hisho bridge,pont hisho,hisho-bashi"
3174,https://commons.wikimedia.org/wiki/Category:J%C5%8Dgashima_Lighthouse,Jōgashima Lighthouse,tower,"jogashima lighthouse,joga shima light,城ヶ島灯台,城ケ島灯台,дзегасима"
3184,https://commons.wikimedia.org/wiki/Category:Mito_Castle,Mito Castle,palace_castle,"水户城,水戶城,水戶城,水戸城,미토성,замок міто,水戶城,水戸城,burg mito,mito castle,chateau de mito,mito-jo,castel de mito,castillo mito,замок мито,мито,castell de mito"
3190,https://commons.wikimedia.org/wiki/Category:Hirado_Castle,Hirado Castle,palace_castle,"平户城,平戶城,平戶城,平戸城,hirado,hrad hirado,замок хирадо,chateau de hirado,castel de hirado,히라도성,castillo hirado,castillo kameoka,castillo de hirado,hirado castle,平戶城,平戸城,burg hirado,טירת היראדו,castello di hirado,հիրադո ամրոց,castell de hirado,замок хірадо,hirado kalesi"
3251,https://commons.wikimedia.org/wiki/Category:Kaimon_Bridge,Kaimon Bridge,bridge,"海門橋,kaimon bridge,kaimon brug"
3254,https://commons.wikimedia.org/wiki/Category:Shiono_Misaki_lighthouse,Shiono Misaki lighthouse,tower,"shionomisaki lighthouse,shiono misaki todai,shiono misaki lighthouse,潮岬灯台,潮岬燈台,phare de shiono-misaki,shiono misaki todai"
3256,https://commons.wikimedia.org/wiki/Category:Sakura_Bridge_(Sumida_River),Sakura Bridge (Sumida River),bridge,"桜橋,櫻橋 (東京都),sakura bridge,sakurabashi bridge,sakura-bashi bridge,sakura bridge,pont sakura,sakura bridge,pont sakurabashi,pont sakura-bashi,sakurabashi"
3262,https://commons.wikimedia.org/wiki/Category:Senju-%C5%8Dhashi,Senju-ōhashi,bridge,"千住大橋,senju-ohashi,senju ohashi bridge,센주 대교,센주오오하시 교"
3265,https://commons.wikimedia.org/wiki/Category:Toyomibashi,Toyomibashi,bridge,"豊海橋,豐海橋,toyomibashi,toyomi koprusu"
3271,https://commons.wikimedia.org/wiki/Category:Shiriyazaki_Lighthouse,Shiriyazaki Lighthouse,tower,"shiriyazaki lighthouse,尻屋埼灯台,尻屋崎灯台,尻屋埼燈塔,siriyazaki mayakı"
3314,https://commons.wikimedia.org/wiki/Category:Heiwa_Park_Aqua_Tower,Heiwa Park Aqua Tower,tower,"平和公園アクアタワー,heiwa park aqua tower"
3323,https://commons.wikimedia.org/wiki/Category:Hachioji_Castle,Hachioji Castle,palace_castle,"chateau de hachioji,castel de hachioji,hachioji castle,八王子城,八王子城跡,八王子城,八王子城址,八王子城合戦,castillo hachioji,castillo hachioji,castelo hachioji,قلعه هاچی‌اوجی,castell de hachioji,hachioji-borgen,טירת האצ'יוג'י,하치오지성"
3361,https://commons.wikimedia.org/wiki/Category:Shirokane-sand%C5%8D_Bridge,Shirokane-sandō Bridge,bridge,"白金桟道橋,白金棧道橋,白金棧道橋,shirokane-sando bridge,shirokane-sando koprusu"
3382,https://commons.wikimedia.org/wiki/Category:Tei_Port_Movable_Bridge,Tei Port Movable Bridge,bridge,"手結港可動橋,手結港開啟橋,tei port movable bridge"
3386,https://commons.wikimedia.org/wiki/Category:Shinjuku_Center_Building,Shinjuku Center Building,tower,"新宿中心大厦,新宿中心大廈,新宿中心大廈,shinjuku center building,新宿センターヒル,신주쿠 센터 빌딩,shinjuku center building,shinjuku center building,shinjuku center building,shinjuku center building,shinjuku center building,新宿中心大厦,shinjuku center building,shinjuku center building,shinjuku center building,shinjuku center building,shinjuku center building,مبنى مركز شينجوكو,shinjuku center building,مبنى مركز شينجوكو"
3398,https://commons.wikimedia.org/wiki/Category:Grand_Prince_Hotel_Akasaka,Grand Prince Hotel Akasaka,tower,"grand prince hotel akasaka,grand prince akasaka hotel,grand prince hotel akasaka,赤坂王子酒店,赤坂王子饭店,新李王家邸,grand prince hotel akasaka,그랜드 프린스 호텔 아카사카,아카사카 프린스 호텔,赤坂フリンスホテル,赤フリ,赤坂フリンス,クラントフリンスホテル赤坂,akasaka prince hotel,grand prince hotel akasaka,แกรนดพรนซโฮเทลอากาซากะ,grand prince hotel akasaka"
3408,https://commons.wikimedia.org/wiki/Category:Utsunomiya_Tower,Utsunomiya Tower,tower,"宇都宮タワー,八幡山公園展望塔,宇都宮塔,utsunomiya tower,utsunomiya tower,torre de utsunomiya"
3426,https://commons.wikimedia.org/wiki/Category:Suijin_Great_Bridge,Suijin Great Bridge,bridge,"水神大橋,suijin ohashi bridge,suijin bridge,스이진 대교,suijin bridge"
3438,https://commons.wikimedia.org/wiki/Category:Meoto-iwa,Meoto-iwa,monument_statue,"meoto-iwa,meotoiwa,meoto iwa,meoto iwa,мэото ива,meoto iwa,meoto-iwa,rochers maries,meoto iwa,meoto-iwa,meoto iwa,夫婦岩,married couple rocks,meoto iwa,meoto iwa,meoto-iwa,夫婦岩,夫婦岩,めおといわ,meoto iwa,meoto iwa,meoto iwa,meoto iva,เมโอโตะ อวะ,μεοτο ιουα,παντρεμενο ζευγαρι βραχων,meoto iwa,meoto iwa,meoto-iwa,meoto iwa,meoto iwa,夫婦岩,meoto iwa,meoto iwa,부부암"
3458,https://commons.wikimedia.org/wiki/Category:Shintabisoko_Bridge,Shintabisoko Bridge,bridge,"新旅足橋,新旅足橋,新旅足桥,新旅足桥,新旅足桥,shintabisoko bridge"
3461,https://commons.wikimedia.org/wiki/Category:Takaoka_Daibutsu,Takaoka Daibutsu,monument_statue,"高岡大仏,高岡大佛,great buddha of takaoka,takaoka daibutsu,grand bouddha de takaoka,takaoka daibutsu"
3464,https://commons.wikimedia.org/wiki/Category:Hokkaido_Centennial_Memorial_Tower,Hokkaido Centennial Memorial Tower,tower,"北海道百年記念塔,北海道百周年記念塔,百年記念塔,tour memorial du 100e anniversaire,hyakunen kinento,centennial memorial tower,hyakunen kinento,100th anniversary memorial tower,hokkaido centennial memorial tower,torre memorial del centenari de hokkaido,北海道百年紀念塔"
3467,https://commons.wikimedia.org/wiki/Category:Yokohama_Bay_Bridge,Yokohama Bay Bridge,bridge,"横滨海湾大桥,橫濱海灣大橋,橫濱海灣大橋,横浜ヘイフリッシ,ヘイフリッシ,yokohama bay bridge,요코하마 베이브리지,요코하마 베이 브리지,요코하마 베이브릿지,요코하마 베이 브릿지,yokohama bay bridge,bay bridge,yokohama bay bridge,pont de la baie de yokohama,yokohama bay bridge,橫濱海灣大橋,橫濱港灣大橋,橫濱灣大橋,جسر خليج يوكوهاما,jokohama golfa ponto,yokohama korfez koprusu,cau vinh yokohama,yokohama bay bridge,كوبرى خليج يوكوهاما,јокохама беј бриџ,беј бриџ,puente de la bahia de yokohama,jambatan teluk yokohama,tulay ng look ng yokohama"
3472,https://commons.wikimedia.org/wiki/Category:Yoshida_Castle_(Mikawa_Province),Yoshida Castle (Mikawa Province),palace_castle,"吉田城,今橋城,豊橋城,요시다성,도요하시 성,chateau de yoshida,yoshida castle,yoshida-jo,yoshidajo,吉田城 (三河國),burg yoshida,castillo de yoshida,قلعه یوشیدا,castell de yoshida"
3481,https://commons.wikimedia.org/wiki/Category:Yamashina_Hongan-ji,Yamashina Hongan-ji,palace_castle,"山科本願寺,yamashina hongan-ji,yamashina mido,yamashina honganji,yamashina mido,山科本願寺,yamashina hongan-ji,yamashina hongan-ji,یاماشینا هونگان-جی"
3493,https://commons.wikimedia.org/wiki/Category:Hachigata_Castle,Hachigata Castle,palace_castle,"chateau de hachigata,castel de hachigata,hachigata castle,鉢形城,鉢形城,はちかたしょう,castillo hachigata,castello di hachigata,قلعه هاچیگاتا,ഹാഷിഗത കാസിൽ,하치가타성"
3494,https://commons.wikimedia.org/wiki/Category:Toba_Castle,Toba Castle,palace_castle,"鸟羽城,鳥羽城,鳥羽城,鳥羽城,toba castle,chateau de toba,鳥羽城,burg toba,castell de toba"
3507,https://commons.wikimedia.org/wiki/Category:Usui_Bridge_No._3,Usui Bridge No. 3,bridge,"碓氷第三橋梁,めかね橋,碓冰第三大橋,碓冰第三橋樑,碓冰第三橋梁,usui bridge no. 3,megane bridge"
3517,https://commons.wikimedia.org/wiki/Category:Fukuyama_Castle_(Bitchu),Fukuyama Castle (Bitchu),palace_castle,"후쿠야마성,福山城 (備中国),fukuyama castle (soja),chateau de fukuyama,castel de fukuyama,قلعه فوکویاما"
3520,https://commons.wikimedia.org/wiki/Category:Sanno_Park_Tower,Sanno Park Tower,tower,"山王公园塔,山王公園塔,山王公園塔,山王ハークタワー,sanno park tower,sanno park tower,sanno park tower,山王公园塔,sanno park tower,sanno park tower,sanno park tower,sanno park tower,산노 파크 타워,برج سانو پارک,sanno park kulesi,sanno park tower"
3526,https://commons.wikimedia.org/wiki/Category:Harimayabashi,Harimayabashi,bridge,"播磨屋橋,はりまや橋,pont harimayabashi,harimayabashi bridge,harimaya bridge,мост харимаябаси,харимаябаси,harimayabashi bridge,播磨屋橋路口"
3529,https://commons.wikimedia.org/wiki/Category:Kushima_Castle,Kushima Castle,palace_castle,"玖岛城,玖島城,玖島城,玖島城,大村城,chateau de kushima,castel de kushima,kushima castle,omura castle,omura castle,玖島城,大村城,castillo kushima,قلعه کوشیما,castell de kushima,castell d'omura,замок кусіма,kastil kushima"
3536,https://commons.wikimedia.org/wiki/Category:Hisho_(Meieki),Hisho (Meieki),monument_statue,"飛翔,hisho"
3556,https://commons.wikimedia.org/wiki/Category:Megami_Bridge,Megami Bridge,bridge,"女神大橋,女神大桥,megami bridge"
3570,https://commons.wikimedia.org/wiki/Category:Kannonji_Castle,Kannonji Castle,palace_castle,"chateau de kannonji,castel de kannonji,kannonji castle,觀音寺城,kannonji gaztelua,kannonji gaztelua,観音寺城,かんのんししょう,castillo kannonji,kannonji castle,قلعه کاننونجی,കണണോൻജി കാസിൽ,간논지성"
3581,https://commons.wikimedia.org/wiki/Category:Aki_Castle,Aki Castle,palace_castle,"安芸城,安芸土居,安芸城跡,aki castle,chateau d'aki,castel d'aki"
3601,https://commons.wikimedia.org/wiki/Category:Matsumae_Castle,Matsumae Castle,palace_castle,"松前城,松前城,松前城,松前城,福山城,福山城跡,macumae,hrad macumae,zamek matsumae,chateau de matsumae,castel de matsumae,chateau de fukuyama,matsumae-jo,fukuyama-jo,마쓰마에성,matsumae castle,fukuyama castle,松前城,福山城,замок мацумаэ,matsumaeko gaztelua,замок мацумае,matsumae castle,burg matsumae,matsumae qəsri,matsumae kalesi,castell de matsumae,castillo de matsumae,castillo fukuyama,castello di matsumae"
3602,https://commons.wikimedia.org/wiki/Category:Sakurada-mon,Sakurada-mon,arch_gate,"樱田门,櫻田門,櫻田門,桜田門,사쿠라다문,사쿠라다몬,櫻田門,sakurada-mon,sakuradamon,sakurada gate,ворота сакурада,сакурада-мон,ประตซากราดะ,सकराडा दरवाजा,sakurada-mon,porta sakurada,ворота сакурада,porte de sakurada,portao sakurada,دروازه ساکورادا"
3604,https://commons.wikimedia.org/wiki/Category:Utsumi_Bridge,Utsumi Bridge,bridge,"内海大橋,utsumi bridge"
3609,https://commons.wikimedia.org/wiki/Category:Matsusaka_Castle,Matsusaka Castle,palace_castle,"松坂城,松坂城,松坂城,松坂城,松阪城,松阪公園,chateau de matsusaka,castel de matsusaka,chateau de matsuzaka,matsusaka castle,松坂城,松阪城,castillo de matsusaka,마쓰사카성"
3614,https://commons.wikimedia.org/wiki/Category:Ichinotogawa_Bridge,Ichinotogawa Bridge,bridge,"一ノ戸川橋梁,ichinotogawa bridge,ichinotogawa-brug,一之戶川橋樑,一之戶川橋梁"
3616,https://commons.wikimedia.org/wiki/Category:Wakato_Bridge,Wakato Bridge,bridge,"wakato bridge,若戸大橋,若戶大橋,와카토 대교,جسر واكاتو"
3623,https://commons.wikimedia.org/wiki/Category:Osaka_World_Trade_Center_Building,Osaka World Trade Center Building,tower,"osaka world trade center,大阪府咲洲庁舎,大阪wtcタワー,wtcコスモタワー,大阪世界貿易センターヒルティンク,大阪世界貿易センターヒル,大阪wtcヒル,大阪ワールトトレートセンターヒル,大阪ワールトトレートセンターヒルティンク,大阪wtcヒルティンク,さきしまコスモタワー,コスモタワー,osaka world trade center,trung tam thuong mai the gioi osaka,osaka wtc building,osaka world trade center building,오사카부 사키시마청사,오사카 월드 트레이드 센터,wtc 코스모타워,코스모 타워,코스모타워,wtc 코스모 타워,osaka world trade center,batiment sakishima du gouvernement de la prefecture d'osaka,osaka prefectural government sakishima building,sakishima cosmo tower,osaka world trade center building,cosmo tower,osaka prefectural government sakishima building,всесвітніи торговии центр осаки,sakishima-gebouw,osaka prefekturs sakishima-byggnad,osaka world trade center,osaka world trade center,cosmo tower,osaka prefeturako gobernuaren sakishima eraikina,اوساکا ورلڈ ٹریڈ سینٹر بلڈنگ,大阪府咲洲廳舍,大阪府咲洲大樓,اوساکا نړیوال سوداګریز مرکز ودانۍ,咲洲厅舍展望台,cosmo kulesi,osaka prefectural government sakishima building,مبنى ساكيشيما التابع لحكومة محافظة اوساكا,大阪府咲洲廳捨,edifici sakishima del govern de la prefectura d'osaka"
3677,https://commons.wikimedia.org/wiki/Category:Murakami_Castle,Murakami Castle,palace_castle,"村上城,burg murakami,murakami castle,castillo de murakami,村上城,chateau de murakami,castel de murakami,castell de murakami,καστρο του μουρακαμι,μαιζουρου-τζο,μουρακαμι-τζο,قلعه موراکامی"
3683,https://commons.wikimedia.org/wiki/Category:Tsuchiura_Castle,Tsuchiura Castle,palace_castle,"土浦城,亀城,tsuchiura castle,burg tsuchiura,castillo de tsuchiura,chateau de tsuchiura,土浦城,castel de tsuchiura,καστρο της τσουτσιουρα,κι-τζο"
3711,https://commons.wikimedia.org/wiki/Category:Goryokaku_Tower,Goryokaku Tower,tower,"五稜郭タワー,五稜郭タワー「五稜郭歴史回廊」,五稜郭歴史回廊,goryokaku tower,goryokaku tower,tour goryokaku,tour goryokaku,goryokaku tower,goryokaku tower,goryokaku tower,五稜郭塔,고료카쿠 타워"
3742,https://commons.wikimedia.org/wiki/Category:Tsunomure_Castle,Tsunomure Castle,palace_castle,"角牟礼城,tsunomure castle,chateau de coin mure,角牟礼城,castel de coin mure"
3747,https://commons.wikimedia.org/wiki/Category:Naniwa_Bridge,Naniwa Bridge,bridge,"難波橋,ライオン橋,なにわ橋,浪華橋,naniwa bridge,难波桥,naniwa bridge"
3772,https://commons.wikimedia.org/wiki/Category:Kujira_Bridge,Kujira Bridge,bridge,"くしら橋,kujira bridge,kujira-bashi"
3803,https://commons.wikimedia.org/wiki/Category:Kamuriki_Bridge,Kamuriki Bridge,bridge,"冠着橋,kamuriki bridge"
3811,https://commons.wikimedia.org/wiki/Category:Nagara_Bridge,Nagara Bridge,bridge,"長良橋,明七橋,nagara bridge,长良桥"
3815,https://commons.wikimedia.org/wiki/Category:Mibu_Castle,Mibu Castle,palace_castle,"壬生城,mibu castle,castillo de mibu,chateau de mibu,castel de mibu,castell de mibu"
3827,https://commons.wikimedia.org/wiki/Category:Kurushima-Kaikyo_Bridge,Kurushima-Kaikyo Bridge,bridge,"来岛海峡大桥,來島海峽大橋,來島海峽大橋,ponte kurushima-kaikyo,terceira ponte kurushima-kaikyo,segunda ponte kurushima-kaikyo,来島海峡大橋,pont du detroit de kurushima,pont de kurushima-kaikyo,ponts du detroit de kurushima,gran puente del estrecho de kurushima,kurushima-kaikyo bridge,kurushima-kaikyo-broerne,kurushima-kaikyo-broene,kurushima kaikyo-broene,來島海峽大橋,мост курусима-каике,міст курусіма-каикьо,구루시마 해협 대교"
3835,https://commons.wikimedia.org/wiki/Category:Shinryu_Bridge,Shinryu Bridge,bridge,"神龍橋,shinryu bridge"
3843,https://commons.wikimedia.org/wiki/Category:Hachinohe_Bridge,Hachinohe Bridge,bridge,"하치노헤 대교,八戸大橋,hachinohe bridge,hachinohe bridge"
3862,https://commons.wikimedia.org/wiki/Category:Owl_Tower,Owl Tower,tower,"アウルタワー,owl tower,torre da coruja,torre del buho,torre del buho,torre del mussol,owl tower,貓頭鷹塔,owl tower,owl kulesi,아울타워"
3890,https://commons.wikimedia.org/wiki/Category:Tokunoyamahattoku_Bridge,Tokunoyamahattoku Bridge,bridge,"徳之山八徳橋,八徳橋,tokunoyamahattoku bridge"
3915,https://commons.wikimedia.org/wiki/Category:Yoshinogawa_Bridge,Yoshinogawa Bridge,bridge,"吉野川橋梁 (近鉄吉野線),近鉄吉野線吉野川橋梁,吉野川鐵橋 (近鐵吉野線),吉野川橋樑 (近鐵吉野線),yoshinogawa bridge"
3916,https://commons.wikimedia.org/wiki/Category:Aigi_Bridge,Aigi Bridge,bridge,"aigi bridge,愛岐大橋,аиги (мост),愛岐大橋"
3923,https://commons.wikimedia.org/wiki/Category:Nakanoshima_Mitsui_Building,Nakanoshima Mitsui Building,tower,"nakanoshima mitsui building,中之島三井ヒルティンク,nakanoshima mitsui building,나카노시마 미쓰이 빌딩"
3925,https://commons.wikimedia.org/wiki/Category:Inagi-%C5%8Dhashi,Inagi-ōhashi,bridge,"稲城大橋,稲城大橋有料道路,inagi bridge,inagi ohashi,inagi-ohashi,inagi-ohashi,inagi ohashi,稻城大橋,inagi bridge"
3928,https://commons.wikimedia.org/wiki/Category:Daiosaki_Lighthouse,Daiosaki Lighthouse,tower,"大王埼灯台,大王崎灯台,daiosaki lighthouse,daiozaki lighthouse,daio-saki lighthouse,daio saki lighthouse,daiozaki lighthouse,大王埼燈塔"
3941,https://commons.wikimedia.org/wiki/Category:Kagoshima_Castle,Kagoshima Castle,palace_castle,"鹿儿岛城,鹿兒島城,鹿兒島城,鹿児島城,鶴丸城,鹿児島城跡,chateau de kagoshima,kagoshimajo,chateau de kagoshima,kagoshima-jo,kagoshima-jo,kagoshimajo,castel de kagoshima,가고시마성,kagoshima castle,tsurumaru castle,castillo kagoshima,lau đai kagoshima,鹿兒島城,鶴丸城,замак кагосіма,καστρο της καγκοσιμα,burg kagoshima,ארמון קגושימה,замак кагосіма,zamek kagoshima,قلعه کاگوشیما,castell de kagoshima,കഗോഷിമ കാസിൽ,grad kagosima,замок кагошіма,kagoshima gaztelua"
3951,https://commons.wikimedia.org/wiki/Category:Takamatsu_Harbor_Tamamo_Pier_Lighthouse,Takamatsu Harbor Tamamo Pier Lighthouse,tower,"高松港玉藻防波堤灯台,せとしるへ,高松港赤灯台,玉藻防波堤灯台,赤灯台,takamatsu harbor tamamo pier lighthouse,takamatsu port tamamo breakwater lighthouse,seto shirube,setoshirube,red lighthouse"
3976,https://commons.wikimedia.org/wiki/Category:Naoshima_Bath,Naoshima Bath,monument_statue,"直島銭湯「i♥湯」,i♥湯,直島銭湯“i ♥ 湯”,直島銭湯,あいらふゆ,アイラフ湯,maison de bain de naoshima « i ♥ yu »,naoshima sento « i ♥ yu »,naoshima bath ""i♥湯"",naoshima sento ""i ♥ yu"",naoshima bathhouse ""i ♥ yu"""
3986,https://commons.wikimedia.org/wiki/Category:SOLA%C3%89,SOLAÉ,tower,"solae,solae,solae,solae,solae,solae,solae,solae,solae,solae,solae"
3991,https://commons.wikimedia.org/wiki/Category:Hitsuishijima_Bridge,Hitsuishijima Bridge,bridge,"櫃石島橋,hitsuishijima-broen,hitsuishijima bridge"
4018,https://commons.wikimedia.org/wiki/Category:Urado_Bridge,Urado Bridge,bridge,"浦戸大橋,urato bridge,urado-brucke,urato bridge"
4038,https://commons.wikimedia.org/wiki/Category:Shimotsui_Castle,Shimotsui Castle,palace_castle,"下津井城,chateau shimotsui,shimotsui castle"
4044,"https://commons.wikimedia.org/wiki/Category:Hachiman_Bridge_(Koto,_Tokyo)","Hachiman Bridge (Koto, Tokyo)",bridge,"八幡橋,元弾正橋,hachiman bridge (koto, tokyo),hachiman bridge (koto, tokyo)"
4050,https://commons.wikimedia.org/wiki/Category:Twin_Arch_138,Twin Arch 138,tower,"ツインアーチ138,138タワーハーク,twin arch 138"
4089,https://commons.wikimedia.org/wiki/Category:Irago_Lighthouse,Irago Lighthouse,tower,"伊良湖岬灯台,irago lighthouse,irago misaki lighthouse,irago-misaki toudai"
4095,https://commons.wikimedia.org/wiki/Category:Rinku_Gate_Tower_Building,Rinku Gate Tower Building,tower,"rinku gate tower building,sisりんくうタワー,りんくうケートタワー,りんくうケートタワーヒル,rinku gate tower,rinku gate tower,sis rinku tower,rinku gate tower building,rinku gate tower,rinku gate tower building,rinku gate tower,อาคารรงกเกททาวเวอร,รงกเกททาวเวอรบวดง,rinku gate tower building,вежа рінку ґеит,rinku gate tower,린쿠 게이트 타워 빌딩,臨空門大廈,rinku gate tower,rinku gate tower,رنکو گيټ ټاور بلډنگ,رنکو گیٹ ٹاور بلڈنگ,rinku gate tower building,rinku gate tower building,rinku gate tower,rinku gate tower building,مبنى برج رينكو جيت,برج رینکو گیت,rinku gate tower"
4108,https://commons.wikimedia.org/wiki/Category:Horikawa_Aqueduct,Horikawa Aqueduct,bridge,"horikawa aqueduct,堀川用水,호리카와 용수"
4112,https://commons.wikimedia.org/wiki/Category:Engetsu_Island,Engetsu Island,arch_gate,"engetsu island,takashima,円月島,高嶋,高島,engetsu,engetsu-to,ile engetsu,engetsu island,高島,engetsu,pulau engetsu,энгецу,engecu insulo,tsibirin engetsu"
4169,"https://commons.wikimedia.org/wiki/Category:Toki_no_Kane_(Kawagoe,_Saitama)","Toki no Kane (Kawagoe, Saitama)",tower,"時の鐘,cloche de l'heure,time bell tower,toki no kane,鐘樓 (川越市),도키노 가네,thap chuong thoi gian,glockenturm (kawagoe)"
4170,https://commons.wikimedia.org/wiki/Category:Megane-bashi_of_Isahaya,Megane-bashi of Isahaya,bridge,"眼鏡橋,眼鏡橋,諫早眼鏡橋,megane-bashi of isahaya,眼鏡橋,諫早眼鏡橋,眼镜桥,megane-bashi of isahaya"
4182,https://commons.wikimedia.org/wiki/Category:Goryokaku,Goryokaku,palace_castle,"goryokaku,五棱郭,五稜郭,五稜郭,fortikajo goryokaku,fortreso goryokaku,goryokaku,goryokaku,五稜郭,亀田役所土塁,五稜郭公園,柳野城,五稜郭跡,goryokaku,五棱郭,goryokaku,고료카쿠,고료가쿠 코엔,castillo goryokaku,castillo goryokaku,goryokaku,п'ятибастіонна фортеця,ґорьокаку,goryokaku,горекаку,五稜郭,五稜郭公園,龟田役所土垒,柳野城,五稜郭城,五棱郭,龜田役所土壘,五棱郭塔,箱馆战争,五稜郭塔,奉行馆,五棱郭公园,goryokaku,goryokaku gotorlekua,goryokaku,goryokaku,goryokaku,goryokaku,โกเรยวกาก,castell goryokaku,گوریوکاکو,γκοριοκακου,goryokaku,מבצר גוריוקאקו,五棱郭,goryokaku"
4185,https://commons.wikimedia.org/wiki/Category:Meiko-Chuo_Bridge,Meiko-Chuo Bridge,bridge,"名港中央大橋,名港中央大桥,메이코 중앙대교,meiko-chuo bridge"
4191,https://commons.wikimedia.org/wiki/Category:Kasugayama_Castle,Kasugayama Castle,palace_castle,"春日山城,春日山城,春日山城,春日山城,蜂ヶ峰城,kasugayama gaztelua,가스가산성,가스가야마 성,chateau de kasugayama,castel de kasugayama,castillo kasugayama,castillo kagusayama,kasugayama castle,castell de kasugayama,春日山城,kasugayama castle,castello di kasugayama,قلعه کاسوگایاما,കസഗയാമ കാസിൽ"
4200,https://commons.wikimedia.org/wiki/Category:Numata_Castle,Numata Castle,palace_castle,"沼田城,numata castle,chateau de numata,burg numata,castillo de numata,قلعه نوماتا,castell de numata,καστρο της νουματα,κουραουτσι-τζο,νουματα-τζο"
4207,https://commons.wikimedia.org/wiki/Category:Saga_Castle,Saga Castle,palace_castle,"佐贺城,佐賀城,佐賀城,佐賀城,佐嘉城,chateau de saga,saga-jo,사가성,saga castle,saga-jo,castillo saga,佐賀城,sagako gaztelua,burg saga,saga castle,قلعه ساگا,castell de saga,സാഗ കാസിൽ,טירת סאגה,castello di saga"
4225,https://commons.wikimedia.org/wiki/Category:Beppu_Tower,Beppu Tower,tower,"tour de beppu,tour de beppu,beppu tower,beppu tower,別府タワー,観光センターテレヒ塔,torre de beppu,torre de beppu,beppu tower,別府塔,برج بيبو,bepujski stolp,벳푸 타워"
4245,https://commons.wikimedia.org/wiki/Category:Yodo_castle,Yodo castle,palace_castle,"淀城,yodo castle,burg yodo,castillo de yodo,chateau de yodojo,castel de yodojo,castell de yodo,castell yodo"
4252,https://commons.wikimedia.org/wiki/Category:Gassan_Toda_Castle,Gassan Toda Castle,palace_castle,"月山富田城,月山富田城,月山富田城,月山富田城,富田城,月山城,도다 성,갓산 도다 성,갓산토다 성,chateau de gassantoda,castel de gassantoda,gassantoda castle,gassan toda castle,toda castle,gassan castle,castillo de gassantoda,castillo de gassan toda,gassantoda castle,月山富田城,富田月山城,月山城,قلعه کاسانتودا,castello di gassantoda,castell gassantoda,castell gassan toda,castell de gassantoda,castell de gassan toda,ഗസസനറോട കാസിൽ,gassantodadzo,gassantoda,hrad gassantoda"
4263,https://commons.wikimedia.org/wiki/Category:Nagaoka_Castle,Nagaoka Castle,palace_castle,"長岡城,burg nagaoka,nagaoka castle,長岡城,chateau de nagaoka,castel de nagaoka,castell de nagaoka"
4274,https://commons.wikimedia.org/wiki/Category:Sky_Tower_41,Sky Tower 41,tower,"sky tower 41,スカイタワー41,sky tower 41,sky tower 41,스카이 타워 41,برج سكاى 41,sky tower 41"
4292,https://commons.wikimedia.org/wiki/Category:Rokug%C5%8D_Bridge,Rokugō Bridge,bridge,"六郷橋,六郷大橋,六鄉橋,rokugo bridge"
4325,"https://commons.wikimedia.org/wiki/Category:Former_water_tower_(Tsubame,_Niigata)","Former water tower (Tsubame, Niigata)",tower,"燕市旧浄水場配水塔,水道の塔,former water tower"
4331,https://commons.wikimedia.org/wiki/Category:Koizumi_Castle_(Kozuke),Koizumi Castle (Kozuke),palace_castle,"小泉城,城之内公園,富岡城,koizumi castle,shironouchi park,chateau de koizumi,castel de koizumi"
4334,https://commons.wikimedia.org/wiki/Category:Sh%C5%8Dry%C5%ABji_Castle,Shōryūji Castle,palace_castle,"chateau de shoryuji,shoryuji castle,shenglong temple city,勝竜寺城,勝龍寺城,勝龍寺城,胜龙寺城公园,勝龍寺城跡,勝龍寺城公園,胜龙寺城公园,قلعه شوریوجی,胜龙寺城公园,kasteel shoryuji,shoryuji castle"
4338,https://commons.wikimedia.org/wiki/Category:Keijo_Park,Keijo Park,palace_castle,"大館城,桂城公園,odate castle,keijo park,chateau d'odate,castel d'odate,keijo koen"
4354,https://commons.wikimedia.org/wiki/Category:Uji_Bridge,Uji Bridge,bridge,"宇治橋,uji bridge,uji-bashi,宇治桥,pont uji"
4366,https://commons.wikimedia.org/wiki/Category:Saru-hashi,Saru-hashi,bridge,"обезьянии мост,猿橋,甲斐の猿橋,мавпячии міст,сарухасі,saruhashi bridge,saruhashi,saru-hashi,monkey bridge,saruhashi,saruhashi bridge,γεφυρα σαρουχασι,saru-brucke"
4371,https://commons.wikimedia.org/wiki/Category:Nihon-ji_Daibutsu,Nihon-ji Daibutsu,monument_statue,"日本寺大仏,日本寺大佛,nihon-ji daibutsu,nihon-ji daibutsu,grand bouddha du temple nihon,nihon-ji daibutsu"
4386,https://commons.wikimedia.org/wiki/Category:Tsukuda_Bridge,Tsukuda Bridge,bridge,"佃大橋,tsukuda bridge,tsukuda koprusu"
4397,"https://commons.wikimedia.org/wiki/Category:Turkish_Memorial_and_Museum_(Kushimoto,_Japan)","Turkish Memorial and Museum (Kushimoto, Japan)",monument_statue,"トルコ記念館,튀르키예 기념관,kushimoto turkish memorial and museum,toruko kinenkan,turkish memorial museum,memorial et musee turcs de kushimoto,toruko kinenkan,ertugrul fırkateyni sehitleri anıtı ve muzesi,турецкии мемориал и музеи в кусимото,турецькии меморіал і музеи у кусімото,土耳其紀念館,متحف ونصب كوشيموتو التذكاري التركي"
4432,https://commons.wikimedia.org/wiki/Category:Saih%C5%8D-ji_(Kyoto),Saihō-ji (Kyoto),monument_statue,"saihouji,saiho-ji"
4445,https://commons.wikimedia.org/wiki/Category:Hakata-Oshima_Bridge,Hakata-Oshima Bridge,bridge,"伯方・大島大橋,hakata-oshima bridge,hakata-oshima ohashi,gran puente hakata-oshima,gran puente hakata-oshima,gran puente hakata-ooshima,gran puente hakata oshima,gran puente hakata oshima,gran puente hakata ooshima,hakata-ohshima-broene,oshima-broen,hakata-broen,hakata-ohshima-broen,伯方·大島大橋,伯方·大岛大桥,pont hakata–oshima,hakata-oshima ohashi,伯方-大島大橋,伯方·大岛大桥,伯方·大岛大桥"
4453,https://commons.wikimedia.org/wiki/Category:Uto_Castle,Uto Castle,palace_castle,"宇土城,宇土城,宇土城,宇土城,宇土城,宇土城,宇土城,宇土城,chateau d'uto,uto-jo,castel d'udo,宇土城跡,uto castle,uto-jo"
4460,https://commons.wikimedia.org/wiki/Category:Moto-Hakone_sekibutsu,Moto-Hakone sekibutsu,monument_statue,"元箱根石仏群,bouddhas en pierre de moto-hakone,moto-hakone stone buddhas,မတ - ဟခန ကျောကဆငးတဗဒဓရပပားတောများ"
4465,https://commons.wikimedia.org/wiki/Category:Toyama_Bridge,Toyama Bridge,bridge,"富山大橋,富山大橋 (2代目),toyama bridge,toyama bridge"
4474,https://commons.wikimedia.org/wiki/Category:Heian_Palace,Heian Palace,palace_castle,"平安宮,heian palace,palatul heian"
4484,https://commons.wikimedia.org/wiki/Category:Kiyama_Castle_(Sanuki),Kiyama Castle (Sanuki),palace_castle,"kiyama castle,城山城"
4501,https://commons.wikimedia.org/wiki/Category:Toranomon_Hills,Toranomon Hills,tower,"虎之门之丘,toranomon hills,虎ノ門ヒルス,toranomon hills,도라노몬 힐스,toranomon hills,toranomon hills,toranomon hills,toranomon hills,toranomon hills,تورانومون هیلز,تلال تورانومون,toranomon hills,toranomon hills,تورانومون هيلز"
4518,https://commons.wikimedia.org/wiki/Category:Aikawa_Bridge,Aikawa Bridge,bridge,"藍川橋,aikawa bridge"
4530,https://commons.wikimedia.org/wiki/Category:Kanjyozan_Castle,Kanjyozan Castle,palace_castle,"感状山城,kanjosan castle,kanjozan castle,간조 산성,chateau de kanjyozan,castel de kanjyozan,قلعه کانجوسان"
4586,https://commons.wikimedia.org/wiki/Category:Najima_Castle,Najima Castle,palace_castle,"chateau de najima,castel de najima,najima castle,名島城,قلعه ناجیما,castell de najima"
4592,https://commons.wikimedia.org/wiki/Category:Aratsu_Bridge,Aratsu Bridge,bridge,"荒津大橋,あらつおおはし,aratsu bridge,jembatan aratsu,荒津大橋"
4618,https://commons.wikimedia.org/wiki/Category:Tochio_Castle,Tochio Castle,palace_castle,"栃尾城,tochio castle,chateau de tochioshiro,castel de tochioshiro,قلعه توچیو,قلعة توتشيو"
4647,https://commons.wikimedia.org/wiki/Category:Midland_Square,Midland Square,tower,"midland square,ミットラントスクエア,midland square (municipiul nagoya)"
4672,https://commons.wikimedia.org/wiki/Category:Tokushima_Castle,Tokushima Castle,palace_castle,"德岛城,德島城,德島城,徳島城,渭津城,도쿠시마성,tokushima castle,tokushima-jo,德島城,徳島城,burg tokushima,chateau de tokushima,tokushima-jo,castell de tokushima,ടോകഷിമ കാസിൽ,castillo de tokushima"
4679,https://commons.wikimedia.org/wiki/Category:Grand_Front_Osaka_Owner's_Tower,Grand Front Osaka Owner's Tower,tower,"クランフロント大阪オーナースタワー,grand front osaka owners tower,grand front osaka owner's tower"
4689,https://commons.wikimedia.org/wiki/Category:Taushubetsu_Bridge,Taushubetsu Bridge,bridge,"タウシュヘツ橋梁,タウシュヘツ川橋梁,taushubetsu bridge,多牛別川橋梁,pont taushubetsu,pont fantome"
4694,https://commons.wikimedia.org/wiki/Category:Ishigakiyama_Castle,Ishigakiyama Castle,palace_castle,"石垣山城,石垣山城,石垣山城,石垣山城,石垣山一夜城,이시가키산성,石垣山城,石垣山一夜城,ishigakiyama castle,chateau d'ishigakiyama,castel d'ishigakiyama,قلعه ایشیگاکی‌یاما ایچی‌یا"
4696,https://commons.wikimedia.org/wiki/Category:Himeyuri_Cenotaph,Himeyuri Cenotaph,monument_statue,"ひめゆりの塔,himeyuri cenotaph,turnul himeyuri"
4700,https://commons.wikimedia.org/wiki/Category:Tatsumi-sakura_Bridge,Tatsumi-sakura Bridge,bridge,"辰巳桜橋,tatsumi-sakura bridge"
4701,https://commons.wikimedia.org/wiki/Category:Matsukura_Castle_(Etchu),Matsukura Castle (Etchu),palace_castle,"松倉城,越中松倉城,마쓰쿠라성,엣추 마쓰쿠라 성,chateau de matsukura,castel de matsukura,matsukura castle,castello di matsukura,قلعه ماتسوکورا"
4703,https://commons.wikimedia.org/wiki/Category:Shinjuku_Sumitomo_Building,Shinjuku Sumitomo Building,tower,"新宿住友大厦,新宿住友大廈,新宿住友大廈,新宿住友ヒルティンク,三角ヒル,新宿住友ヒル,신주쿠 스미토모 빌딩,shinjuku sumitomo building,shinjuku sumitomo building,shinjuku sumitomo building,shinjuku sumitomo building,新宿住友大厦,shinjuku sumitomo building,shinjuku sumitomo building,shinjuku sumitomo building,shinjuku sumitomo binası"
4712,https://commons.wikimedia.org/wiki/Category:Iwasaki_Castle_(Owari_Province),Iwasaki Castle (Owari Province),palace_castle,"chateau d'iwasaki,castel d'iwasaki,iwasaki castle,岩崎城 (尾張国),castillo iwasaki"
4720,https://commons.wikimedia.org/wiki/Category:Horai_Bridge_(Shimada),Horai Bridge (Shimada),bridge,"мост хораи,horai bridge,蓬莱橋,สะพานโฮไร,horai-brucke,pont horai,horai-bashi,호라이교"
4721,https://commons.wikimedia.org/wiki/Category:Tahara_Castle,Tahara Castle,palace_castle,"다하라성,田原城,巴江城,tahara castle,hako castle,chateau de tahara,田原城 (三河國),castillo de tahara,grad tahara"
4725,https://commons.wikimedia.org/wiki/Category:Gunma_Prefectural_Government_Building,Gunma Prefectural Government Building,tower,"群馬県庁舎,gunma prefectural government building,правительственное здание префектуры гумма,群馬縣廳舍,مبنى حكومة محافظة جونما,gunma prefectural government building,群馬縣廳舍"
4729,https://commons.wikimedia.org/wiki/Category:Goj%C5%8D_%C5%8Chashi,Gojō Ōhashi,bridge,"五条大橋,gojo bridge,五条大桥,五條大橋,gojo ohashi,ponte di gojo,gojo koprusu,پل گوجو"
4735,https://commons.wikimedia.org/wiki/Category:Tower_of_the_Sun,Tower of the Sun,tower,"太陽の塔,torre del sol,tower of the sun,tower of the sun,tower of the sun,太陽之塔,太阳之塔,太陽之塔,tour du soleil,taiyo no to,башня солнца,태양의 탑"
4760,https://commons.wikimedia.org/wiki/Category:ASPAM,ASPAM,tower,"aomori prefecture tourist center,aspam,aspm,青森県観光物産館アスハム,観光物産館ハスストッフ,青森県観光物産館,アスハム,office de tourisme de la prefecture d'aomori,aspam,aspm,aomori prefecture tourist center,青森縣觀光物產館,青森縣觀光物產館aspam,aomori prefecture tourist center,مرکز گردشگری ايوموری,aomori prefecture tourist center,青森縣觀光物產館"
4777,https://commons.wikimedia.org/wiki/Category:Jisui_Bridge,Jisui Bridge,bridge,"治水橋,jisui bridge,jisui bridge"
4784,https://commons.wikimedia.org/wiki/Category:Okuiya_Niju_Kazurabashi,Okuiya Niju Kazurabashi,bridge,"奥祖谷二重かすら橋,奧祖谷二重藤蔓橋,奧祖谷二重蔓橋,okui-iya niju kazurabashi,okuiya niju kazurabashi,oku-iya double vine bridge"
4788,"https://commons.wikimedia.org/wiki/Category:Sh%C5%8Dwa_Bridge,_Kizu_River,_Osaka","Shōwa Bridge, Kizu River, Osaka",bridge,"昭和橋 (大阪市),showa bridge,showa-bashi"
4789,https://commons.wikimedia.org/wiki/Category:Akinada_Bridge,Akinada Bridge,bridge,"ponte akinada,安芸灘大橋,мост акинада,akinada bridge,puente akinada,puente de akinada,міст акінада,pont akinada,akinada-broen,安芸灘大橋,安藝灘大橋,安芸滩大桥,安艺滩大桥,安艺滩大桥,安艺滩大桥,мост акинада,پل اکینادا,акинада күпере,아키나다 대교"
4803,https://commons.wikimedia.org/wiki/Category:Senju-Shioiri-%C5%8Chashi,Senju-Shioiri-Ōhashi,bridge,"千住汐入大橋,senju shioiri ohashi bridge,senju-shioiri-ohashi,senju-shioiri-ohashi,센주시오이리 대교"
4804,https://commons.wikimedia.org/wiki/Category:Sompo_Japan_Head_Office_Building,Sompo Japan Head Office Building,tower,"sompo japan building,sompo japan head office building,yasuda fire and marine insurance head office building,sompo japan nipponkoa insurance head office building,shinjuku sompo japan building,損保シャハン本社ヒル,安田火災海上本社ヒル,損保シャハン日本興亜本社ヒル,sompo japan building,日本損保日本興亞大廈,損保日本興亞總部大樓,損保日本興亞本社大廈,sompo japan building,손포재팬 닛폰코아 본사 빌딩,sompo japan binası"
4820,https://commons.wikimedia.org/wiki/Category:Ukai_Bridge,Ukai Bridge,bridge,"鵜飼い大橋,鵜飼大橋,ukai bridge"
4822,https://commons.wikimedia.org/wiki/Category:Takamatsu_Symbol_Tower,Takamatsu Symbol Tower,tower,"takamatsu symbol tower,symbol tower,高松シンホルタワー,takamatsu symbol tower,高松地標塔,symbol tower,symbol tower,برج الرمز,برج نماد,다카마쓰 심벌 타워"
4827,https://commons.wikimedia.org/wiki/Category:Yanagi_Bridge_(Tokyo),Yanagi Bridge (Tokyo),bridge,"柳橋,yanagibashi bridge,yanagi bridge,야나기바시 교,야나기 교,yanagibashi koprusu"
4851,https://commons.wikimedia.org/wiki/Category:Kozukue_Castle,Kozukue Castle,palace_castle,"chateau de kozukue,castel de kozukue,kozukue castle,小机城,قلعه کوزوکويه"
4870,https://commons.wikimedia.org/wiki/Category:APA_Hotel_%26_Resort_Tokyo_Bay_Makuhari,APA Hotel & Resort Tokyo Bay Makuhari,tower,"makuhari prince hotel,apa hotel & resort tokyo bay makuhari,アハホテル&リソート東京ヘイ幕張,幕張フリンスホテル,アハホテル&リソート 東京ヘイ幕張,apa hotel & resort tokyo bay makuhari,makuhari prince hotel,apa hotel & resort tokyo bay makuhari"
4872,https://commons.wikimedia.org/wiki/Category:Honkawa_Bridge,Honkawa Bridge,bridge,"本川橋,혼카와바시,honkawa bridge,pont de la riviere principale,hongawa-kyo,pont de honkawa"
4896,https://commons.wikimedia.org/wiki/Category:Tsurumi_Tsubasa_Bridge,Tsurumi Tsubasa Bridge,bridge,"鶴見つはさ橋,つるみつはさはし,쓰루미쓰바사교,쓰루미쓰바사바시,츠루미츠바사 다리,쓰루미쓰바사 다리,tsurumi tsubasa bridge,鹤见翼桥,جسر تسورومي تسوباسا,tsurumi tsubasa bridge,pont tsurumi tsubasa,tsurumi tsubasa bashi"
4897,https://commons.wikimedia.org/wiki/Category:Tsu_Castle,Tsu Castle,palace_castle,"津城,安濃津城,tsu castle,anotsu castle,tsu-jo,burg tsu,castillo de tsu,chateau de tsu,tsu-jo,anotsu-jo,津城,قلعه تسو,castell de tsu,castell d'anotsu"
4898,https://commons.wikimedia.org/wiki/Category:Parks_Tower_(Osaka),Parks Tower (Osaka),tower,"parks tower,namba parks tower,parks tower,ハークスタワー,なんはハークスタワー,برج باركس,برج الحدايق (حدايق نامبا)"
4899,https://commons.wikimedia.org/wiki/Category:Ushiku_Daibutsu,Ushiku Daibutsu,monument_statue,"ushiku daibutsu,usiku daibucu,ushiku daibutsu,ushiku daibutsu,grand bouddha d'ushiku,ushiku daibutsu,ushiku daibutsu,牛久大仏,牛久阿弥陀大佛,ushiku daibutsu,ushiku daibutsu,даибуцу усику,牛久大佛,ushiku daibutsu,ushiku daibutsu,اوشيكو ديبوتسو,усіку даибуцу,ಉಷಕು ದೖಬುತಸು.,ऊषिक डबतस,उशिक दायबतस बदध परतिमा,උෂක දායබතස,ushiku daibutsu,အရကဗဒဓရပပားတောကြး,ушику даибуцу,ushiku daibutsu,ఉషకు దబుటసు,อชกไดบตส,ushiku daibutsu,usiku daybutsu,အဟခဗဒဓရပပားတောကြး,ushiku daibutsu,우시쿠 대불"
4912,https://commons.wikimedia.org/wiki/Category:Tamate-bridge,Tamate-bridge,bridge,"玉手橋,tamate-bridge,tamate-bridge"
4915,https://commons.wikimedia.org/wiki/Category:Osaka_Ekimae_Building_No.3,Osaka Ekimae Building No.3,tower,"大阪駅前第3ヒル,大阪站前第3大廈,osaka ekimae building no.3"
4959,https://commons.wikimedia.org/wiki/Category:Tagohi,Tagohi,monument_statue,"多胡碑,多胡郡碑,tago-hi,tago stele,tagohi,tago-hi,tago stela,ศลาจารกทาโงะ"
4965,https://commons.wikimedia.org/wiki/Category:Sakura_Castle,Sakura Castle,palace_castle,"佐仓城,佐倉城,佐倉城,佐倉城,사쿠라성,佐倉城,burg sakura,sakura castle,chateau de sakurajo,佐倉城,castel de sakurajo,castell de sakura,സകറ കാസിൽ,castillo de sakura,grad sakura,sakurski grad"
4972,https://commons.wikimedia.org/wiki/Category:World_Trade_Center_Building_(Tokyo),World Trade Center Building (Tokyo),tower,"世界貿易センターヒルティンク,world trade center,world trade center building,world trade center tokyo,世界貿易中心 (東京),世界貿易中心大廈,세계 무역 센터 빌딩,world trade center,world trade center,monda komerca centro,world trade center building"
4978,https://commons.wikimedia.org/wiki/Category:Hiroshima_Monument_for_the_A-bomb_Victims,Hiroshima Monument for the A-bomb Victims,monument_statue,"hiroshima monument for the a-bomb victims,原爆犠牲ヒロシマの碑,原爆犧牲廣島紀念碑"
4987,https://commons.wikimedia.org/wiki/Category:Gusuku,Gusuku,palace_castle,"御城,御城,御城,gusuku,sitios sagrados de gusuku e bens do reino ryukyu,гусуку,גוסוקו,gusuku,sites gusuku et biens associes du royaume des ryukyu,sites gusuku et biens associes du royaume des ryu-kyu,구스쿠,gusuku,gusuku,gusuku,gusuku,gusuku,クスク,クシク,くすく,城,gusuku,gusuku,gusuku,gusuku,gusuku,غوسوكو,gusuku,御城,琉球式城堡,琉球城堡,gusuku,гусуку,gusuku,gusuku,guszuku,gusuku,гусуку,گوسوکو,クスク,クシク,くすく,城,gosuku,gusuku"
5012,https://commons.wikimedia.org/wiki/Category:Aya_Teruha_Suspension_Bridge,Aya Teruha Suspension Bridge,bridge,"照葉大吊橋,aya teruha suspension bridge,aya teruha suspension bridge"
5014,https://commons.wikimedia.org/wiki/Category:Shinjiko_Bridge,Shinjiko Bridge,bridge,"宍道湖大橋,shinjiko bridge"
5018,https://commons.wikimedia.org/wiki/Category:Sunosaki_Lighthouse,Sunosaki Lighthouse,tower,"州崎灯塔,州崎燈塔,州崎燈塔,mercusuar sunosaki,洲埼灯台,洲崎灯台,sunosaki lighthouse,phare de sunosaki,洲埼灯塔,洲崎燈塔,ngon hai đang sunosaki,sunosaki-leuchtturm"
5020,https://commons.wikimedia.org/wiki/Category:Amakusa_Seto_Bridge,Amakusa Seto Bridge,bridge,"天草瀬戸大橋,amakusa seto bridge"
5024,https://commons.wikimedia.org/wiki/Category:Shin-Yodogawa_Great_Bridge,Shin-Yodogawa Great Bridge,bridge,"新淀川大橋,shin-yodogawa great bridge,shin-yodogawa great bridge"
5027,https://commons.wikimedia.org/wiki/Category:Tenmon_Bridge,Tenmon Bridge,bridge,"天門橋,天草1号橋,tenmon bridge,tenmon-kyo"
5034,https://commons.wikimedia.org/wiki/Category:Sendai_Castle,Sendai Castle,palace_castle,"chateau de sendai,sendai castle,aoba castle,castillo aoba,仙台城,青葉城,五城楼,zamek aoba,castelo de aoba,仙台城,burg sendai,замок аоба,сендаискии замок,castell de sendai,hrad v sendai,sendaisky hrad,καστρο αομπα,σενται-τζο,γκοτζο-ρο,അയോബ കാസിൽ,sendai-borgen,센다이성,aoba kalesi,قلعه ايوبا"
5038,https://commons.wikimedia.org/wiki/Category:Tappisaki_Lighthouse,Tappisaki Lighthouse,tower,"龍飛埼灯台,竜飛埼灯台,龍飛崎灯台,tappisaki lighthouse,龍飛埼燈塔"
5046,https://commons.wikimedia.org/wiki/Category:Sango_Bridge,Sango Bridge,bridge,"珊瑚橋,sango bridge"
5052,https://commons.wikimedia.org/wiki/Category:Ohashi_(Matsue),Ohashi (Matsue),bridge,"大橋 (大橋川),松江大橋,ohashi (matsue),ohashi"
5053,https://commons.wikimedia.org/wiki/Category:Sakitama_Bridge,Sakitama Bridge,bridge,"幸魂大橋,さきたま大橋,幸魂大橋,sakitama bridge,cau sakitama"
5064,https://commons.wikimedia.org/wiki/Category:Mimizuka,Mimizuka,monument_statue,"耳冢,耳塚,耳塚,mimizuka,hanazuka,ohrenhugel,耳塚,鼻塚,мимидзука,귀무덤,코무덤,미미즈카,mimizuka,mimizuka,hanazuka,mimizuka,mimizuka,耳塚,鼻塚,耳冢,mimizuka,میمیزوکا,mimizuka,mimizuka,มมซกะ,mimizuka,hanazuka,oreltombo,мімідзука,мимидзука"
5074,https://commons.wikimedia.org/wiki/Category:Tanaka_Castle,Tanaka Castle,palace_castle,"chateau de tanaka,tanaka castle,田中城,徳一色城,burg tanaka,castillo de tanaka,castelll de tanaka"
5081,https://commons.wikimedia.org/wiki/Category:Minato_Bridge,Minato Bridge,bridge,"pont de minato,minato bridge,港大橋,minato-brucke,puente minato ohashi,ponte di minato,港大橋,كوبرى ميناتو,جسر ميناتو"
5082,https://commons.wikimedia.org/wiki/Category:Carrot_Tower,Carrot Tower,tower,"carrot tower,キャロットタワー,carrot tower,carrot tower,carrot tower,胡蘿蔔塔,carrot tower,carrot kulesi,carrot tower"
5116,https://commons.wikimedia.org/wiki/Category:Suwahara_Castle,Suwahara Castle,palace_castle,"諏訪原城,牧之原城,suwahara castle,chateau de suwahara,諏訪原城,castel de suwahara,ปราสาทซวาฮาระ,قلعه سوواهارا"
5143,https://commons.wikimedia.org/wiki/Category:Mihara_Castle,Mihara Castle,palace_castle,"chateau de mihara,castel de mihara,mihara castle,三原城,burg mihara,zamek mihara"
5149,https://commons.wikimedia.org/wiki/Category:Nagoya_Mode_Academy_Spiral_Towers,Nagoya Mode Academy Spiral Towers,tower,"mode gakuen spiral towers,mode gakuen spiral towers,mode gakuen spiral,モート学園スハイラルタワース,mode gakuen spiral towers,mode学园螺旋塔,mode gakuen spiral towers,mode gakuen spiral towers,mode gakuen spiral towers,mode gakuen spiral towers,모드 학원 스파이럴 타워,mode gakuen spiral towers,mode gakuen spiral towers,mode gakuen spiral towers,mode gakuen spiral towers,mode gakuen spiral towers,mode学园螺旋塔,mode gakuen spiral towers,mode gakuen spiral towers,وضع ابراج جاكوين الحلزونيه,برج مود جايكون الحلزوني"
5185,https://commons.wikimedia.org/wiki/Category:Akashi_Castle,Akashi Castle,palace_castle,"明石城,明石城,明石城,明石城,喜春城,錦江城,zamek akashi,아카시성,chateau d'akashi,akashi-jo,castel d'akashi,castillo akashi,akashi castle,明石城,قلعة اكاشي,قلعه اکاشی,burg akashi,akashi kalesi,castell d'akashi,castell akashi,ആകാശി കാസിൽ,замок акаси"
5188,https://commons.wikimedia.org/wiki/Category:Hiji_Castle,Hiji Castle,palace_castle,"chateau de hiji,chateau d'hiji,castel de hiji,hiji castle,日出城,暘谷城,hijiborgen,hijiborgen,burg hiji,castell de hiji"
5243,https://commons.wikimedia.org/wiki/Category:JR_Gate_Tower,JR Gate Tower,tower,"jrケートタワー,名古屋駅新ヒル,jr gate tower,jr gate tower,jr gate tower,jr gate tower,jr 게이트 타워,jr gate tower"
5278,https://commons.wikimedia.org/wiki/Category:Osezaki_Lighthouse_(Izu),Osezaki Lighthouse (Izu),tower,"伊豆大瀬埼灯台,伊豆大瀬崎灯台,大瀬埼灯台,大瀬崎灯台,izu osezaki lighthouse,osezaki lighthouse"
5280,https://commons.wikimedia.org/wiki/Category:Manji-no-sekibutsu,Manji-no-sekibutsu,monument_statue,"万治の石仏,manji no sekibutsu,manji stone buddha,stone buddha of manji"
5293,https://commons.wikimedia.org/wiki/Category:Tayasu-mon,Tayasu-mon,arch_gate,"田安門,tayasu gate,tayasu-mon,porte tayada,vrata tajasu,vrata tayasu"
5298,https://commons.wikimedia.org/wiki/Category:Mizuki_Ruins,Mizuki Ruins,palace_castle,"水城,mizuki,mizuki,mizuki castle,미즈키,水城,قلعه میزوکی,chateau de mizuki,castel de mizuki,castillo mizuki,mizuki,mizuki,castelo mizuki"
5301,"https://commons.wikimedia.org/wiki/Category:Peace_Memorial_Pagoda,_Tokushima","Peace Memorial Pagoda, Tokushima",monument_statue,"ハコタ平和記念塔,平和記念塔ハコタ,佛塔和平紀念塔,peace memorial pagoda"
5319,https://commons.wikimedia.org/wiki/Category:Kouhei_Bridge,Kouhei Bridge,bridge,"工兵橋,新こうへい橋,kouhei bridge"
5322,https://commons.wikimedia.org/wiki/Category:Tsurumisaki_Lighthouse,Tsurumisaki Lighthouse,tower,"鶴御埼灯台,鶴御崎灯台,tsurumisaki lighthouse"
5338,https://commons.wikimedia.org/wiki/Category:Hiroshima_Cenotaph,Hiroshima Cenotaph,monument_statue,"原爆死没者慰霊碑,広島平和都市記念碑,cenotaphe pour les victimes de la bombe atomique,cenotaph for the a-bomb victims,memorial monument for hiroshima, city of peace,原爆死沒者慰靈碑,核轟炸死難者紀念碑,原爆死没者慰靈碑,原爆死沒者慰靈碑,原爆死没者慰靈碑,核轰炸死难者纪念碑,原爆死没者慰靈碑,核轰炸死难者纪念碑,cenotaaf voor de atoombomslachtoffers"
5348,https://commons.wikimedia.org/wiki/Category:Yume-no-Tsuribashi,Yume-no-Tsuribashi,bridge,"yume-no-tsuribashi,yume-no-tsuribashi bridge,dream suspension bridge,夢の吊橋,夢の吊り橋,夢のつり橋,pont suspendu du reve,yume-no-tsuribashi,꿈의 현수교"
5359,https://commons.wikimedia.org/wiki/Category:Fukui_Castle_(Settsu),Fukui Castle (Settsu),palace_castle,"chateau de fukui,castel de fukui,fukui castle,福井城 (摂津国)"
5362,https://commons.wikimedia.org/wiki/Category:Yumetsuri_Bridge,Yumetsuri Bridge,bridge,"夢吊橋,yumetsuri bridge,yumetsuri-brucke"
5382,https://commons.wikimedia.org/wiki/Category:Ikitsuki_Bridge,Ikitsuki Bridge,bridge,"生月大橋,ikitsuki bridge,ikitsuki-brucke,生月大橋,ponte ikitsuki,most ikitsuki,pont ikitsuki,ikitsuki-ohashi"
5388,https://commons.wikimedia.org/wiki/Category:Yamanaka_Castle,Yamanaka Castle,palace_castle,"yamanaka castle,山中城,山中城,chateau de yamanaka,castell yamanaka,castillo de yamanaka,야마나카성"
5396,https://commons.wikimedia.org/wiki/Category:Prudential_Tower_(Tokyo),Prudential Tower (Tokyo),tower,"フルテンシャルタワー,prudential tower,the prudential tower,保誠塔,保德信塔,prudential kulesi"
5447,https://commons.wikimedia.org/wiki/Category:Amagasaki_Castle,Amagasaki Castle,palace_castle,"尼崎城,amagasaki castle,burg amagasaki,قلعه اماگاساکی,chateau d'amagasaki,castel d'amagasaki,castillo de amagasaki,castell d'amagasaki,castell amagasaki,尼崎城"
5458,https://commons.wikimedia.org/wiki/Category:Gusuku_sites_and_related_properties_of_the_Kingdom_of_Ryukyu,Gusuku sites and related properties of the Kingdom of Ryukyu,palace_castle,"gusukuplatser och omraden i kungadomet ryukyu,琉球王国のクスク及ひ関連遺産群,gusuku sites and related properties of the kingdom of ryukyu,bienes individuales inscritos patrimonio de la humanidad en japon (sitios gusuku y bienes culturales asociados del reino de ryukyu),류큐 왕국의 구스쿠 및 관련 유산군,琉球王國的城堡以及相關遺產群,gusuku-statten und zugehorige statten des konigreichs von ryukyu,situri gusuku si proprietati conexe ale regatului ryukyu"
5487,https://commons.wikimedia.org/wiki/Category:Heira_Bridge,Heira Bridge,bridge,"平羅橋,平羅大橋,heira bridge,heira bridge"
5488,https://commons.wikimedia.org/wiki/Category:Tatsuta_Waju_Jinzoseki_Himon,Tatsuta Waju Jinzoseki Himon,monument_statue,"tatsuta polder sluice gates,立田輪中人造堰樋門"
5505,https://commons.wikimedia.org/wiki/Category:Sapporo_Clock_Tower,Sapporo Clock Tower,tower,"札幌市钟楼,札幌市鐘樓,札幌市鐘樓,札幌市時計台,札幌時計台,旧札幌農学校演武場,삿포로 시계탑,삿포로 시 시계탑,구 삿포로 농학교 연무장,tour de l'horloge de sapporo,sapporo clock tower,former sapporo agricultural college drill hall,หอนาฬกาซปโปะโระ,torre del reloj de sapporo,札幌市鐘樓,札幌市時計台,klocktornet i sapporo,torre del rellotge de sapporo,escola agricola de sapporo,sapporo saat qulləsi,sapporo saat kulesi"
5529,https://commons.wikimedia.org/wiki/Category:Kitanaka-bashi_(Bridge),Kitanaka-bashi (Bridge),bridge,"北仲橋,kitanaka bridge,kitanaka-brug"
5539,https://commons.wikimedia.org/wiki/Category:Kinowa_no_saku_Castle_Ruins,Kinowa no saku Castle Ruins,palace_castle,"城輪柵,城輪柵跡,kinowanosaku,kinowa palisade,kinowa fort,kinowa-no-ki,kinowa-no-saku,chateau de kinowa no saku ruins,castel de kinowa no saku ruins"
5557,https://commons.wikimedia.org/wiki/Category:Oshima_Bridge_(Nagasaki),Oshima Bridge (Nagasaki),bridge,"大島大橋,大島大橋 (長崎縣),oshima bridge (nagasaki),oshima bridge"
5559,https://commons.wikimedia.org/wiki/Category:Prime_Minister's_Official_Residence_(Japan),Prime Minister's Official Residence (Japan),palace_castle,"总理大臣官邸,總理大臣官邸,總理大臣官邸,kantei,kantei,内閣総理大臣官邸,首相官邸,pmjhc,総理官邸,総理大臣官邸,官邸,일본 수상 관저,kantei,residence officielle du premier ministre,prime minister's official residence,kantei,kantei,sori daijin kantei,sori-daijin kantei,sori-daijin kantei,sori daijin kantei,kantei,kantei,總理大臣官邸,首相官邸,كانتاي,tempat tinggal resmi perdana menteri,prime meenister's offeecial residence,prime minister's official residence,официальная резиденция премьер-министра,сори контеи,van phong thu tuong,oficialni rezidence premiera,kantei,اقامتگاه رسمی نخست‌وزیر,residencia oficial del primer ministre,kantei,preswylfa swyddogol y prif weinidog,kantei,kantei,ทาเนยบนายกรฐมนตรญปน,kantei,מעונו הרשמי של ראש הממשלה,קנטיי"
5570,https://commons.wikimedia.org/wiki/Category:Kasamisaki_Lighthouse,Kasamisaki Lighthouse,tower,"加佐岬灯台,kasamisaki lighthouse,加佐岬燈塔"
5596,https://commons.wikimedia.org/wiki/Category:Shigisan_Castle,Shigisan Castle,palace_castle,"shigisan castle,信貴山城,chateau de shigisan,قلعه شیگیسان"
5635,https://commons.wikimedia.org/wiki/Category:Wakasa_Onigajo,Wakasa Onigajo,palace_castle,"若桜鬼ヶ城,若桜鬼ケ城,鬼ヶ城,若櫻城,若櫻鬼城,wakasa oniga castle,oniga castle,chateau de wakasa onigajo,若桜鬼ヶ城,castel de wakasa onigajo,قلعه واکاسا اونیگا"
5650,https://commons.wikimedia.org/wiki/Category:Utsunomiya_Castle,Utsunomiya Castle,palace_castle,"宇都宫城,宇都宮城,宇都宮城,宇都宮城,亀ヶ岡城,우쓰노미야성,宇都宮城,chateau d'utsunomiya,utsunomiya-jo,utsunomiya castle,utsunomiya-jo,burg utsunomiya,castillo de utsonomiya,قلعه اوتسونومیا,castell d'utsunomiya,ปราสาทอตสโนมยะ,kastel utsunomiya"
5656,https://commons.wikimedia.org/wiki/Category:Hiroshima_Airport_Bridge,Hiroshima Airport Bridge,bridge,"広島空港大橋,広島スカイアーチ,廣島空港大橋,广岛空港大桥,hiroshima airport bridge,hiroshima sky arch,广岛空港大桥,广岛空港大桥,hiroshima airport bridge,hiroshima-flughafen-brucke"
5671,https://commons.wikimedia.org/wiki/Category:Sunpu_Castle,Sunpu Castle,palace_castle,"骏府城,駿府城,駿府城,駿府城,駿府城番,府中城,静岡城,슨푸성,chateau de sunpu,sunpu castle,sumpu castle,fuchu castle,shizuoka castle,駿府城,sunpu gaztelua,burg sumpu,καστρο σουνπου,grad sunpu,sunpu castle,замак сімпу,castillo de sunpu,قلعه سونپو,ปราสาทซมป,castelo sunpu,замок сумпу,замок сумпу,замок футю,замок сидзуока,castell de sunpu,സൺപ കാസിൽ,castelo de sunpu,castelo fuchu,castelo shizuika,sumpu borg,sunpu borg,قلعة سنبو,kastel sunpu"
5686,https://commons.wikimedia.org/wiki/Category:Torigoe_Castle,Torigoe Castle,palace_castle,"鳥越城,torigoe castle,torigoe castle,chateau de torikoshishiro,鳥越城,castel de torikoshishiro"
5695,https://commons.wikimedia.org/wiki/Category:Saihouji,Saihō-ji (Kyoto),monument_statue,"saihouji,saiho-ji"
5717,https://commons.wikimedia.org/wiki/Category:Saiki_Castle,Saiki Castle,palace_castle,"佐伯城,saiki castle,chateau de saekishiro,佐伯城,castel de saekishiro,castell de saiki"
5726,https://commons.wikimedia.org/wiki/Category:Uji-bashi_(Naiku),Uji-bashi (Naiku),bridge,"宇治橋,御裳濯橋,宇治橋,宇治桥,宇治桥,uji-brug,uji bridge,ujibashi bridge,mimosuso bridge,uji bridge (ise city),宇治桥,pont uji,uji-bashi,most udzi,udzibasi"
5730,https://commons.wikimedia.org/wiki/Category:Yokohama_Marine_Tower,Yokohama Marine Tower,tower,"marine tower yokohama,横浜マリンタワー,tour marine de yokohama,tour marine en acier,요코하마 마린타워,torre marina de yokohama,yokohama marine tower,yokohama marine tower,marine tower,torre marittima di yokohama,yokohama marine tower,橫濱海洋塔,برج يوكوهاما البحري,марин-тауэр,yokohama marine tower,yokohama deniz kulesi,marin tauer,yokohama marin tawa,menara laut yokohama"
5746,"https://commons.wikimedia.org/wiki/Category:Shaonto_Tower,_Kofu_Castle","Shaonto Tower, Kofu Castle",monument_statue,"謝恩碑,謝恩塔,shaonto tower, kofu castle"
5749,"https://commons.wikimedia.org/wiki/Category:Omekaido_Overbridge,_Shinjuku","Omekaido Overbridge, Shinjuku",bridge,"新宿大カート,青梅街道架道橋,大カート,新宿大高架橋,新宿大架道橋,omekaido overbridge,shinjuku big girder bridge"
5751,https://commons.wikimedia.org/wiki/Category:Hirai_%C5%8Chashi_Bridge,Hirai Ōhashi Bridge,bridge,"平井大橋,hirai ohashi bridge,hirai grand bridge,hirai bridge,히라이 대교,hirai bridge"
5753,https://commons.wikimedia.org/wiki/Category:Namihaya_Bridge,Namihaya Bridge,bridge,"なみはや大橋,尻無川新橋有料道路,namihaya bridge,浪速大桥"
5756,https://commons.wikimedia.org/wiki/Category:Panasonic_Tokyo_Shiodome_Building,Panasonic Tokyo Shiodome Building,tower,"panasonic tokyo shiodome building,ハナソニック東京汐留ヒル,panasonic tokyo shiodome binası,panasonic tokyo shiodome building"
5782,https://commons.wikimedia.org/wiki/Category:Nihonbashi_Mitsui_Tower,Nihonbashi Mitsui Tower,tower,"日本桥三井塔楼大厦,日本橋三井塔,日本橋三井塔樓大廈,日本橋三井タワー,nihonbashi mitsui tower,nihombashi mitsui tower,nihonbashi mitsui tower,nihonbashi mitsui tower,日本橋三井塔,日本桥三井大厦,니혼바시 미쓰이 타워,니혼바시 미츠이 타워,nihonbashi mitsui tower,nihonbashi mitsui kulesi,برج نيهونباشي ميتسوي"
5813,"https://commons.wikimedia.org/wiki/Category:Kaiunbashi,_Shigisan","Kaiunbashi, Shigisan",bridge,"開運橋,kaiun bridge"
5819,https://commons.wikimedia.org/wiki/Category:Kamakura_Bridge_(Nihonbashi_River),Kamakura Bridge (Nihonbashi River),bridge,"鎌倉橋,kamakura bridge,kamakura koprusu,鎌倉橋"
5823,https://commons.wikimedia.org/wiki/Category:Hamaguri-gomon,Hamaguri-gomon,arch_gate,"蛤御門,新在家御門,hamaguri-gomon gate,蛤御門"
5845,https://commons.wikimedia.org/wiki/Category:Higashiyama_Water_Tower,Higashiyama Water Tower,tower,"東山給水塔,東山配水塔,higashiyama water tower"
5856,https://commons.wikimedia.org/wiki/Category:Shureimon,Shureimon,arch_gate,"守礼门,守禮門,守禮門,守礼門,待賢門,首里門,上の綾門,sureimon,shureimon,슈레이 문,shureimon,守禮門,shureimon,shurei-mon,shuri-mon,taiken-mon,wi nu aijo,shureimon,shureimon"
5883,https://commons.wikimedia.org/wiki/Category:Noda_Castle_(Mikawa_Province),Noda Castle (Mikawa Province),palace_castle,"野田城,根古屋城,三河野田城,chateau de noda,castel de noda,노다성,noda castle,negoya castle,mikawa noda castle,قلعه نودا,noda castle"
5903,https://commons.wikimedia.org/wiki/Category:Suish%C5%8D_Bridge,Suishō Bridge,bridge,"스이쇼교,水晶橋,suisho bridge,suisho bridge"
5916,https://commons.wikimedia.org/wiki/Category:Enko_Bridge,Enko Bridge,bridge,"猿猴橋,enko bridge,enko bridge"
5921,https://commons.wikimedia.org/wiki/Category:Miyazu_Castle,Miyazu Castle,palace_castle,"宮津城,burg miyazu,chateau de miyazu,宮津城,castel de miyazu,miyazu castle,قلعه میازو"
5923,https://commons.wikimedia.org/wiki/Category:Chosei_Bridge,Chosei Bridge,bridge,"長生橋,chosei bridge"
5924,https://commons.wikimedia.org/wiki/Category:Kiyosuna_Bridge,Kiyosuna Bridge,bridge,"清砂大橋,kiyosuna bridge,kiyosuna ohashi,kiyosuna ohashi,기요스나 대교,키요스나 대교,kiyosuna bridge"
5928,https://commons.wikimedia.org/wiki/Category:Takebashi_(bridge),Takebashi (bridge),bridge,"竹橋,竹橋,御内方通行橋,在竹橋,takebashi,take koprusu"
5935,https://commons.wikimedia.org/wiki/Category:Tamagawa_Bridge_(Odakyu_Odawara_Line),Tamagawa Bridge (Odakyu Odawara Line),bridge,"多摩川橋梁 (小田急小田原線),小田急線多摩川橋梁,小田急電鉄多摩川橋梁,多摩川橋樑,多摩川橋梁,多摩川桥梁,tamagawa bridge"
5955,https://commons.wikimedia.org/wiki/Category:Nakanoshima_Garden_Bridge,Nakanoshima Garden Bridge,bridge,"中之島カーテンフリッシ,nakanoshima garden bridge"
5976,https://commons.wikimedia.org/wiki/Category:Takaoka_Castle,Takaoka Castle,palace_castle,"高冈城,高岡城,高岡城,高岡城,高岡古城公園,다카오카성,高岡城,takaoka castle,chateau de takaoka,castel de takaoka,castell takaoka,ടകകോക കാസിൽ,castillo de takaoka,takaoka,takaocky hrad"
5997,https://commons.wikimedia.org/wiki/Category:Seta-no-Karahashi,Seta-no-Karahashi,bridge,"瀬田の唐橋,瀬田唐橋,勢多橋,勢多の橋,瀬田の橋,瀬田橋,seta no karahashi,karahashi,seta bridge,seta karahashi bridge,瀨田唐橋,瀨田的唐橋,濑田唐桥,瀬田唐橋,seta no karahashi"
6003,https://commons.wikimedia.org/wiki/Category:Inuyama_Bridge,Inuyama Bridge,bridge,"inuyama bridge,犬山橋,犬山橋,inuyama-brucke,inuyama bridge"
6010,https://commons.wikimedia.org/wiki/Category:Hakata_Port_Tower,Hakata Port Tower,tower,"hafenturm hakata,hakata port tower,博多ホートタワー,tour du port de hakata,博多港塔,برج ميناء هاكاتا,ဟခတ ဆပကမး မျောစင,pristaniski stolp v hakati"
6028,https://commons.wikimedia.org/wiki/Category:Naka_Bridge_(Ashikaga),Naka Bridge (Ashikaga),bridge,"中橋,naka bridge,naka-brug (ashikaga),나카 교"
6080,https://commons.wikimedia.org/wiki/Category:Ry%C5%8Dunkaku,Ryōunkaku,tower,"凌雲閣,浅草十二階,仁丹塔,浅草凌雲閣,十二階,ryounkaku,რიოუნკაკუ,ryounkaku,ryounkaku,凌雲閣,료운카쿠,ренкаку,ryounkaku,ryounkaku,เรยวองกาก,ryounkaku,ryounkaku,ryounkaku,ryounkaku,ryounkaku"
6082,https://commons.wikimedia.org/wiki/Category:Urasoe_Castle,Urasoe Castle,palace_castle,"chateau d'urasoe,urasoe castle,浦添城,浦添クスク,浦添城跡,浦添城"
6084,https://commons.wikimedia.org/wiki/Category:Kuronoseto_Bridge,Kuronoseto Bridge,bridge,"黒之瀬戸大橋,黑之瀨戶大橋,kuronoseto bridge,kuronoseto-brug"
6090,https://commons.wikimedia.org/wiki/Category:City_Tower_Osaka,City Tower Osaka,tower,"シティタワー大阪,city tower osaka,city tower osaka,city tower osaka"
6098,https://commons.wikimedia.org/wiki/Category:Minowa_Castle_(Kozuke),Minowa Castle (Kozuke),palace_castle,"箕轮城,箕輪城,箕輪城,箕輪城,chateau de minowa,castel de minowa,minowa castle,castello di minowa,箕輪城,minowa castle,മിനോവ കാസിൽ,castillo de minowa,미노와성,قلعه مینووا,טירת מינובה"
6102,https://commons.wikimedia.org/wiki/Category:Matsushita_IMP_building,Matsushita IMP building,tower,"matsushita imp building,松下impヒル,インターナショナルマーケットフレース,impヒル,松下impホール,impホール,鬆下imp大樓,鬆下imp hall,松下imp大樓,松下imp hall,松下imp大樓,matsushita imp building,松下imp大樓"
6116,https://commons.wikimedia.org/wiki/Category:Tomioka_Castle,Tomioka Castle,palace_castle,"chateau de tomioka,tomioka castle,富岡城,富岡城,قلعه تومیيوکا,castillo tomioka"
6119,https://commons.wikimedia.org/wiki/Category:Hirado_Bridge,Hirado Bridge,bridge,"hiradobrug,most hirado,hirado bridge,平戸大橋,สะพานฮราโดะ,hirado-broen,хирадо (мост),міст хірадо,平戶大橋,平户大桥,平戶大橋,hirado bridge,pont de hirado,hirado-ohashi,جسر هيرادو"
6130,https://commons.wikimedia.org/wiki/Category:Iwakurojima_Bridge,Iwakurojima Bridge,bridge,"岩黒島橋,iwakurojima-broen,巖黑島橋,岩黑島橋,岩黑島橋,岩黑島橋,iwakurojima bridge"
6181,https://commons.wikimedia.org/wiki/Category:%C5%8Czu_Castle,Ōzu Castle,palace_castle,"大洲城,大洲城,大洲城,大洲城,城山公園,오즈성,chateau d'ozu,castel d'ozu,ozu castle,大洲城,ozuko gaztelua,ozu qəsri,burg ozu,ozu castle,castelo de ozu,castelo de ozu,castillo de ozu,ozu,ozu kalesi,καστρο του οζου,castell d'ozu"
6191,https://commons.wikimedia.org/wiki/Category:Umenohashi,Umenohashi,bridge,"梅ノ橋,梅の橋,umenohashi,ume-no-hashi bridge,umenohashi bridge,umenohashi bridge"
6200,https://commons.wikimedia.org/wiki/Category:Marunouchi_Park_Building,Marunouchi Park Building,tower,"丸の内ハークヒルティンク,丸の内ハークヒル,丸ノ内ハークヒルティンク,丸ノ内ハークヒル,丸之內公園大廈,marunouchi park building,marunouchi park building,marunouchi park building,مبنى مارونوتشى بارك,marunouchi park building,marunouchi park binası"
6226,https://commons.wikimedia.org/wiki/Category:Osaka_Tower,Osaka Tower,tower,"osaka abc tower,osaka tower,大阪タワー,osaka turo,大阪塔,osaka tower,오사카 타워,برج اوساكا"
6236,https://commons.wikimedia.org/wiki/Category:Iwasaki_Castle_(Dewa_Province),Iwasaki Castle (Dewa Province),palace_castle,"岩崎城 (出羽国),iwasaki castle (dewa province),chateau d'iwasaki (dewa province),castel d'iwasaki (dewa province)"
6259,https://commons.wikimedia.org/wiki/Category:Izumi_Bridge_(Kanda),Izumi Bridge (Kanda),bridge,"和泉橋,izumi koprusu"
6273,https://commons.wikimedia.org/wiki/Category:Takeda_Castle,Takeda Castle,palace_castle,"竹田城,竹田城,竹田城,竹田城,虎臥城,竹田城址,竹田城跡,竹田城趾,다케다성,chateau de takeda,machu picchu du japon,chateau dans le ciel,takeda-jo,takeda castle,竹田城,takeda-varkastely,kastil takeda,قلعه تاکدا,castelo takeda,castillo takeda,burg takeda"
6280,https://commons.wikimedia.org/wiki/Category:Komagata-bashi,Komagata-bashi,bridge,"駒形橋,komagata bridge,komagata-bashi,pont komagata,komagata-bashi"
6293,https://commons.wikimedia.org/wiki/Category:%C5%8Czeki_Stone,Ōzeki Stone,monument_statue,"大関力士碑,大關力士碑,ozeki stone,ozeki rikishi-hi,steindenkmal fur sumo-ringer des ozeki-rangs"
6311,https://commons.wikimedia.org/wiki/Category:Kiyosu_Castle,Kiyosu Castle,palace_castle,"清洲城,清洲城,清洲城,清洲城,清須城,kijosu,hrad kijosu,thanh kiyosu,lau đai kiyosu,기요스성,chateau de kiyosu,castel de kiyosu,kiyosu castle,kiyosu-jo,castillo kiyosu,castell de kiyosu,castell kiyosu,kijosu pilis,清洲城,kiyosuko gaztelua,замок кіиосу,قلعة كيوسو,kiyosu castle,قلعه کیوسو,киесу,kiyosu qalʼasi,burg kiyosu,grad kijosu"
6331,https://commons.wikimedia.org/wiki/Category:Tsutsujigasaki_Castle,Tsutsujigasaki Castle,palace_castle,"躑躅崎館,武田氏館,躑躅ヶ崎館,武田氏館,tsutsujigasaki castle,takeda castle ruins,chateau de tsutsujigasaki,castel de tsutsujigasaki,قلعه تسوتسوجیگاساکی,castillo de tsutsujigasaki,츠츠지가사키관,grad tsutsudzigasaki,rusevine gradu takeda"
6360,https://commons.wikimedia.org/wiki/Category:Takashima_Castle,Takashima Castle,palace_castle,"다카시마성,高島城,諏訪高島城,burg takashima,takashima castle,suwa-takashima castle,高島城,chateau de takashima,قلعه تاکاشیما,castell de takashima,castillo takashima,castillo suwa takashima"
6361,https://commons.wikimedia.org/wiki/Category:Erimomisaki_Lighthouse,Erimomisaki Lighthouse,tower,"襟裳岬灯台,襟裳岬燈塔,erimomisaki lighthouse,erimo misaki lighthouse,cape erimo lighthouse"
6364,https://commons.wikimedia.org/wiki/Category:NEC_Supertower,NEC Supertower,tower,"nec supertower,nec supertower,nec supertower,日本電気本社ヒル,necスーハータワー,nec supertower,nec supertower,nec supertower,nec supertower,日本電氣本社大廈,nec 슈퍼 타워,nec supertower,nec supertower"
6373,https://commons.wikimedia.org/wiki/Category:Fushimi_Castle,Fushimi Castle,palace_castle,"伏见城,伏見城,伏見北堀公園,伏見城,伏見城,桃山城,伏見桃山城,thanh fushimi,lau đai phuc kien,lau đai fushimi,phuc kien thanh,замок фусими,замок момояма,후시미성,후시미모모야마 성,모모야마 성,후시미 모모야마 성,chateau de fushimi,fushimi-jo,momoyama-jo,fushimi-momoyama-jo,chateau de momoyama,chateau de fushimi-momoyama,טירת פושימי,fushimi castle,momoyama castle,fushimi-momoyama castle,castillo fushimi-momoyama,castillo fushimi,castillo momoyama,castillo fushimi momoyama,fushimin linna,momoyaman linna,замок фушімі,замок момояма,замок фусімі,kasteel fushimi-momoyama,fushimi-momoyama kasteel,fushimi-momoyama,伏見城,伏见桃山城,伏見桃山城,桃山城,木幡山城,καστρο φουσιμι,burg fushimi,castell de fushimi,castell de momoyama,castell de fushimi-momoyama,伏见北堀公园,замак фусімі,قلعه فوشیمی,fusimsky hrad,hrad fusimi,ფუშიმის სასახლე,фушими,castello di fushimi,fushimi slott,fusimi qəsri,fushimi kalesi,grad fusimi,grad momojama,fusimski grad,ဖရမရတက,istana fushimi,zamek fushimi"
6386,https://commons.wikimedia.org/wiki/Category:Obi_Castle,Obi Castle,palace_castle,"饫肥城,飫肥城,飫肥城,飫肥城,chateau d'obi,chateau de obi,chateau de obi,castel d'obi,오비성,obi castle,飫肥城,burg obi,castell d'obi,замок обі,castillo obi"
6388,https://commons.wikimedia.org/wiki/Category:Fukuchiyama_Castle,Fukuchiyama Castle,palace_castle,"chateau de fukuchiyama,castel de fukuchiyama,fukuchiyama castle,福知山城,福知山市郷土資料館,福知山市立郷土資料館,福知山城公園,福智山城,castillo fukuchiyama,burg fukuchiyama,fukuchiyama-jo,福知山城,قلعه فوکوچی‌یاما,castello di fukuchiyama,castell fukuchiyama,zamek fukuchiyama"
6403,https://commons.wikimedia.org/wiki/Category:Oda_Castle,Oda Castle,palace_castle,"小田城,oda castle,castillo oda,chateau d'oda,castel d'oda"
6452,https://commons.wikimedia.org/wiki/Category:Akashi-Kaikyo_Bridge,Akashi-Kaikyo Bridge,bridge,akashi-kaikyo bridge
6462,https://commons.wikimedia.org/wiki/Category:Uwajima_Castle,Uwajima Castle,palace_castle,"宇和岛城,宇和島城,宇和島城,宇和島城,城山公園,chateau d'uwajima,우와지마성,uwajima castle,宇和島城,uwajimako gaztelua,burg uwajima,宇和島城,uwajima castle,uvadzsimai varkastely,ഉവാജിമ കാസിൽ,castillo uwajima,замок увадзіма,istana uwajima"
6469,https://commons.wikimedia.org/wiki/Category:Kururi_Castle,Kururi Castle,palace_castle,"chateau de kururi,castel de kururi,kururi castle,久留里城,霧降城,burg kururi,castillo de kururi,castell de kururi,замок курури"
6470,https://commons.wikimedia.org/wiki/Category:Megane-bashi_of_Nagasaki,Megane-bashi of Nagasaki,bridge,"眼鏡橋,меганэ-баси,megane bridge,spectacles bridge,meganebashi,окулярнии міст,meganebashi,brillebroa,brillebrua,cau megane,pont megane,megane bridge,眼鏡橋,長崎眼鏡橋,眼鏡橋,長崎眼鏡橋,眼镜桥,메가네교,meganebasi,megane zubia"
6482,https://commons.wikimedia.org/wiki/Category:Yokozuna_Stone,Yokozuna Stone,monument_statue,"横綱力士碑,yokozuna stone,橫綱力士碑"
6489,https://commons.wikimedia.org/wiki/Category:Akasaka_Tower_Residence,Akasaka Tower Residence,tower,"akasaka tower residence,赤坂タワーレシテンス〜top of the hill,akasaka tower residence,赤坂塔樓公寓top of the hill,akasaka kulesi residence"
6541,https://commons.wikimedia.org/wiki/Category:Kawazu-Nanadaru_Loop_Bridge,Kawazu-Nanadaru Loop Bridge,bridge,"pont circulaire de kawazu-nanadaru,河津七滝ルーフ橋,七滝高架橋,kawazu-nanadaru loop bridge,nanadaru elevated bridge,ponte circolare di kawazu-nanadaru,kawazu-nanadaru loop bridge,河津七瀑布高架橋"
6566,https://commons.wikimedia.org/wiki/Category:Ry%C5%8Dgoku_Bridge,Ryōgoku Bridge,bridge,"両国橋,両國,ryogoku bridge,ryogoku bridge,ryogoku-bashi,pont de ryogoku,兩國橋,puente ryogoku,puente ryogoku,ryogoku-bashi,両国橋,ryogoku bridge,ryogokun silta,ryogoku koprusu"
6567,https://commons.wikimedia.org/wiki/Category:Kamagari_Bridge,Kamagari Bridge,bridge,"蒲刈大橋,мост камагари,міст камаґарі,pont kamagari,kamagari ohashi,kamagari bridge,kamagari ohashi,kamagari bridge"
6580,https://commons.wikimedia.org/wiki/Category:MALIOS,MALIOS,tower,"malios,マリオス,盛岡地域交流センター,盛岡市民文化ホール"
6593,https://commons.wikimedia.org/wiki/Category:Nomazaki_Lighthouse,Nomazaki Lighthouse,tower,"nomazaki lighthouse,野間埼灯台,野間灯台,野間埼燈塔"
