cluster_id,latitude,longitude,member,entities
0,34.70528156199339,135.49023968483274,"0,1,2,3,6,7,8,9,11,12,13,14,15,16,17,18,19,20,21,22,23,24,25,26,27,28,29,30,31,32,33,34,35,36,37,38,39,40,42,43,44,45,46,54,55,56,57,58,59,60,61,62,63,64,65,67,68,69,70,71,72,73,77,78,79,80,81,82,83,84,85,86,87,88,89,90,91,92,93,94,95,96,97,98,99,100,101,102,103,104,105,106,107,108,109,110,111,112,113,114,115,116,117,118,119,120,121,122,123,124,125,126,127,128,129,130,131,132,133,134,135,136,137,138,139,140,141,142,143,144,145,146,147,148,149,150,151,152,153,154,155,156,157,158,159,160,161,162,163,164,165,166,168,176,178,180,191,192,193,194,203,205,206,207,209,210,211,212,213,214,215,216,217,223,228,229,230,231,232,233,234,236,237,245,246,247,248,250,252,260,267,270,271,272,273,280,282,283,284,285,286,294,295,297,299,300,301,302,303,304,305,307,308,309,310,317,318,319,320,321,322,323,324,325,326,327,328,329,331,344,345,347,349,376,380,381,384,385,386,387,388,389,390,407,408,409,410,411,412,413,414,415,416,418,419,420,421,422,423,424","umeda sky building,umeda sky building,umeda sky building,umeda sky building,umeda sky building,umeda sky building observatory,highrisebuilding,skyscraper,osaka skyscraper,skyscraper,umeda sky building,umeda sky building,umeda sky building,umeda sky building,umeda sky building,umeda sky building,umeda sky building,umeda sky building,umeda sky building,umeda sky building,umeda sky building,umeda sky building,umeda sky building,umeda sky building,umeda sky building,umeda sky building,umeda sky building,umeda sky building,umeda sky building,umeda sky building,梅田スカイヒル,skyscraper,umeda sky building,梅田スカイヒルからの大阪夜景,梅田スカイヒルからの大阪夜景,梅田スカイヒルからの大阪都市風景,tower,610_0353,skyscraper,umeda sky tower,umeda sky building,umeda tower,umeda sky building,umeda sky building,umeda sky building,umeda skybuilding,梅田スカイヒル,umeda sky building,梅田スカイヒル,umeda sky building,梅田スカイヒル,umeda sky building,skyscraper,umeda sky building,梅田スカイヒル,umeda sky building,umeda sky building,umeda sky building,umeda sky building,skyscraper,skyscraper,梅田スカイヒル,osaka panorama sky tower,sky tower,sky tower,umeda sky tower,umeda sky building,umeda sky building,umeda sky building,skyscraper,梅田スカイヒル,梅田スカイヒル,梅田スカイヒル,梅田スカイヒル,梅田スカイヒル,梅田スカイヒル,梅田スカイヒル,梅田スカイヒル,skyscraper,skyscraper,umeda sky building,noirsaka tower,umeda tower,tower,space station,umeda sky building,umeda sky building,rascacielos,rascacielos,梅田スカイヒル"
1,34.68258656120332,135.1867379801718,"4,5,10,47,48,49,50,51,52,53,66,74,75,76,170,171,172,173,174,175,179,182,183,184,185,186,187,188,189,190,195,196,197,198,199,200,201,218,221,224,239,243,244,249,253,254,255,256,258,264,265,266,269,274,275,278,287,288,289,293,296,306,315,338,339,340,341,342,348,350,352,361,362,363,364,365,366,367,368,369,370,371,372,373,374,375,378,379,382,383,392,406,417,425,426,427,428,429,430,433","kobe port tower,kobe port tower,kobe port tower,kobe port tower,kobe port tower,神戸ホートタワー,kobe port tower,神戸ホートタワー,kobe port tower,神戸ホートタワー,kobe port tower,神戸ホートタワー,kobe port tower,神戸ホートタワー,kobe port tower,神戸ホートタワー,kobe port tower,神戸ホートタワー,kobe port tower,神戸ホートタワー,kobe port tower,神戸ホートタワー,kobe port tower,神戸ホートタワー,kobe port tower,神戸ホートタワー,kobe port tower,神戸ホートタワー,kobe port tower,神戸ホートタワー,kobe port tower,神戸ホートタワー,kobe tower,keihanshin metropolitan tower,tour de kobe,tour de kobe,port tower,port tower,tower,tower,tower,port tower,tower,tower,tower,tower,tower,tower,tower,kobe tower,kobe port tower,kobe port tower,kobe port tower,kobe port tower,bw tower,port tower,kobe port tower,神戸ホートタワー,kobe port tower,神戸ホートタワー,kobe port tower,神戸ホートタワー,kobe port tower,神戸ホートタワー,kobe port tower,神戶港塔,kobe port tower,kobe port tower,tower,tower,tower,tower,kobe port tower,tower,神戸ホートタワー,神戸ホートタワー,神戸港塔,神戸港塔,神戸港塔,神戸港塔,神戸港塔,kobe porttower,mosaic tower,kobeporttower,神戸ホートタワー,kobe porttower,kobeporttower,kobe porttower,kobeporttower,kobe porttower,kobeporttower,kobe porttower,kobeporttower,kobe porttower,kobeporttower,kobe porttower,kobeporttower,kobe porttower,kobeporttower,kobe porttower,kobeporttower,kobe porttower,kobeporttower,kobe porttower,kobeporttower,kobe porttower,kobeporttower,kobe porttower,kobeporttower,kobe porttower,kobeporttower,kobe port tower,kobe port tower,神戸ホートタワー,tower,tower,tower,神戶塔,神戶塔,kobe,kobe port tower,神戸ホートタワー,kobe port tower,神戸ホートタワー,kobe port tower,神戸ホートタワー,kobe port tower,神戸ホートタワー,神戸ホートタワー,kobe port tower,神戸ホートタワー,神戸ホートタワー"
2,34.68010589244711,135.18480814945818,"41,167,169,177,181,202,204,208,219,220,222,225,226,227,235,238,240,241,242,251,257,259,261,262,263,268,276,277,279,281,290,291,292,298,311,312,313,314,316,330,332,333,334,335,336,337,343,346,351,353,354,355,356,357,358,359,360,377,391,393,394,395,396,397,398,399,400,401,402,403,404,405,431,432","kobe port tower,leia q2 tower,神戸ホートタワー,神戸ホートタワー,神戸ホートタワー,tower,tower,tower,tower,kobe port tower,kobe port tower,port tower,port tower,kobe port tower,tower,tower,tower,tower,tower,tower,tower,神戶港塔,神戶港塔,神戶港塔,tower,tower,tower,tower,tower,tower,tower,tower,神戸ホートタワー,神戸ホートタワー,神戸ホートタワー,神戸ホートタワー,kobe port tower,神戸ホートタワー,神戸港塔,神戸港塔,神戸港塔,神戸港塔,tower,mosaic tower,mosaic tower,mosaic tower,mosaic tower,mosaic tower,mosaic tower,mosaic tower,mosaic tower,mosaic tower,lighthouse tower,神戶塔,神戶塔,神戶塔,神戶塔,神戶塔,神戶塔,神戶塔,神戶塔,神戶塔,神戶塔,神戶塔,port tower"
3,34.64603213283323,135.51343387971676,"434,435,437,452,484,512,513,627,628,828,840,845,854,858,870,873,874,892,902,903,915,918,919,920,921,922,923,924,925,926,953,954,955,956,957,958,959,960,961,962,963,964,965,966,967,968,969,970,971,972,973,974,975,976,977,978,979,980,981,982,983,984,985,986,987,988,989,990,991,992,993,994,995,996,997,998,999,1008,1016,1021,1023,1025,1110","harukas tower,harukas tower,harukas 300,harukas 300,abeno harukas,abenoharukas tower,tower,turm,abeno harukas,abenoharukas,abeno harukas,abenoharukas,abeno harukas tower,harukas tower,abeno harukas,abeno harukas,harukas 300,skyscraper,tsutenkaku tower,tsutenkakutower,abeno harukas-69,abeno harukas-2,abeno harukas-3,abeno harukas-5,abeno harukas-6,abeno harukas-7,abeno harukas-9,abeno harukas-8,abeno harukas-12,abeno harukas-14,abeno harukas-15,abeno harukas-16,abeno harukas-18,abeno harukas-21,abeno harukas-23,abeno harukas-25,abeno harukas-26,abeno harukas-27,abeno harukas-28,abeno harukas-29,abeno harukas-31,abeno harukas-33,abeno harukas-35,abeno harukas-37,abeno harukas-39,abeno harukas-40,abeno harukas-41,abeno harukas-44,abeno harukas-46,abeno harukas-49,abeno harukas-50,abeno harukas-51,abeno harukas-54,abeno harukas-55,abeno harukas-58,abeno harukas-63,abeno harukas-64,abeno harukas-65,abeno harukas-66,abeno harukas-67,abeno harukas-70,abeno harukas-71,abeno harukas-73,abeno harukas-72,abeno harukas-22,abeno harukas-68,abeno harukas-52,あへのハルカス,abeno harukas,abeno harukas,abeno harukas,tsutenkaku tower,tsutenkakutower,park tower"
4,34.65232154141327,135.50613803715382,"436,438,439,440,441,442,443,444,446,448,449,450,453,454,455,456,458,459,460,463,464,465,468,469,470,471,472,473,474,475,476,477,478,481,482,485,486,487,488,489,490,491,492,493,499,500,501,502,503,504,505,506,507,509,510,511,514,518,520,521,522,523,524,525,529,590,621,624,625,626,636,637,771,774,775,776,777,784,785,786,787,788,789,790,791,792,793,797,798,824,826,829,835,836,837,847,848,849,850,851,852,853,855,857,860,863,864,865,866,867,868,872,876,877,880,881,884,885,886,893,894,895,896,897,899,907,908,909,910,911,912,913,914,950,1007,1009,1010,1012,1014,1015,1020,1026,1041,1042,1043,1044,1045,1052,1054,1057,1058,1059,1068,1069,1070,1077,1079,1080,1081,1082,1083,1084,1085,1086,1087,1088,1089,1090,1091,1092,1093,1094,1095,1096,1097,1098,1099,1100,1101,1102,1103,1104,1105,1106,1107,1108,1109,1111,1117,1123,1125,1127,1129,1133,1134,1145,1157,1162,1164,1165,1166,1167,1168,1178,1191,1192,1193,1194,1195,1196,1197,1198,1199,1200,1226,1227,1228,1229,1230,1231,1232,1233,1234,1235,1236,1237,1238,1240,1251,1252,1254,1255,1256","tsutenkakutower,tsutenkaku tower,tsutenkaku tower,tsutenkaku tower,tsutenkaku tower,tsutenkaku tower,tsutenkaku tower,tsutenkaku tower,tsutenkaku tower,tsutenkaku tower,tsutenkaku tower,tsutenkaku tower,tsutenkaku tower,tsutenkaku tower,tsutenkaku,tsutenkaku,tsutenkaku,tsutenkaku,tsutenkaku,tsutenkaku,通天閣,tsutenkaku,通天閣,tsutenkaku,通天閣,tsutenkaku,通天閣,tsutenkaku,tsutenkakutower,通天閣,tsutenkaku,tsutenkaku tower,tsutenkaku tower,osaka tower,osaka tower,tsutenkaku,tsutenkakutower,tsutenkaku,tsutenkakutower,tsutenkaku,tsutenkakutower,tsutenkaku tower,tsutenkaku tower,tsutenkaku tower,tsutenkaku tower,tsutenkaku tower,tsutenkaku tower,osaka tower,osaka tower,osaka tower,tsutenkaku tower,tsutenkaku,tsutenkaku,tsutenkaku,shinsekai,shinsekai,silhouette tower,tsutenkaku tower,tsutenkaku tower,tsutenkaku tower,tsutenkaku tower,tsutenkaku tower,shinsekai,tsutenkaku,tsutenkaku tower,torre,tower,torre,tower,torre,tower,torre,tower,torre,tower,torre,tower,torre,tower,torre,tower,tsutenkaku,tsutenkaku tower,tsutenkaku tower,tsutenkaku,tsutenkaku tower,tsutenkaku tower,tsutenkaku tower,tsutenkaku tower,ebisuhigashi tsutenkaku tower,tsutenkaku tower,tsutenkaku tower,tsutenkaku tower,tsutenkaku,tsutenkaku,tsutenkaku tower,tsutenkaku,tsutenkaku,tsutenkaku,tsutenkaku tower,tsutenkaku tower,tsutenkaku tower,tsutenkaku tower,tsutenkaku,tsutenkaku,shinsekai,tsutenkaku,tsutenkaku tower,tsutenkaku tower,tsutenkaku,tsutenkakutower,通天閣,tsutenkaku,tsutenkaku,通天閣,tsutenkaku,tsutenkaku,tsutenkaku,tsutenkaku,tsutenkaku,tsutenkaku,torre tsutenkaku,tsutenkaku,tsutenkaku_2,tsutenkaku,tower,tower,osaka tower,tsutenkaku tower,tsutenkaku,tsutenkaku tower,tsutenkaku tower,tower,tsutenkaku_1,tsutenkaku,tsutenkaku,tsutenkaku,tsutenkaku tower,tsutenkaku tower,tsutenkaku tower,tsutenkaku tower,tsutenkaku,通天閣,tsutenkaku,tsutenkaku,tower,通天閣,通天閣,通天閣,通天閣,the new world,tsutenkaku tower,通天閣,tsutenkaku tower,tsutenkaku,tsutenkaku tower,tsutenkaku,urban tower,p8230765,the descent tower,p1827,通天閣,通天閣,tower,通天閣,通天閣入口,通天閣,通天閣,通天閣,sky tower,通天閣,通天閣,tsutenkaku,通天閣,tsutenkaku,通天閣,tutenkaku,通天閣,tsutenkaku,tsutenkaku,通天閣2,通天閣,通天閣,tsutenkaku,tsuutenkaku,sinsekai and tsutenkaku tower,tsutenkaku,sinsekai and tsutenkaku tower,tsutenkaku,sinsekai and tsutenkaku tower,tsutenkaku,sinsekai and tsutenkaku tower,tsutenkaku,通天閣,通天閣,tsutenkaku,tsutenkaku,tsutenkaku,通天閣店,tsutenkaku,tsutenkaku,tower,tsutenkaku,tsutenkaku,tsutenkaku,通天閣店,tsutenkaku,通天閣店,tsutenkaku,fish tower,tsutenkaku,travel tower,tsutenkaku,tsutenkaku,tsutenkaku tower"
5,34.9869660762728,135.75916049063383,"445,447,451,457,461,462,466,467,479,480,483,494,495,496,497,498,508,515,516,517,519,526,527,528,530,535,536,537,538,539,540,541,542,543,544,545,553,554,555,556,557,558,559,560,561,562,563,564,565,566,567,568,569,570,571,572,573,574,575,576,577,578,579,580,581,582,583,584,585,586,587,588,589,591,592,593,594,595,596,597,598,599,600,601,602,603,604,605,606,607,608,609,610,611,612,613,614,615,616,617,618,619,620,622,623,629,630,631,632,633,634,635,640,641,642,643,644,645,646,647,648,649,650,651,652,653,654,655,656,657,658,659,660,661,662,663,664,665,666,667,668,669,670,671,672,673,674,675,676,677,678,679,680,681,682,683,684,685,686,687,688,689,690,691,692,693,694,695,696,697,698,699,700,701,702,703,704,705,706,707,708,709,710,711,712,713,714,715,716,717,718,719,720,721,722,724,725,726,727,728,729,730,767,768,769,770,772,773,778,779,780,781,782,783,794,795,796,799,800,801,802,803,804,805,806,807,808,809,810,811,812,813,814,815,816,817,818,819,820,821,822,823,825,827,830,831,832,833,834,838,839,841,842,843,844,846,856,859,861,862,869,871,875,879,882,883,887,888,889,890,891,898,900,901,904,905,906,916,917,927,928,929,930,931,932,933,934,935,936,937,938,939,940,941,942,943,944,945,946,947,948,949,951,952,1000,1001,1002,1003,1004,1005,1006,1011,1013,1017,1018,1019,1022,1024,1027,1028,1029,1030,1031,1032,1033,1034,1035,1036,1037,1038,1039,1040,1046,1047,1048,1049,1050,1051,1053,1055,1056,1060,1061,1062,1063,1064,1065,1066,1067,1071,1072,1073,1074,1075,1076,1078,1112,1113,1114,1115,1116,1118,1119,1120,1121,1122,1124,1126,1128,1130,1131,1132,1135,1136,1137,1138,1139,1140,1141,1142,1143,1144,1146,1147,1148,1149,1150,1151,1152,1153,1154,1155,1156,1158,1159,1160,1161,1163,1169,1170,1171,1172,1173,1174,1175,1176,1177,1179,1180,1181,1182,1183,1184,1185,1186,1187,1188,1189,1190,1201,1202,1203,1204,1205,1206,1207,1208,1209,1210,1211,1212,1213,1214,1215,1216,1217,1218,1219,1220,1221,1222,1223,1224,1225,1239,1241,1242,1243,1244,1245,1246,1247,1248,1249,1250,1253","kyoto tower,kyoto tower,kyoto tower,京都タワー,kyoto tower,京都タワー,京都タワー,kyoto tower,京都タワー,kyoto tower,kyoto tower,tower,kyoto tower,kyoto tower,twin kyoto tower,kyoto tower,京都タワー,kyoto tower,京都タワー,kyoto tower,kyoto tower,kyoto tower,hiroshi hara tower,kyoto tower,kyoto tower,kyoto tower,tower,tower,tower,tower,tower,tower,tower,tower,tower,tower,tower,tower,tower,tower,tower,tower,tower,tower,tower,tower,tower,tower,tower,tower,tower,tower,tower,tower,tower,tower,tower,tower,tower,tower,tower,tower,tower,tower,tower,tower,tower,tower,tower,kyototower,kyototower,kyototower,kyototower,kyototower,kyototower,kyototower,kyototower,kyototower,kyototower,kyototower,kyototower,kyototower,kyototower,kyototower,kyototower,kyototower,kyototower,kyototower,kyototower,kyototower,kyototower,kyoto tower,kyototower,kyototower,kyototower,kyototower,kyototower,kyototower,kyoto tower,京都タワー,tower,tower,tower,tower,tower,tower,tower,tower,tower,tower,tower,tower,tower,kyoto tower,京都タワー,kyoto tower,京都タワー,京都塔,kyoto tower,京都塔,kyoto tower,kyoto tower,京都タワー,municipal tower,kyoto tower,kyoto tower,tower,kyoto tower,tower,kyoto tower,tower,kyoto tower,tower,kyoto tower,tower,kyoto tower,tower,kyoto tower,tower,kyoto tower,tower,kyoto tower,tower,kyoto tower,tower,kyoto tower,tower,kyoto tower,tower,kyoto tower,tower,kyoto tower,tower,kyoto tower,tower,kyoto tower,tower,kyoto tower,tower,kyoto tower,tower,kyoto tower,tower,kyoto tower,tower,kyoto tower,tower,kyoto tower,tower,tower,torre,kyoto tower,tower,kyoto tower,kyoto tower,kyoto tower,kyoto tower,kyoto tower,kyoto tower,kyoto tower,kyoto tower,tower,tower,kyoto tower,kyoto tower,kyoto tower,kyoto tower,kyoto tower,kyoto tower,kyoto tower,kyoto tower,kyoto tower,tower,the kyoto tower,kyoto tower,kyoto tower,kyoto tower,kyoto tower,kyoto tower_1,kyoto tower,kyoto tower,tower,kyoto tower,kyoto tower,kyoto tower,京都タワー,kyoto tower,tower,kyoto tower,京都タワー,京都塔,kyoto tower,kyoto tower,kyoto tower,kyoto tower,kyoto tower,kyoto tower,kyoto tower,kyoto tower,kyoto tower,kyoto tower,kyoto tower,kyoto tower,kyoto tower,kyoto tower,kyoto tower,kyoto tower,kyoto tower,kyoto tower,tower,tower,kyoto tower,kyoto tower,kyoto tower,kyoto tower,tower,torre,京都塔,京都タワー,京都タワー,kyoto tower,beacon tower,kyoto tower,kyoto tower,kyoto tower,kyoto tower,tower,tower,京都タワー,kyoto tower,京都塔,kyoto tower,京都タワー,京都タワー,京都タワー,京都タワー,kyoto tower,京都タワー,kyoto tower,kyoto station,京都タワー,kyoto tower,tower,basemelgabry,the kyoto tower,kyoto tower,kyoto tower,京都タワー,京都タワー,jet stream tower,京都タワー,kyoto tower,京都タワー,kyoto tower,kyoto tower,kyoto tower,kyoto tower,kyoto tower,kyoto city tower,京都塔,kyoto tower,125 city tower,kyoto tower,japon,京都塔,京都塔,kyoto tower,京都タワー,京都タワー,kyoto tower,京都タワー,reflection tower,京都タワー,kyoto tower,kyoto tower,京都タワー,京都タワー,京都タワー,kyoto tower,kyoto tower,京都タワー,京都タワー,kyoto tower,kyoto tower,kyoto,kyoto tower,tower,tower,kyoto tower,reflection tower,kyoto tower,kyoto tower,京都タワー,モタンな京都タワー,modern kyoto tower,tower,tower,kyoto station,candle tower,kyoto tower,tower,京都タワー,京都タワー,京都タワー,京都タワー,京都タワー,京都タワー,京都タワー,kyoto tower,kyoto tower,京都タワー,京都タワー,京都タワー,京都タワー,kyoto tower,kyoto tower,building tower,kyoto tower,kyoto tower,kyoto tower,kyoto tower,kyoto tower,kyoto tower,kyoto tower,kyoto tower,kyoto tower,kyoto tower,kyoto tower,kyoto tower,kyoto tower,kyoto tower,kyoto tower,kyoto tower,kyoto tower,京都タワー,京都タワー,kyoto tower,kyoto tower,kyoto tower,reflection,reflection tower,kyoto tower,京都タワー,京都タワー,kyoto tower,kyoto tower,kyoto,kyoto,kyoto,kyoto,kyoto,kyoto,kyoto,tower,tower,kyoto tower,京都タワー,京都タワー,kyoto tower,tower,京都タワー,kyoto tower,京都タワー,tower,kyoto tower,kyoto tower,kyoto tower,kyoto,kyoto tower,tower,京都タワー,tower"
6,34.98603192156985,135.74225847058776,"531,532,533,534,546,547,548,549,550,551,552,638,639,723,731,732,733,734,735,736,737,738,739,740,741,742,743,744,745,746,747,748,749,750,751,752,753,754,755,756,757,758,759,760,761,762,763,764,765,766,878","tower,tower,tower,tower,tower,tower,tower,tower,tower,tower,tower,tower,tower,tower,tower,tower,tower,tower,tower,tower,tower,tower,tower,tower,tower,tower,tower,tower,tower,tower,tower,tower,tower,tower,tower,tower,tower,tower,tower,tower,tower,tower,tower,tower,tower,west tower"
7,35.089682999999965,136.88081799999998,"1263,1264,1265,1266,1267,1268,1269,1270,1271,1272,1273,1274,1275,1276,1277,1278,1279,1280,1281,1282,1283,1284,1285,1286,1287,1288,1289,1290,1291,1292,1293,1294,1295,1296,1297,1298,1299,1300,1301,1302,1303,1304,1305,1306,1307,1308,1309,1310,1311,1312,1313,1314,1315,1316,1317,1318","nagoyamaritimemuseumtower,nagoyamaritimemuseumtower,nagoyamaritimemuseumtower,nagoyamaritimemuseumtower,nagoyamaritimemuseumtower,nagoyamaritimemuseumtower,nagoyamaritimemuseumtower,nagoyamaritimemuseumtower,nagoyamaritimemuseumtower,nagoyamaritimemuseumtower,nagoyamaritimemuseumtower,610_0732,nagoyamaritimemuseumtower,nagoyamaritimemuseumtower,610_0734,nagoyamaritimemuseumtower,nagoyamaritimemuseumtower,nagoyamaritimemuseumtower,nagoyamaritimemuseumtower,nagoyamaritimemuseumtower,nagoyamaritimemuseumtower,nagoyamaritimemuseumtower,nagoyamaritimemuseumtower,nagoyamaritimemuseumtower,nagoyamaritimemuseumtower,610_0762,nagoyamaritimemuseumtower,nagoyamaritimemuseumtower,nagoyamaritimemuseumtower,nagoyamaritimemuseumtower,nagoyamaritimemuseumtower,nagoyamaritimemuseumtower,nagoyamaritimemuseumtower,nagoyamaritimemuseumtower,610_0783,nagoyamaritimemuseumtower,nagoyamaritimemuseumtower,nagoyamaritimemuseumtower,nagoyamaritimemuseumtower,nagoyamaritimemuseumtower,nagoyamaritimemuseumtower,nagoyamaritimemuseumtower,nagoyamaritimemuseumtower,610_0792,nagoyamaritimemuseumtower,610_0793,nagoyamaritimemuseumtower,d71_2736,nagoyamaritimemuseumtower,d71_2740,nagoyamaritimemuseumtower,d71_2743,nagoyamaritimemuseumtower,d71_2744,nagoyamaritimemuseumtower,d71_2746,nagoyamaritimemuseumtower,d71_2751,nagoyamaritimemuseumtower,d71_2755,nagoyamaritimemuseumtower,d71_2761,nagoyamaritimemuseumtower,d71_2765,nagoyamaritimemuseumtower,d71_2766,nagoyamaritimemuseumtower,d71_2767,nagoyamaritimemuseumtower,d71_2770,nagoyamaritimemuseumtower,d71_2772,nagoyamaritimemuseumtower,d71_2773,nagoyamaritimemuseumtower,d71_2774,nagoyamaritimemuseumtower"
8,35.17054345125023,136.90932904929485,"1257,1258,1259,1260,1261,1262,1319,1320,1321,1322,1323,1324,1325,1326,1327,1328,1329,1330,1331,1332,1333,1334,1335,1336,1337,1338,1339,1340,1341,1342,1343,1344,1345,1346,1347,1348,1349,1350,1351,1352,1353,1354,1355,1356,1357,1358,1359,1360,1361,1362,1363,1364,1365,1366,1367,1368,1369,1370,1371,1372","chubu electric power mirai tower,bertone,mirai tower,nagoya tower,night view tv tower,oasis 21,nagoya tower,tower,nagoya tv tower,the nagoya tv tower,名古屋テレヒ塔,the nagoya tv tower,名古屋テレヒ塔,tower,torre,タワー,tawa,nagoya12678,tv tower,sunset urban tower,oasis21,nagoya tv tower,oasis21,nagoya tv tower,nagoya tv tower,名古屋テレヒ塔,nagoya6408,nagoya6401,urban tower,urban tower,urban tower,urban tower,urban tower,nagoya4225,tower,oasis 21"
9,35.29975062545697,139.47844707152086,"1373,1374,1375,1376,1377,1378,1379,1380,1381,1382,1383,1384,1385,1386,1387,1388,1389,1390,1391,1392,1393,1394,1395,1396,1397,1398,1399,1400,1401,1402,1403,1404,1405,1406,1407,1408,1409,1410,1411,1412,1413,1414,1415,1416,1417,1418,1419,1420,1421,1422,1423,1424,1425,1426,1427,1428","torre,tower,mine-m_100-5490ug,mine-m5_100-0788ug,mine-m5_100-0789ug,mine-m5_100-0791ug,mine-m5_100-0798ug,mine-m5_100-0802ug,mine-m5_100-0801ug,enoshima lighthouse,enoshima lighthouse,enoshima lighthouse observation tower,enoshima lighthouse observation tower,enoshima lighthouse observation tower,enoshima lighthouse observation tower,enoshima lighthouse observation tower,enoshima lighthouse observation tower,enoshima lighthouse observation tower,enoshima lighthouse observation tower,enoshima lighthouse observation tower,enoshima lighthouse observation tower,enoshima lighthouse observation tower,enoshima lighthouse observation tower,enoshima lighthouse observation tower,enoshima lighthouse observation tower,enoshima,enoshima,lighthouse,enoshima,enoshima,enoshima,enoshima observatory tower,enoshima"
10,35.66064209242381,139.72942115285136,"1430,1431,1432,1451,1453,1474,1490,1491,1492,1493,1508,1621,1622,1625,1637,1639,1642,1710,1711,1712,1713,1714,1715,1716,1717,1718,1719,1720,1721,1722,1723,1771,1824,1825,1881,1911,1912,1913,1914,1915,2258,2275,2330,2420,2431,2594,2595,2599,2711,2712,2728,2729,2955,3113,3244,3474,3545,3546,3547,3826,3834,3838,3839,3840,3841,3842,3843,3844,3845,3846,3847,3848,3849,3850,3851,3852,3853,3854,3855,3856,3857,3858,3859,3860,3861,3862,3863,3864,3865,3876,3877,3904,3905,3935,3943,3945,3946,3947,3948,3950,3995,3996,3997,3998,3999,4000,4031,4042,4113,4175,4176,4177,4178,4211,4218,4219,4237,4292,4293,4294,4304,4371,4372,4373,4374,4375,4442,4524,4544,4555,4573,4592,4647,4817,4830,4982,4989,5153,5259,5269,5453,5454,5455,5456,5457,5458,5481,5572,5573,5574,5575,5576,5577,5578,5579,5580,5581,5582,5583,5629,5630,5631,5664,5665,5666,5667,5668,5669,5670,5710,5728,5795,5863,5864,5866,5867,5868,5878,5997,5998,6001,6004,6054,6081,6082,6092,6117,6129,6131,6227,6228,6237,6271,6341,6349,6383,6395,6429,6430,6431,6433,6477,6498,6499,6519,6546,6719,6720,6766,6863,6882,6899,6933,6967,6982,6985,7013,7038,7073,7076,7083,7215,7220,7224,7227,7235,7240,7252,7253,7254,7255,7256,7261,7278,7302,7303,7307,7317,7337,7604,7608,7609,7624,7627,7628,7630,7653,7666,7667,7668,7669,7670,7671,7672,7673,7674,7675,7676,7677,7678,7679,7680,7681,7682,7683,7684,7768,7789,7827,7876,7879,7880,7881,7882,7883,7884,7887,7892,7894,7899,7900,7910,7918,7920,7931,7932,7942,7945,7950,7969,7974,7976,7977,7978,7979,7980,7981,7982,7983,8005,8007,8017,8018,8019,8020,8021,8022,8023,8024,8025,8026,8027,8028,8029,8030,8031,8032,8033,8034,8035,8036,8037,8045,8050,8052,8055,8060,8061,8064,8065,8083,8085,8094,8095,8096,8108,8120,8121,8122,8124,8136,8152,8166,8176,8183,8230,8231,8236,8253,8255,8293,8319,8321,8327,8328,8329,8330,8331,8332,8336,8337,8338,8339,8342,8344,8345,8346,8356,8357,8368,8369,8384,8394,8410,8411,8414,8415,8416,8417,8418,8432,8435,8461,8462,8463,8464,8467,8485,8487,8548,8549,8550,8551,8552,8553,8666,8681,8764,8768,8898,8903,8904,8905,8906,8907,8908,8909,8910,8935,8936,8975,8981,8982,8983,9001,9002,9003,9004,9005,9006,9007,9008,9010,9011,9012,9013,9014,9015,9016,9017,9018,9019,9020,9021,9022,9023,9024,9025,9026,9027,9028,9029,9030,9031,9032,9033,9034,9035,9036,9037,9038,9039,9040,9041,9042,9043,9044,9045,9046,9047,9048,9049,9050,9051,9052,9053,9054,9055,9069,9078,9094,9108,9111,9118,9120,9151,9190,9191,9192,9213,9219,9220,9221,9222,9223,9308,9325,9328,9329,9330,9331,9332,9339,9340,9391,9403,9404,9409,9423,9429,9430,9431,9432,9433,9434,9435,9436,9437,9438,9445,9446,9447,9448,9449,9455,9456,9457,9481,9484,9485,9486,9487,9488,9489,9490,9491,9492,9493,9494,9495,9496,9497,9498,9499,9500,9501,9502,9503,9504,9505,9508,9509,9510,9511,9512,9513,9514,9538,9539,9540,9541,9542,9543,9544,9545,9546,9547,9548,9549,9550,9551,9552,9553,9554,9555,9556,9557,9558,9559,9560,9561,9562,9563,9564,9565,9566,9567,9568,9569,9570,9571,9572,9573,9574,9575,9576,9577,9578,9579,9580,9581,9582,9583,9584,9585,9586,9587,9599,9600,9604,9625,9626,9627,9656,9674,9675,9676,9677,9678,9679,9680,9681,9682,9726,9727,9728,9729,9730,9731,9732,9733,9734,9735,9736,9737,9738,9766,9767,9768,9819,9836,9837,9871,9873,9874,9875,9880,9881,9910,9938,9952,9953,9977,10019,10020,10021,10022,10034,10040,10041,10048,10063,10064,10083,10085,10102,10124,10125,10126,10127,10128,10129,10130,10131,10132,10133,10134,10135,10136,10137,10138,10139,10140,10141,10142,10144,10145,10146,10147,10148,10149,10179,10180,10196,10286,10287,10288,10289,10290,10291,10292,10293,10294,10295,10296,10297,10298,10299,10300,10326,10335,10350,10360,10364,10365,10366,10369,10370,10386,10403","tokyo,tokyotower,mori tower,moritower,moritower,tokyo tower,tokyo tower,tokyotower,tower,moritower,tokyo tower,tokyotower,tokyo tower,azabudai,roppongihillsmoritower,mori building,tokyo tower,tokyo tower,mori tower,moritower,mori tower,moritower,mori tower,moritower,mori tower,moritower,mori tower,moritower,mori tower,mori tower,moritower,tokyo tower,tokyo tower,tokyo tower,tokyo tower,tokyo tower,tokyo tower,tokyo tower,tokyo tower,tokyo tower,mori tower,moritower,mori tower,moritower,tokyo,tokyotower,moritower,moritower,tokyo tower,roppongi hills mori tower,tokyo tower_4,東京タワー,tokyotower,tower,tokyo tower,tokyo tower,mori tower,mori tower,mine-m5_100-1152ug,mine-m5_100-1153ug,mine-m5_100-1157ug,mine-m5_100-1158ug,mine-m5_100-1159ug,mine-m5_100-1160ug,mine-m5_100-1161ug,mine-m5_100-1162ug,mine-m5_100-1164ug,東京タワー,東京タワー,東京タワー,東京タワー,mine-m5_100-1234ug,mine-m5_100-1235ug,mine-m5_100-1241ug,tokyo tower,tokyo,mori tower,tokyo,mori tower,tokyo tower,tokyo,tower,tokyo,tower,moritower,roppongi hills mori tower,roppongi hills mori tower,gotham tower,mori tower,tokyo tower,mori tower,tokyo tower,mori tower,mori tower,mori tower,mori tower,東京タワー,tokyotower,東京タワー,東京鐵塔,tokyotower,東京タワー,東京鐵塔,tokyotower,東京タワー,東京鐵塔,tokyotower,東京タワー,東京鐵塔,tokyotower,東京タワー,tower,tower,tokyo tower,tokyo tower,tokyotower,東京タワー,tokyotower,東京タワー,tokyotower,東京タワー,tokyo,tower,東京タワーの夜景,東京タワー,tokyo tower,東京タワーの夜景,東京タワー,tokyo tower,tower,tokyo tower,tokyo tower,tokyo tower,tokyo tower,東京,tokyo,tokyotower,東京タワー,tokyotower,東京タワー,tokyotower,東京タワー,tokyotower,東京タワー,tokyotower,東京タワー,mori tower,moritower,tokyo tower,roppongi hills mori tower,roppongi hills mori tower,tower,moritower,tokyotower,東京タワー,tokyoskytree,東京スカイツリー,tokyo tower,tokyo tower,roppongihillsmoritower,moritower,cherry blossoms tree architecture skyscraper,tokyo,tokyo tower,roppongi tower,tokyo tower,tokyo tower,tokyotower,東京タワー,tokyotower,東京タワー,東京タワー,東京タワー,東京タワー,東京タワー,東京タワー,森タワー,東京タワー,森タワー,東京タワー,森タワー,東京タワー,森タワー,東京タワー,森タワー,東京タワー,森タワー,東京タワー,森タワー,東京タワー,森タワー,東京タワー,森タワー,東京タワー,森タワー,東京タワー,森タワー,東京タワー,森タワー,東京タワー,skydeck of roppongi hills,skydeck of roppongi hills,skydeck of roppongi hills,tokyotower,東京タワー,tokyotower,東京タワー,tokyotower,東京タワー,tokyotower,東京タワー,tokyotower,東京タワー,tokyotower,東京タワー,tokyotower,東京タワー,tokyo,tower,tower,tokyotower,tokyotower,tokyo tower,tokyo tower,tokyo tower,minato,tokyo tower,東京鐵塔,tower,urban tower,mori tower,tokyo tower,tower,blue tower,tower,tokyo tower,the mori tower,azabujuban,東京タワー,tower from the hill,skyscraper,tokyo,tower,虎ノ門ヒルス,mori tower,tokyotower,東京タワー,moritower,mori tower,東京タワー,mori tower,mori tower,city tower,東京タワー,tokyo tower,tokyo,東京タワー,urban tower,mori tower,shiodome,mori tower,shiodome,六本木ヒルスアリーナ,六本木ヒルスアリーナ,六本木ヒルスアリーナ,六本木ヒルスアリーナ,mori tower,moritower,東京タワーから,東京スカイツリー,東京タワー,tokyo,roppongi hills tower,mori tower,mori tower,tokyo tower,tower of chain,鎖の塔,tokyo tower,nara tower,moritower,東京タワー,mori tower,mori tower,mori tower,mori tower,mori tower,mori tower,mori tower,mori tower,mori tower,mori tower,mori tower,mori tower,mori tower,mori tower,tokyo tower,tokyo tower,mori tower,東京タワー,東京鐵塔,東京鐵塔,東京鐵塔,東京鐵塔,東京鐵塔,東京鐵塔,東京鐵塔,bw tower,tokyo tower,tokyo tower,東京鐵塔,東京鐵塔,六本木ヒルス,maman & mori tower,mori tower,roppongi tower,tokyo,travel tower,japan,roppongi dori,japan,roppongi dori,mori tower,tokyo tower,mori tower,tokyo tower,tokyo tower,mori tower,tokyo tower,roppongi and tokyo tower,tokyo tower,moritower,tower,blue sky tower,tower,tokyo tower,sky tree,tokyo tower,sky tree,東京タワー,tower,moritower,tokyo tower,東京タワー,東京タワー,tokyo tower,mori tower,mori,roppongi hills tower,tokyo tower,mori tower,moritower,sky tower,tower,mori garden and the tokyo tower,roppongi hills,tokyo tower,urban moon tower,roppongi hills view #6,東京タワー,tokyo,red tower,the mori tower,tokyo tower,roppongi,roppongi,tokyotower,moritower,東京タワー,東京タワー,東京タワー,東京タワー,tokyo tower,東京タワー,city tower,tower,森タワーから東京タワーか見えます,東京タワー,森タワー,tower,tower,tower,tower,tower,tower,moritower,tower,tower,tower,mori tower,mori tower,mori tower,mori tower,mori tower,mori tower,mori tower,mori tower,mori tower,tokyotower,東京タワー,tokyotower,東京タワー,tokyo tower,東京タワー,東京タワー,東京タワー,tower,tower,tower,tower,tower,tower,tower,tower,mori tower,mori tower,mori tower,mori tower,mori tower,mori tower,mori tower,mori tower,mori tower,mori tower,mori tower,mori tower,mori tower,mori tower,mori tower,mori tower,mori tower,mori tower,mori tower,mori tower,mori tower,mori tower,mori tower,mori tower,mori tower,mori tower,mori tower,mori tower,mori tower,mori tower,mori tower,mori tower,mori tower,mori tower,mori tower,mori tower,mori tower,mori tower,mori tower,mori tower,mori tower,mori tower,mori tower,mori tower,roppongi station,roppongi station,東京タワー,the tokyo tower,東京タワー,roppongi hills mori tower,tower,mori tower,mori tower,森タワー,東京タワー,tokyo tower,東京タワー,東京タワー,tokyo tower,東京タワー,東京タワー,tokyo tower,東京タワー,もりたわー tower,skydeck tower,skydeck tower,49 tower,tokyo tower,東京タワー,東京タワー,shinjuku,sunset tower,tokyo tower,tower,東京タワー,tokyo tower,tokyo tower,東京タワー,tower,tower,tower,tokyo tower,tower,tower,tower,tokyo tower,tower,tower,tokyo tower,東京タワー,東京タワー,the tokyo tower,東京タワー,東京タワー,the tokyo tower,東京タワー,東京タワー,tokyo tower,keyaki-zaka tower,東京タワー,東京タワー,tokyo tower,東京タワー,mori tower,moritower,tokyo tower,uwa 1838,uwa 1838,uwa 1838,uwa 1838,uwa 1838,uwa 1838,uwa 1838,mori tower,mori tower,mori tower,mori tower,mori tower,mori tower,mori tower,tower,tower,tower,tower,tower,tower,tower,tower,tower,tower,tower,tower,tower,tower,tower,tower,tower,tower,tower,tokyo tower,tokyo tower,tower,mori tower,moritower,tokyotower,tokyo tower,tokyo tower,東京タワー,tokyo tower,twilight tower,東京タワー,meiji jingu gaien,moritower,tokyo tower,izumi garden tower,izumigardentower,tokyo tower,mori tower,moritower,mori tower,mori tower,moritower,mori tower,moritower,moritower,docomotower,nttdocomoyoyogibuilding,nttdocomotower,mori tower,moritower,mori tower,mori tower,mori tower,mori tower,moritower,mori tower,tokyo tower,mori tower,東京タワー,tokyotower,東京タワー,東京タワー,moritower,森タワーとハラ,森タワー,mori tower,tokyo tower,東京タワー,tokyo tower,東京タワー,kaitain,the mori building,mori tower,mori tower,mori tower,mori tower,tower,the mori tower,the mori tower,mori tower,tokyo tower,tower,blue skyscraper,d300,tokyo tower,keyakizaka,prada aoyama tower,sunset tower,tokyo sunset tower,shinjuku skyline tower,residence c tower,roppongi hills residences,residence d and gate tower,rainbow bridge,tokyo bay tower,tokyo midtown tower,mori tower,moritower,tokyotower,d300,d300,roppongi hills tower,六本木ヒルス森タワー,the red tower,tokyotower,東京タワー,東京タワー,東京タワー,六本木ヒルス森タワー,mori tower,autostitch panorama tower,東京タワー,東京タワー,東京タワー,blue tower,東京タワー,tokyo tower,the tower of bits,p1000792"
11,35.657041128368164,139.75135193662734,"1433,1434,1435,1445,1454,1455,1459,1460,1461,1462,1463,1464,1465,1466,1467,1473,1475,1477,1478,1484,1510,1511,1512,1513,1516,1518,1519,1520,1522,1523,1526,1530,1536,1537,1538,1539,1540,1541,1542,1619,1620,1638,1645,1646,1649,1653,1659,1660,1673,1674,1675,1676,1677,1678,1679,1709,1724,1725,1726,1727,1728,1729,1730,1731,1732,1733,1734,1735,1736,1737,1738,1739,1740,1741,1742,1743,1744,1745,1746,1747,1748,1749,1750,1751,1752,1753,1773,1774,1775,1776,1777,1778,1779,1780,1781,1782,1783,1784,1804,1829,1830,1884,1920,1922,1923,1930,1932,1943,1952,1954,1963,1964,1965,2033,2034,2035,2047,2048,2057,2159,2249,2250,2254,2255,2256,2257,2273,2274,2276,2277,2278,2279,2280,2281,2287,2288,2289,2290,2291,2292,2293,2294,2295,2296,2297,2298,2300,2301,2303,2304,2306,2307,2308,2309,2327,2332,2333,2334,2335,2336,2363,2364,2365,2366,2367,2368,2369,2370,2371,2372,2373,2374,2375,2376,2377,2378,2379,2380,2381,2382,2383,2384,2385,2386,2387,2388,2389,2390,2391,2392,2393,2394,2395,2396,2397,2398,2399,2400,2401,2402,2403,2404,2405,2406,2407,2408,2409,2410,2411,2412,2413,2414,2415,2416,2417,2418,2430,2432,2434,2436,2560,2561,2562,2563,2564,2565,2566,2567,2568,2569,2570,2571,2572,2573,2574,2575,2576,2577,2578,2579,2580,2581,2582,2583,2584,2585,2586,2587,2588,2589,2597,2598,2675,2676,2677,2678,2679,2680,2681,2682,2683,2684,2685,2686,2687,2688,2689,2690,2691,2692,2693,2694,2695,2696,2697,2698,2699,2700,2701,2702,2703,2704,2705,2706,2707,2708,2709,2710,2736,2737,2738,2744,2745,2768,3101,3102,3103,3104,3105,3106,3107,3108,3109,3110,3111,3112,3221,3222,3223,3224,3225,3245,3437,3438,3439,3440,3441,3442,3443,3444,3445,3446,3447,3448,3449,3450,3451,3452,3453,3454,3455,3456,3457,3458,3459,3460,3461,3462,3463,3464,3465,3466,3467,3468,3469,3470,3471,3472,3473,3477,3478,3479,3480,3481,3482,3548,3549,3550,3551,3552,3553,3554,3555,3556,3557,3558,3559,3560,3561,3562,3563,3564,3565,3566,3567,3568,3569,3570,3571,3572,3573,3574,3575,3576,3577,3578,3579,3580,3581,3582,3583,3584,3585,3586,3587,3588,3589,3590,3591,3592,3593,3594,3595,3596,3618,3619,3620,3621,3622,3623,3624,3625,3626,3627,3628,3629,3630,3631,3632,3633,3634,3635,3695,3696,3697,3698,3699,3700,3701,3702,3703,3704,3705,3706,3707,3708,3709,3710,3711,3712,3713,3714,3715,3716,3717,3718,3719,3720,3721,3722,3723,3724,3725,3726,3727,3728,3729,3730,3731,3732,3733,3734,3735,3736,3737,3738,3739,3740,3741,3742,3743,3744,3745,3746,3762,3817,3818,3827,3828,3829,3830,3831,3832,3878,3879,3880,3895,3896,3897,3898,3899,3900,3901,3902,3903,3936,3937,3938,3939,3940,3941,3942,3952,3953,3954,3969,3970,3971,3972,3973,3974,4001,4002,4003,4004,4005,4006,4007,4008,4009,4010,4011,4029,4032,4033,4034,4035,4036,4037,4038,4055,4056,4057,4058,4059,4060,4061,4062,4063,4064,4065,4066,4067,4068,4069,4070,4071,4073,4089,4091,4092,4117,4118,4119,4120,4121,4122,4123,4124,4125,4126,4127,4129,4130,4131,4132,4133,4134,4135,4136,4137,4138,4139,4140,4141,4142,4143,4144,4145,4146,4147,4148,4149,4150,4151,4152,4153,4154,4179,4180,4181,4182,4186,4189,4190,4191,4192,4193,4194,4195,4196,4197,4198,4199,4200,4201,4202,4203,4204,4205,4206,4207,4208,4213,4220,4276,4280,4281,4282,4286,4287,4288,4289,4290,4291,4300,4301,4302,4305,4306,4307,4308,4309,4310,4311,4312,4313,4314,4315,4316,4317,4318,4319,4320,4321,4331,4332,4344,4363,4365,4378,4389,4390,4391,4398,4401,4402,4403,4405,4408,4409,4410,4411,4412,4413,4414,4444,4459,4460,4461,4462,4463,4464,4465,4466,4467,4477,4485,4486,4510,4521,4522,4523,4543,4575,4576,4577,4593,4594,4595,4596,4597,4598,4599,4600,4601,4602,4604,4615,4616,4617,4618,4634,4635,4636,4642,4643,4650,4652,4664,4665,4666,4667,4668,4669,4670,4671,4672,4673,4674,4675,4676,4679,4680,4681,4682,4693,4694,4695,4696,4776,4777,4778,4779,4780,4781,4801,4818,4819,4820,4821,4822,4823,4824,4825,4826,4827,4828,4831,4832,4834,4835,4836,4837,4838,4839,4840,4841,4842,4843,4844,4845,4846,4847,4848,4849,4850,4851,4852,4853,4854,4855,4882,4895,4913,4981,4983,4984,4985,4986,4988,5002,5004,5005,5007,5008,5009,5010,5015,5026,5028,5029,5030,5031,5032,5033,5100,5101,5102,5103,5104,5105,5120,5126,5127,5128,5129,5130,5131,5132,5133,5134,5135,5136,5137,5138,5139,5140,5141,5142,5143,5144,5145,5146,5147,5149,5154,5155,5156,5157,5158,5159,5160,5161,5162,5205,5206,5207,5208,5209,5215,5231,5232,5233,5235,5236,5237,5238,5239,5240,5241,5242,5243,5244,5245,5246,5247,5248,5249,5250,5251,5266,5335,5348,5349,5350,5351,5352,5353,5361,5362,5363,5364,5365,5366,5367,5368,5369,5370,5371,5372,5373,5374,5375,5376,5377,5378,5379,5380,5381,5382,5383,5384,5385,5386,5399,5423,5424,5425,5426,5427,5428,5429,5430,5431,5432,5433,5434,5435,5436,5437,5438,5439,5440,5441,5442,5443,5444,5445,5446,5447,5448,5449,5450,5451,5452,5459,5460,5462,5463,5464,5467,5535,5538,5539,5540,5541,5542,5543,5544,5545,5546,5553,5554,5555,5556,5557,5558,5559,5562,5565,5567,5588,5589,5590,5591,5599,5602,5603,5604,5605,5606,5609,5610,5671,5717,5745,5746,5747,5748,5758,5759,5760,5761,5762,5763,5764,5765,5766,5767,5768,5769,5770,5771,5772,5773,5774,5775,5776,5777,5778,5779,5780,5781,5791,5796,5797,5798,5799,5800,5801,5802,5803,5804,5805,5806,5807,5808,5809,5810,5811,5812,5813,5814,5838,5839,5840,5841,5842,5843,5844,5845,5846,5847,5848,5849,5850,5851,5852,5853,5854,5855,5856,5857,5869,5872,5879,5880,5881,5887,5888,5925,5927,5935,5984,5985,5986,5987,5988,5989,5990,5991,6015,6016,6028,6029,6036,6061,6062,6063,6068,6073,6075,6076,6077,6078,6083,6093,6109,6110,6111,6112,6113,6114,6116,6161,6162,6173,6174,6175,6176,6177,6178,6179,6180,6181,6182,6183,6184,6185,6186,6187,6188,6189,6190,6191,6192,6202,6226,6239,6333,6343,6346,6394,6411,6412,6413,6414,6415,6416,6417,6418,6419,6420,6421,6422,6423,6424,6425,6426,6427,6428,6432,6460,6461,6462,6463,6464,6465,6466,6467,6468,6469,6470,6471,6500,6526,6582,6676,6677,6678,6679,6680,6681,6682,6683,6684,6685,6686,6687,6688,6689,6690,6691,6692,6693,6694,6695,6696,6697,6698,6699,6700,6701,6702,6703,6704,6705,6717,6718,6721,6722,6767,6768,6769,6770,6771,6772,6773,6774,6775,6776,6777,6778,6779,6780,6781,6782,6783,6784,6785,6786,6787,6788,6789,6790,6791,6792,6793,6794,6795,6796,6797,6798,6799,6800,6801,6818,6819,6820,6821,6822,6823,6824,6825,6826,6827,6828,6829,6830,6831,6832,6833,6834,6835,6836,6837,6838,6839,6840,6841,6842,6843,6844,6845,6846,6847,6848,6849,6850,6851,6852,6853,6854,6855,6856,6857,6858,6859,6860,6861,6862,6910,6911,6916,6934,6935,6944,6945,6946,6962,6963,6964,6972,6973,7014,7015,7016,7017,7018,7019,7020,7021,7022,7023,7024,7025,7026,7027,7028,7029,7030,7031,7032,7033,7035,7037,7039,7040,7041,7042,7043,7045,7046,7050,7054,7058,7059,7060,7061,7063,7070,7071,7072,7074,7079,7080,7081,7082,7084,7085,7086,7088,7089,7090,7094,7158,7159,7161,7163,7165,7167,7168,7169,7170,7171,7172,7173,7174,7175,7176,7177,7178,7183,7184,7185,7186,7198,7200,7201,7202,7206,7221,7226,7228,7234,7236,7237,7241,7245,7246,7247,7248,7249,7250,7251,7262,7263,7264,7265,7266,7267,7268,7269,7270,7271,7275,7276,7277,7282,7283,7284,7285,7286,7287,7288,7289,7290,7291,7292,7293,7294,7304,7305,7306,7309,7310,7311,7312,7315,7318,7335,7336,7338,7339,7340,7341,7342,7343,7344,7345,7348,7610,7613,7620,7621,7622,7626,7629,7650,7657,7658,7659,7660,7661,7662,7663,7664,7665,7739,7740,7741,7742,7743,7744,7745,7747,7748,7752,7754,7755,7761,7771,7772,7776,7779,7780,7781,7782,7783,7784,7785,7786,7787,7788,7797,7798,7799,7800,7801,7802,7803,7804,7809,7810,7811,7813,7814,7816,7817,7818,7819,7820,7821,7823,7824,7826,7831,7833,7837,7843,7844,7851,7867,7868,7885,7886,7889,7890,7895,7896,7897,7898,7923,7925,7926,7929,7938,7946,7951,7962,7963,7964,7965,7966,7995,7996,7997,8006,8008,8009,8010,8011,8012,8013,8014,8015,8044,8047,8048,8051,8062,8063,8075,8076,8077,8078,8079,8081,8086,8088,8093,8115,8117,8118,8119,8129,8131,8138,8140,8141,8155,8165,8168,8175,8177,8186,8187,8188,8189,8190,8191,8192,8195,8198,8205,8206,8209,8210,8211,8212,8220,8221,8222,8223,8228,8229,8239,8241,8242,8243,8249,8250,8251,8252,8256,8257,8259,8261,8262,8263,8265,8266,8268,8271,8272,8273,8276,8277,8278,8279,8280,8281,8282,8283,8285,8287,8295,8296,8297,8302,8312,8313,8314,8315,8316,8317,8318,8320,8322,8323,8324,8325,8343,8347,8348,8349,8350,8351,8354,8359,8362,8363,8365,8366,8367,8373,8374,8376,8377,8379,8381,8382,8385,8386,8395,8396,8407,8412,8413,8419,8424,8425,8427,8428,8430,8436,8437,8438,8439,8440,8441,8442,8443,8444,8445,8446,8447,8448,8449,8450,8451,8455,8458,8460,8469,8470,8471,8488,8490,8491,8492,8493,8494,8496,8497,8498,8499,8500,8501,8502,8503,8504,8505,8506,8507,8508,8509,8510,8511,8512,8513,8514,8515,8516,8517,8518,8519,8520,8521,8522,8523,8524,8525,8526,8527,8528,8529,8530,8531,8532,8533,8534,8535,8536,8537,8538,8539,8540,8541,8542,8543,8544,8545,8547,8577,8578,8583,8584,8585,8586,8589,8590,8591,8592,8626,8635,8636,8637,8638,8639,8640,8641,8642,8643,8644,8645,8646,8647,8648,8649,8650,8651,8652,8653,8654,8655,8656,8657,8658,8659,8660,8668,8669,8670,8671,8672,8673,8674,8675,8676,8748,8758,8766,8767,8791,8792,8794,8799,8800,8801,8802,8803,8804,8805,8806,8807,8808,8812,8831,8832,8833,8834,8835,8836,8900,8901,8902,8911,8912,8913,8914,8915,8916,8926,8927,8928,8931,8932,8934,8937,8938,8939,8940,8941,8942,8943,8944,8945,8946,8947,8948,8949,8950,8951,8952,8953,8954,8955,8956,8957,8958,8959,8960,8961,8962,8963,8964,8965,8966,8967,8968,8969,8970,8971,8972,8977,8978,8979,8984,8985,8986,8989,8990,8994,8995,8996,8997,9056,9057,9058,9065,9070,9071,9072,9073,9074,9076,9077,9081,9082,9083,9084,9085,9086,9087,9088,9089,9090,9091,9097,9098,9102,9104,9109,9110,9112,9113,9117,9121,9122,9123,9126,9127,9128,9132,9133,9134,9135,9136,9137,9138,9139,9140,9141,9142,9143,9150,9152,9168,9169,9174,9177,9178,9194,9195,9196,9197,9198,9199,9204,9205,9209,9211,9214,9217,9218,9236,9268,9269,9270,9273,9274,9275,9299,9302,9310,9311,9312,9314,9315,9316,9318,9319,9321,9323,9324,9326,9333,9334,9336,9341,9342,9344,9345,9350,9351,9352,9353,9357,9358,9359,9360,9361,9362,9363,9364,9365,9366,9367,9368,9369,9370,9371,9372,9373,9374,9375,9376,9377,9378,9379,9380,9381,9382,9383,9384,9385,9386,9387,9388,9392,9393,9394,9395,9396,9398,9399,9400,9401,9402,9407,9408,9410,9411,9419,9420,9421,9422,9424,9425,9442,9443,9444,9451,9452,9454,9458,9472,9478,9479,9482,9506,9507,9515,9516,9517,9519,9522,9527,9529,9531,9596,9597,9602,9603,9605,9606,9608,9609,9610,9611,9618,9638,9639,9640,9641,9642,9643,9644,9645,9646,9647,9650,9652,9655,9657,9658,9659,9660,9661,9662,9663,9664,9665,9666,9667,9668,9669,9670,9671,9672,9673,9683,9684,9685,9686,9687,9688,9689,9690,9691,9692,9702,9760,9761,9764,9781,9782,9790,9791,9797,9798,9799,9800,9801,9802,9803,9804,9805,9806,9807,9808,9809,9811,9812,9813,9814,9815,9816,9820,9831,9832,9833,9834,9835,9840,9841,9842,9843,9844,9845,9846,9854,9869,9870,9886,9887,9888,9895,9896,9897,9898,9899,9900,9901,9904,9906,9907,9908,9909,9921,9922,9923,9924,9925,9926,9927,9928,9929,9930,9931,9932,9933,9935,9936,9947,9948,9957,9958,9959,9960,9961,9962,9963,9964,9965,9966,9967,9970,9971,9979,9980,9981,9982,9983,9985,9986,9988,9989,9990,9991,9992,9993,9995,9996,9997,10002,10003,10004,10005,10006,10007,10008,10009,10010,10011,10012,10013,10014,10015,10031,10032,10033,10035,10036,10037,10038,10039,10042,10043,10044,10045,10046,10047,10058,10059,10066,10067,10068,10069,10070,10071,10072,10073,10074,10075,10076,10077,10078,10079,10080,10088,10090,10094,10099,10100,10101,10108,10121,10122,10123,10143,10150,10191,10192,10193,10197,10198,10203,10204,10205,10206,10207,10208,10209,10210,10211,10212,10213,10214,10215,10216,10217,10218,10219,10220,10221,10222,10223,10224,10225,10226,10227,10228,10229,10230,10231,10232,10233,10234,10235,10236,10237,10238,10239,10240,10241,10242,10243,10244,10245,10246,10247,10248,10249,10250,10251,10252,10253,10254,10255,10256,10257,10258,10259,10260,10261,10262,10263,10264,10265,10266,10267,10268,10269,10270,10271,10272,10273,10274,10275,10276,10277,10278,10279,10280,10281,10282,10283,10284,10285,10302,10303,10304,10305,10306,10307,10308,10309,10310,10312,10313,10320,10321,10322,10323,10324,10325,10334,10340,10341,10342,10343,10344,10345,10346,10347,10348,10349,10351,10352,10354,10355,10356,10361,10362,10363,10367,10368,10371,10372,10373,10374,10375,10376,10377,10380,10385,10389,10390,10391,10392,10393,10394,10395,10396,10397,10399,10400,10401,10402,10404,10405,10406,10407,10408,1656,1669,1924,1949,1951,2435,2462,2730,2735,2769,2773,2774,2775,2776,2777,2778,2779,2780,2781,2782,2783,2784,2785,2786,2787,2788,2789,2790,2791,2792,2793,2794,2795,2796,2797,2798,2799,2800,2801,2802,2803,2804,2805,2806,2807,2808,2809,2810,2811,2812,2813,2814,2815,2816,2817,2818,2819,2820,2821,2822,2823,2824,2825,2826,2827,2828,2829,2830,2831,2832,2833,2834,2835,2836,2837,2838,2839,2840,2841,2842,2843,2844,2845,2846,2847,2848,2849,2850,2851,2852,2853,2854,2855,3061,3062,3435,3754,3835,4050,4051,4052,4053,4054,4072,4110,4187,4209,4303,4333,4379,4399,4404,4407,4430,4443,4525,4588,4589,4603,4633,4802,4803,4804,4805,4806,4807,4808,4809,4810,4811,4812,4813,4814,4912,4914,4915,4916,4917,4918,4919,4920,4921,4922,4923,4924,4925,4926,4927,4928,4929,4930,4931,4987,5016,5060,5089,5216,5217,5218,5219,5220,5221,5222,5223,5224,5225,5226,5227,5336,5466,5482,5560,5564,5566,5568,5569,5677,5711,5743,5826,5873,5934,5983,5993,5999,6008,6009,6069,6091,6095,6096,6098,6115,6128,6142,6163,6262,6329,6332,6381,6626,6628,6629,6630,6631,6632,6633,6634,6635,6636,6637,6638,6639,6640,6864,6942,6960,6975,6976,7055,7179,7191,7203,7321,7334,7354,7418,7419,7420,7421,7422,7423,7424,7425,7426,7427,7428,7429,7430,7431,7432,7433,7434,7435,7436,7437,7438,7439,7440,7441,7442,7454,7455,7550,7554,7576,7577,7578,7579,7580,7581,7582,7583,7584,7585,7586,7587,7588,7589,7590,7591,7592,7593,7594,7595,7596,7597,7598,7599,7600,7601,7646,7654,7655,7770,7806,7812,7835,7930,7952,8053,8193,8269,8274,8284,8291,8299,8300,8326,8387,8401,8402,8456,8465,8546,9059,9060,9061,9062,9063,9327,9338,9473,9703,9704,9762,9810,9860,10338,10339,10357","東京タワー,tokyotower,tokyo tower,東京タワー,tokyo tower,東京タワー,tokyotower,tower,tokyo tower,tokyo tower,tokyo tower,tokyo tower,tokyo tower,tokyo tower,tokyo tower,tokyo tower,tokyo tower,tokyo tower,tokyo tower,tokyo tower,tokyo tower,tokyo tower,tokyo tower,tokyo tower,tokyo tower,tokyo tower,tokyo tower,tokyo tower,tokyo tower,ip-2883,tokyo tower,tokyotower,tokyotower,tokyotower,tokyo tower,tlh_2450,tokyo tower,tokyo tower,tokyo tower,tokyotower,tokyo tower,tokyo tower,tokyo tower,tokyo tower,tokyo tower,tokyo tower,tokyo tower,tokyo tower,tokyo tower,tokyo tower,tokyo tower,tokyo tower,tokio tower,tokyotower,japanradiotower,tokyo tower,tokyo tower,tokyo tower,東京鐵塔,東京鐵塔,tokyo tower,tokyo tower,tokyo tower,tokyo zojo-ji and tokyo tower,tokyotower,azabudai hills mori jp tower,tokyo tower,tokyo tower,tokyo tower,tokyotower,tokiotower,tokyo tower,tokyo tower,tokyotower,tokyo tower,tokyo tower,東京タワー,tokyo tower,東京タワー,tokyo tower,東京タワー,tokyo tower,東京タワー,tokyo tower,東京タワー,tokyo tower,東京タワー,tokyo tower,東京タワー,tokyo tower,東京タワー,tokyo tower,東京タワー,tokyo tower,東京タワー,tokyo tower,東京タワー,tokyo tower,東京タワー,tokyo tower,東京タワー,tokyo tower,東京タワー,tokyo tower,東京タワー,tokyo tower,東京タワー,tokyo tower,東京タワー,tokyo tower,東京タワー,tokyo tower,東京タワー,tokyo tower,東京タワー,tokyo tower,東京タワー,tokyo tower,東京タワー,tokyo tower,東京タワー,tokyo tower,東京タワー,tokyo tower,東京タワー,tokyo tower,東京タワー,tokyo tower,東京タワー,tokyo tower,東京タワー,tokyo tower,東京タワー,tokyo tower,東京タワー,tokyo tower,tokyotower,tokyo tower,tokyotower,tokyotower,tokyotower,tokyotower,tokyotower,tokyo tower,rainbow bridge,tokyotower,tokyo tower,tokyotower,tokyo tower,tokyotower,東京タワー,tokyo tower,東京タワー,東京タワー,tokyo tower,東京タワー,tokyo tower,tokyo tower,東京タワー,tokyo tower,tokyo tower,tokyo tower,tokyo tower,torre,tokyo tower,tokyo tower,tokyo tower,temple and tower,tokyo tower,tokyo tower,tokyo tower,tokyo tower,tokyo tower,tokyo tower,tokyo tower,tokyo tower,tokyo tower,tokyo tower,tokyo tower,tokyo tower,tokyo tower,tokyo tower,tokyo tower,東京タワー,tokyo tower,tokyo tower,tokyo tower,tokyo tower,tokyo tower,tokyo tower,tokyo tower,tokyo tower,roppongi,shinbasi,tokyo tower,torre de tokio,torre de tokio,torre de tokio,torre de tokio,torre de tokio,torre de tokio,torre de tokio,torre de tokio,東京タワー,tokyo tower,東京タワー,tokyo tower,tower,tokyo tower,tower,tower,tokyo tower,tokyo tower,tokyo tower,tokyo tower,tokyo tower,tokyotower,tokyotower,tokyotower,tokyotower,tokyotower,tokyotower,tokyotower,tokyotower,tokyotower,tokyotower,tokyotower,tokyotower,tokyotower,tokyotower,tokyotower,tokyotower,tokyotower,tokyotower,tokyotower,tokyotower,tokyotower,tokyotower,tokyotower,tokyotower,tokyotower,tokyotower,tokyotower,tokyotower,tokyotower,tokyotower,tokyotower,tokyotower,tokyotower,tokyotower,tokyotower,tokyotower,tokyotower,tokyotower,tokyotower,tokyotower,tokyotower,tokyotower,tokyotower,tokyotower,tokyotower,tokyotower,tokyotower,tokyotower,tokyotower,tokyotower,tokyotower,tokyotower,tokyotower,tokyotower,tokyotower,tokyotower,tokyo tower,東京タワー,tokyo tower,東京タワー,tokyo tower,東京タワー,tokyo tower,tokyo tower,東京タワー,tokyotower,東京タワー,tokyotower,東京タワー,tokyotower,東京タワー,tokyotower,東京タワー,tokyotower,東京タワー,tokyotower,東京タワー,tokyotower,東京タワー,tokyotower,東京タワー,tokyotower,東京タワー,tokyotower,東京タワー,tokyotower,東京タワー,tokyotower,東京タワー,tokyotower,東京タワー,tokyotower,東京タワー,tokyotower,東京タワー,tokyotower,東京タワー,tokyotower,東京タワー,tokyotower,東京タワー,tokyotower,東京タワー,tokyotower,東京タワー,tokyotower,東京タワー,tokyotower,東京タワー,tokyotower,東京タワー,tokyotower,東京タワー,東京タワー,tokyotower,東京タワー,東京タワー,東京タワー,東京タワー,東京タワー,nts & tokyo tower,tokyo tower,torre de tokio,東京タワー,torre de tokio,東京タワー,torre de tokio,東京タワー,torre de tokio,東京タワー,torre de tokio,東京タワー,torre de tokio,東京タワー,torre de tokio,東京タワー,torre de tokio,東京タワー,torre de tokio,東京タワー,torre de tokio,東京タワー,torre de tokio,東京タワー,torre de tokio,東京タワー,torre de tokio,東京タワー,torre de tokio,東京タワー,torre de tokio,東京タワー,torre de tokio,東京タワー,torre de tokio,東京タワー,torre de tokio,東京タワー,torre de tokio,東京タワー,torre de tokio,東京タワー,torre de tokio,東京タワー,torre de tokio,東京タワー,torre de tokio,東京タワー,torre de tokio,東京タワー,torre de tokio,東京タワー,torre de tokio,東京タワー,torre de tokio,東京タワー,torre de tokio,東京タワー,torre de tokio,東京タワー,torre de tokio,東京タワー,torre de tokio,東京タワー,torre de tokio,東京タワー,torre de tokio,東京タワー,torre de tokio,東京タワー,torre de tokio,東京タワー,torre de tokio,東京タワー,tokyo tower,東京タワー,東京タワー,tokyo,tower,東京タワー,tokyo tower,tokyotower,tokyo tower,tokyotower,東京タワー,tokyotower,東京タワー,tokyotower,東京タワー,tokyotower,東京タワー,tokyotower,東京タワー,tokyotower,東京タワー,tokyotower,東京タワー,tokyotower,東京タワー,tokyotower,東京タワー,tokyotower,東京タワー,東京タワー,tokyotower,東京タワー,tokyotower,東京タワー,tokyotower,東京タワー,tokyotower,東京タワー,tokyotower,東京タワー,tokyo tower,東京タワー,tokyotower,東京タワー,tokyotower,東京タワー,tokyotower,東京タワー,tokyotower,東京タワー,tokyotower,東京タワー,tokyotower,東京タワー,tokyotower,東京タワー,tokyotower,東京タワー,tokyotower,東京タワー,tokyotower,東京タワー,tokyotower,東京タワー,tokyotower,東京タワー,tokyotower,東京タワー,tokyotower,東京タワー,tokyotower,東京タワー,tokyotower,東京タワー,tokyotower,東京タワー,tokyotower,東京タワー,tokyotower,東京タワー,tokyotower,東京タワー,tokyotower,東京タワー,tokyotower,東京タワー,tokyotower,東京タワー,tokyotower,東京タワー,tokyotower,東京タワー,tokyotower,東京タワー,tokyotower,東京タワー,tokyotower,東京タワー,tokyotower,東京タワー,tokyotower,東京タワー,tokyotower,東京タワー,tokyotower,東京タワー,tokyotower,東京タワー,tokyotower,東京タワー,tokyotower,東京タワー,tokyotower,東京タワー,tokyotower,東京タワー,tokyotower,東京タワー,tokyotower,東京タワー,tokyotower,東京タワー,tokyotower,東京タワー,tokyotower,東京タワー,tokyotower,東京タワー,tokyotower,東京タワー,東京タワー2019,tokyotower,東京タワー,東京タワー2019,tokyotower,東京タワー,東京タワー2019,tokyotower,東京タワー,東京タワー2019,tokyotower,東京タワー,東京タワー2019,tokyotower,東京タワー,東京タワー2019,tokyotower,東京タワー,東京タワー2019,tokyotower,東京タワー,東京タワー2019,tokyotower,東京タワー,東京タワー2019,tokyotower,東京タワー,東京タワー2019,tokyotower,東京タワー,東京タワー2019,tokyotower,東京タワー,東京タワー2019,tokyotower,東京タワー,東京タワー2019,tokyotower,東京タワー,東京タワー2019,tokyotower,東京タワー,東京タワー2019,tokyotower,東京タワー,東京タワー2019,tokyotower,東京タワー,東京タワー2019,tokyotower,東京タワー,東京タワー2019,tokyotower,東京タワー,東京タワー2019,tokyotower,東京タワー,東京タワー2019,tokyotower,東京タワー,東京タワー2019,tokyotower,東京タワー,東京タワー2019,tokyotower,東京タワー,東京タワー2019,tokyotower,東京タワー,東京タワー2019,tokyotower,東京タワー,東京タワー2019,tokyotower,東京タワー,東京タワー2019,tokyotower,東京タワー,東京タワー2019,tokyotower,東京タワー,東京タワー2019,tokyotower,東京タワー,東京タワー2019,tokyotower,東京タワー,東京タワー2019,tokyotower,東京タワー,東京タワー2019,tokyotower,東京タワー,東京タワー2019,tokyotower,東京タワー,東京タワー2019,tokyotower,東京タワー,東京タワー2019,tokyotower,東京タワー,東京タワー2019,tokyotower,東京タワー,東京タワー2019,tokyotower,東京タワー,東京タワー2019,tokyotower,東京タワー,東京タワー2019,tokyotower,東京タワー,東京タワー2019,tokyotower,東京タワー,東京タワー2019,tokyotower,東京タワー,東京タワー2019,tokyotower,東京タワー,東京タワー2019,tokyotower,東京タワー,東京タワー2019,tokyotower,東京タワー,東京タワー2019,tokyotower,東京タワー,東京タワー2019,tokyotower,東京タワー,東京タワー2019,tokyotower,東京タワー,東京タワー2019,tokyotower,東京タワー,東京タワー2019,tokyotower,東京タワー,東京タワー2019,tokyotower,東京タワー,tokyotower,東京タワー,tokyotower,東京タワー,tokyotower,東京タワー,tokyotower,東京タワー,tokyotower,東京タワー,tokyotower,東京タワー,tokyotower,東京タワー,tokyotower,東京タワー,tokyotower,東京タワー,tokyotower,東京タワー,東京タワー,東京タワー,東京タワー,東京タワー,東京タワー,tokyotower,東京タワー,増上寺,東京タワー,東京タワー,tokyotower,東京タワー,tokyotower,東京タワー,tokyotower,東京タワー,tokyotower,東京タワー,tokyotower,東京タワー,tokyotower,東京タワー,tokyotower,東京タワー,tokyotower,東京タワー,tokyotower,東京タワー,tokyotower,東京タワー,tokyotower,東京タワー,tokyotower,東京タワー,tokyotower,東京タワー,tokyotower,東京タワー,tokyotower,東京タワー,tokyotower,東京タワー,tokyotower,東京タワー,tokyotower,東京タワー,tokyotower,東京タワー,tokyotower,東京タワー,tokyotower,東京タワー,tokyo tower,tokyo tower,tokyo tower,tokyo tower,tokyo tower,tokyo tower,tokyo tower,tokyo tower,tokyo tower,tokyo tower,tokyo tower,tokyo tower,tokyo tower,tokyo tower,tokyo tower,tokyo tower,tokyo tower,tokyo tower,tokyo tower,tokyo tower,tokyo tower,tokyo tower,tokyo tower,tokyo tower,tokyo tower,tokyo tower,tokyo tower,tokyo tower,tokyo tower,東京タワー,tokyo tower,tokyo tower,東京タワー,urban tower,tokyo tower,東京タワー,tokyo tower,tokyo tower,東京タワー,東京タワー,tokyo tower,tokyo tower,東京タワー,tokyo tower,tower,tokyo tower,tower,tokyo tower,tower,tokyo tower ii,東京タワー,東京タワー,東京タワー,東京タワー,tokyotower,東京タワー,東京タワー,東京タワー,東京タワー,tokyo tower,tokyotower,東京タワー,tokyotower,東京タワー,tokyotower,東京タワー,tokyotower,東京タワー,tokyotower,東京タワー,tokyotower,東京タワー,tokyotower,東京タワー,tokyo tower,tokyo tower,bell tower,bell tower,tokyo tower,tokyo tower,tokyo tower,tokyo tower,東京タワー,tokyo tower,tokyo tower,東京タワー,tokyo tower,tokyo tower,東京タワー,tokyotower,tokyotower,東京タワー,tokyotower,東京タワー,東京タワー,東京タワー,tokyotower,東京タワー,tokyotower,東京タワー,tokyotower,東京タワー,tokyotower,東京タワー,東京タワー,東京タワー,東京タワー,東京タワー,東京タワー,the tokyo tower,tokyo tower,東京タワー,東京タワー,東京タワー,東京タワー,東京タワー,東京タワー,東京タワー,東京タワー,東京タワー,東京タワー,東京タワー,東京タワー,東京タワー,tokyotower,東京タワー,tokyotower,東京タワー,tokyotower,東京タワー,tokyotower,東京タワー,東京タワー,東京タワー,東京タワー,東京タワー,東京タワー,東京タワー,東京タワー,東京タワー,the prince park tower,tokyo tower,tokyo tower,東京タワー,tokyo tower,東京タワー,tokyo tower,tokyo tower,tokyo tower,tokyo tower,tokyo tower,tokyo tower,tokyo tower,tokyo tower,tokyo tower,tokyo tower,tokyo tower,tokyo tower,tokyo tower,tokyo tower,tokyo tower,tokyo tower,東京タワー,tokyo tower,tokyo tower,tokyo tower,tokyo tower,tokyo tower,tokyotower,東京タワー,東京タワー,東京タワー,東京タワー,東京タワー,東京タワー,東京タワー,東京タワー,東京タワー,東京タワー,東京タワー,東京タワー,東京タワー,東京タワー,東京タワー,東京タワー,東京タワー,東京タワー,東京タワー,tokyotower,東京タワー,東京タワー,tokyotower,東京タワー,tokyotower,東京タワー,東京タワー,tokyotower,東京タワー,東京タワーと桜,tokyo tower,東京タワーと桜,tokyo tower,tower,tokyo tower,tokyo tower,tokyo tower,東京タワー,tokyotower,東京タワー,tokyotower,東京タワー,tokyotower,東京タワー,tokyotower,東京タワー,tokyotower,東京タワー,東京タワー,tokyotower,東京タワー,tokyotower,東京タワー,tokyotower,東京タワー,tokyotower,東京タワー,tokyotower,東京タワー,tokyotower,東京タワー,tokyotower,東京タワー,tokyotower,東京タワー,tokyotower,東京タワー,東京タワー,東京タワー,東京タワー,東京タワー,東京タワー,東京鐵塔,tokyo tower,tokyotower,東京タワー,東京タワー,東京タワー,東京タワー,東京タワー,tokyo tower,tokyotower,東京タワー,tokyotower,東京タワー,tokyotower,東京タワー,tokyotower,東京タワー,tokyotower,東京タワー,tokyotower,東京タワー,tokyotower,東京タワー,tokyotower,東京タワー,tokyotower,東京タワー,tokyotower,東京タワー,tokyotower,東京タワー,tokyotower,東京タワー,tokyotower,東京タワー,東京タワー,東京タワー,tokyotower,東京タワー,tokyotower,東京タワー,tokyotower,東京タワー,tokyotower,東京タワー,tokyotower,東京タワー,tokyotower,東京タワー,tokyotower,東京タワー,tokyo tower_3,東京タワー,tokyo,東京タワー,tokyo tower,tokyo tower,東京タワー,tokyotower,東京タワー,東京タワー,tokyotower,東京タワー,tokyotower,東京タワー,東京タワー,tokyo tower,東京タワー,東京スカイツリー,tokyo skytree,東京タワー,tokyo tower,tokyo tower,東京タワー,tokyo tower,tokyo tower,東京タワー,tokyo tower,東京タワー,tokyotower,東京タワー,tokyotower,東京タワー,tokyotower,東京タワー,tokyotower,東京タワー,tokyotower,東京タワー,tokyotower,東京タワー,tokyotower,東京タワー,東京タワー,tokyo tower,tokyotower,東京タワー,東京タワー,tokyo tower,東京タワー,tokyo tower,tokyotower,東京タワー,tokyotower,東京タワー,tokyotower,東京タワー,tokyotower,東京タワー,tokyotower,東京タワー,tokyotower,東京タワー,tokyo tower,tokyotower,tokyo tower,tokyotower,東京タワー,東京タワーからの景色4,tokyo tower,東京タワー,東京タワーからの景色2,tokyo tower,東京タワー,東京タワーからの景色1,tokyo tower,東京タワー,tokyotower,東京タワー,tokyotower,東京タワー,tokyotower,東京タワー,tokyotower,東京タワー,東京タワー,東京タワー,東京タワー,東京タワー,東京タワー,東京タワー,東京タワー,tokyo tower,tokyotower,東京タワー,tokyotower,東京タワー,tokyotower,東京タワー,tokyotower,東京タワー,tokyo tower,東京鐵塔,tokyo tower,tokyo tower,東京鐵塔,東京鐵塔,tokyo tower,tokyo tower,東京鐵塔,tokyotower,東京タワー,tokyo tower,tokyo tower,tokyo tower,tokyo tower,tokyo tower,tokyo tower,tokyo tower,tokyo tower,tokyo tower,tokyo tower,tokyo tower,tokyo tower,tokyo tower,tokyo tower,tokyo tower,tokyo tower,tokyo tower,tokyo tower,tokyo tower,tokyo tower,tokyo tower,tokyo tower,tokyo tower,tokyo tower,tokyo tower,tokyo tower,東京タワー,tokyotower,東京タワー,tokyo tower,東京鐵塔,tokyo tower,東京鐵塔,tokyo tower,東京鐵塔,tokyo tower,東京鐵塔,tokyo tower,東京鐵塔,tokyo tower,東京鐵塔,tokyo tower,tokyo tower,tokyo tower,tokyo tower,tokyo tower,東京タワー,tokyo tower,tokyotower,東京タワー,tokyotower,東京タワー,tokyotower,東京タワー,tokyotower,東京タワー,tokyotower,東京タワー,tokyotower,東京タワー,tokyo tower,tokyo tower,tokyotower,東京タワー,tokyotower,東京タワー,tokyotower,東京タワー,tokyotower,東京タワー,tokyotower,東京タワー,tokyotower,東京タワー,tokyotower,東京タワー,tokyotower,東京タワー,tokyotower,東京タワー,tokyotower,東京タワー,tokyotower,東京タワー,tokyo tower,tokyo tower,tokyo tower,tokyo tower,tokyo tower,tokyo tower,tokyo tower,tokyo tower,tokyo tower,tokyo tower,tokyo tower,tokyotower,tokyo tower,tokyo tower,tokyo tower,tokyo tower,tokyo tower,tokyo tower,tokyo tower,tokyo tower,tokyo tower,tokyo tower,tokyo tower,tokyo tower,tokyo tower,東京タワー,tokyo tower,東京タワーと鯉のほり,tokyo tower,東京タワーと増上寺,tokyo tower,tower,tower,shiba travel tower,tokyo tower,東京タワーと桜,tokyo tower,tokyo tower,東京タワー,tokyo tower,東京タワー,tokyotower,東京タワー,tokyotower,東京タワー,tokyotower,東京タワー,tokyotower,東京タワー,東京タワー,tokyo tower,tokyo tower,東京鐵塔,tokyotower,東京タワー,tokyotower,東京タワー,tokyotower,東京タワー,tokyotower,東京タワー,tokyotower,東京タワー,tokyotower,東京タワー,tokyotower,東京タワー,tokyotower,東京タワー,tokyotower,東京タワー,tokyotower,東京タワー,tokyotower,東京タワー,tokyotower,東京タワー,tokyo tower,tokyo tower,tokyo tower,tokyo tower,tokyo tower,tokyo tower,tokyotower,東京タワー,tokyotower,東京タワー,tokyotower,東京タワー,tokyotower,東京タワー,tokyotower,東京タワー,tokyotower,東京タワー,tokyotower,東京タワー,tokyotower,東京タワー,tokyotower,東京タワー,tokyotower,東京タワー,tokyotower,東京タワー,tokyotower,東京タワー,tokyotower,東京タワー,tokyotower,東京タワー,tokyotower,東京タワー,tokyotower,東京タワー,tokyotower,東京タワー,the tokyo tower,東京タワー,tokyo tower,tokyotower,東京タワー,tokyotower,東京タワー,tokyotower,東京タワー,tokyotower,東京タワー,東京タワー,東京タワー,東京タワー,tokyotower,東京タワー,shiba tower,shiba tower,東京タワー,tokyo tower,tokyo tower,東京タワー,東京タワー,the tokyo tower,tokyo tower,東京タワー,tokyotower,tokyotower,東京タワー,東京タワー,東京タワー,東京タワー,東京タワー,東京タワー,東京タワー,東京タワー,tokyotower,tokyotower,東京タワー,tokyotower,東京タワー,tokyotower,東京タワー,東京タワー,東京タワー,東京タワー,tokyotower,tokyotower,plum blossom sky tower,plumblossom sky tower,t050,t100,t200,tokyotower,x100s,東京タワー,東京タワー,東京タワー,東京タワー,東京タワー,東京タワー,東京タワー,東京タワー,東京タワー,東京タワー,東京タワー,東京タワー,tokyotower,東京タワー,tokyotower,東京タワー,tokyotower,東京タワー,tokyotower,東京タワー,tokyotower,東京タワー,tokyotower,東京タワー,tokyotower,東京タワー,tokyotower,東京タワー,tokyotower,東京タワー,tokyotower,東京タワー,東京タワー,東京タワー,東京タワー,東京タワー,東京タワー,tokyotower,東京タワー,tokyotower,東京タワー,tokyotower,東京タワー,東京タワー,東京タワー,東京タワー,tokyotower,東京タワー,tokyotower,東京タワー,tokyotower,東京タワー,tokyotower,東京タワー,tokyotower,東京タワー,tokyo tower_2,東京タワー,東京タワー,東京タワー,東京タワー,東京タワー,tokyotower,東京タワー,tokyotower,東京タワー,tokyotower,東京タワー,tokyotower,東京タワー,tokyotower,東京タワー,tokyotower,東京タワー,tokyotower,東京タワー,tokyotower,東京タワー,tokyotower,東京タワー,tokyotower,東京タワー,tokyotower,東京タワー,tokyotower,東京タワー,tokyotower,東京タワー,tokyotower,東京タワー,tokyotower,東京タワー,東京タワー,東京タワー,東京タワー,東京タワー,東京タワー,東京タワー,東京タワー,東京タワー,東京タワー,東京タワー,東京タワー,tokyo tower,東京タワー,tokyo tower,tokyo tower,tokyo tower,東京タワー,tokyo tower,東京タワー,tokyo tower,tokyo tower,tokyo tower,tokyo tower,tokyo tower,東京鐵塔,東京鐵塔,東京鐵塔,東京鐵塔,東京鐵塔,東京鐵塔,東京鐵塔,tokyo tower,tokyotower,東京タワー,東京タワー,tokyotower,東京タワー,tokyotower,東京タワー,tokyotower,東京タワー,東京タワー,東京タワー,東京タワー,tokyotower,東京タワー,tokyo tower,tokyo tower,tokyo tower,tokyotower,東京タワー,tokyo tower,tokyo tower view,tokyo tower,tokyo tower,tokyotower,東京タワー,tokyotower,東京タワー,東京タワー,東京タワー,東京タワー,東京タワー,東京タワー,東京タワー,東京タワー,東京タワー,東京タワー,東京タワー,東京タワー,東京タワー,東京タワー,東京タワー,東京タワー,tokyotower,東京タワー,tokyotower,東京タワー,tokyotower,東京タワー,tokyotower,東京タワー,東京タワー,tokyotower,東京タワー,tokyotower,東京タワー,tokyo tower,東京鐵塔tokyo tower,東京鐵塔tokyo tower,東京鐵塔tokyo tower,東京鐵塔tokyo tower,東京鐵塔tokyo tower,東京鐵塔tokyo tower,東京鐵塔tokyo tower,東京鐵塔tokyo tower,東京鐵塔tokyo tower,tokyotower,東京タワー,東京タワー,東京タワー,東京タワー,東京タワー,東京タワー,東京タワー,tokyotower,東京タワー,tokyotower,東京タワー,tokyotower,東京タワー,tokyotower,東京タワー,tokyotower,東京タワー,tokyotower,東京タワー,tokyotower,東京タワー,tokyotower,東京タワー,tokyotower,東京タワー,tokyotower,東京タワー,tokyotower,東京タワー,tokyotower,東京タワー,tokyotower,東京タワー,tokyotower,東京タワー,tokyotower,東京タワー,tokyotower,東京タワー,tokyotower,東京タワー,tokyotower,東京タワー,tokyotower,東京タワー,tokyotower,東京タワー,tokyotower,東京タワー,tokyotower,東京タワー,tokyotower,東京タワー,tokyo tower,tokyotower,tokyo tower,tokyo tower,tokyo tower,東京タワー,tokyo tower,東京タワー,tokyo tower,tokyo tower,zojo-ji and tokyo tower,tokyotower,東京タワー,tokyotower,東京タワー,tokyotower,東京タワー,tokyotower,東京タワー,tokyotower,東京タワー,tokyotower,東京タワー,tokyotower,東京タワー,tokyotower,東京タワー,tokyo tower,tokyo tower,東京タワー,tokyo tower,東京タワー,the tokyo tower,東京タワー,tokyo tower,tokyo tower,tokyo tower,tokyo tower,tokyotower,tower,tokyo tower,tokyo tower,tokyo tower,tokyo tower,tokyotower,tokyotower,東京タワー,tokyo tower,東京タワー,tokyo tower,東京タワー,東京タワー,tokyo tower,東京タワー,東京タワー,skyline tower,skyline tower,skyline tower,tokyo tower,東京タワー,東京タワー,tokyo5793b,tower,東京タワー,東京タワー,tokyo tower,東京タワー,tokyo tower,tokyotower,東京タワー,東京タワー,東京タワー,tokyotower,東京タワー,東京タワー,tokyotower,東京タワー,tokyotower,東京タワー,tokyotower,東京タワー,tokyotower,東京タワー,東京タワー,tokyotower,東京タワー,東京タワー,tokyotower,東京タワー,tokyotower,東京タワー,東京タワー,東京タワー,tokyotower,東京タワー,tokyotower,東京タワー,tokyo tower,tokyo tower,tower,tokyotower,東京鐵塔,東京タワー,tokyotower,東京タワー,tokyo tower,東京タワー,tokyotower,東京タワー,tokyotower,東京タワー,tokyotower,東京タワー,tokyotower,東京タワー,tokyotower,東京タワー,tokyotower,東京タワー,tokyotower,東京タワー,tokyotower,東京タワー,tokyotower,東京タワー,tokyotower,tokyotower,tokyotower,tokyotower,tokyotower,tokyotower,tokyotower,tokyotower,tokyotower,tokyotower,tokyo tower,tokyo tower,東京タワー,東京タワー,東京タワー,tokyotower,東京タワー,tokyotower,東京タワー,tokyotower,東京タワー,tokyotower,東京タワー,tokyotower,東京タワー,tokyotower,東京タワー,東京タワー,tokyo tower,tokio tower,tokyo tower,東京タワー,東京タワー,tokyo tower,東京タワー,東京タワー,東京鐵塔,tower,tower,tokyotower_10522,東京タワー,tokyotower,tokyotower,tokyotower,tokyotower,tokyotower,tokyotower,tokyotower,tokyotower,tokyotower,tokyotower,tokyotower,tokyotower,tokyotower,tokyotower,tokyotower,tokyotower,tokyotower,tokyotower,tokyotower,tokyotower,tokyotower,tokyotower,tokyotower,torre,東京タワー,tokyo tower,tower,tower,東京タワー,東京タワー,東京タワー,東京タワー,東京タワー,東京タワー,東京タワー,東京タワー,東京タワー,東京タワー,東京タワー,東京タワー,東京タワー,東京タワー,東京タワー,東京タワー,東京タワー,東京タワー,東京タワー,東京タワー,東京タワー,東京タワー,東京タワー,東京タワー,東京タワー,東京タワー,東京タワー,東京タワー,東京タワー,東京タワー,東京タワー,東京タワー,東京タワー,東京タワー,東京タワー,東京タワー,東京タワー,東京タワー,東京タワー,東京タワー,東京タワー,東京タワー,東京タワー,東京タワー,東京タワー,東京タワー,東京タワー,東京タワー,東京タワー,東京タワー,東京タワー,東京タワー,東京タワー,東京タワー,東京タワー,東京タワー,東京タワー,東京タワー,東京タワー,東京タワー,東京タワー,東京タワー,東京タワー,東京タワー,東京タワー,東京タワー,tokyotower,tokyotower,tokyotower,tokyotower,tokyotower,tokyotower,東京鐵塔,東京タワー,tokyo tower,東京タワー,tokyotower,tokyotower,tokiotower,tokyo tower,東京タワー,tokyo tower,東京タワー,tokyo tower,tokyo tower,tokyo tower,tokyotower,東京タワー,tokyo tower,東京タワー,東京タワー,東京タワー,東京タワー,東京タワー,東京タワー,東京タワー,東京タワー,東京タワー,東京タワー,東京タワー,tokyo tower,東京タワー,東京タワー,東京タワー,東京タワー大展望台,東京タワー,東京タワー大展望台,東京タワー,東京タワー大展望台,東京タワー,東京タワー大展望台,東京タワー,東京タワー大展望台,東京タワー,東京タワー,東京タワー特別展望台,東京タワー,東京タワー特別展望台,東京タワー,東京タワー特別展望台,東京タワー,東京タワー特別展望台,東京タワー,東京タワー,東京タワー,東京タワー,東京タワー,東京タワー,東京タワー,tokyo tower,tokyo tower,tower,tower,tokyo tower,skyskrapa,tower,tower,tokyotower_0580,東京タワー,tower,tokyo,tokyo tower,tokyo tower,東京タワー,東京タワー,tokyo tower,東京タワー,tower,tokyo tower,東京タワーと桜,tokyo tower,東京タワーと桜,tokyo tower,東京タワーと桜,tokyo tower,tokyo tower,tokyo tower,tokyo tower,tokyotower,tokyo tower,tokyo tower,tokyo tower,tokyo tower,東京タワー,東京タワー,orange tower,tokyo tower,東京タワー,東京タワー,東京タワー,東京タワー,東京タワー,東京タワー,東京タワー,東京タワー,tokyo tower,tokyo tower,tokyo tower,tokyo tower,tokyo tower,tokyo tower,tokyo tower,tokyo tower,東京タワー,tokyo tower,東京タワー,tokyo tower,東京タワー,東京タワー,the tokyo tower,東京タワー,the tokyo tower,東京タワー,the tokyo tower,東京タワー,東京タワー,tokyo tower,mori tower,東京タワーとクリスマスツリー,tokyo tower,city building tower,tokyo tower,東京タワー,東京タワー,tokyotower,東京タワー,tower,東京鐵塔,東京鐵塔,tokyo tower,tokyo tower,東京タワー,tokyo tower,city tower,tokyo tower,tokyo tower,tokyo tower,fusion tower,tokyo tower,tokyo tower,tokyo tower,tokyo tower,東京タワー,tokyotower,東京タワー,tokyotower,東京タワー,tokyotower,東京タワー,tokyotower,東京タワー,tokyotower,東京タワー,tokyotower,東京タワー,tokyotower,東京タワー,tokyotower,東京タワー,tokyotower,東京タワー,tokyotower,東京タワー,tokyotower,東京タワー,tokyotower,東京タワー,tokyotower,東京タワー,tokyotower,東京タワー,torre de tokio,torre tokio,torre de tokio,torre tokio,tokyo tower,東京タワー,tokyo tower,東京タワー,tokyo tower,東京タワー,東京タワー,東京タワー,東京タワー,summer tower,summer tower,summer tower,summer tower,summer tower,summer tower,summer tower,summer tower,dizzying tower,東京タワー,tokyo tower,東京タワ,東京タワ,tokyo tower,東京タワ,東京タワ,tokyo tower,東京タワ,東京タワ,tokyo tower,東京タワー,東京タワー,tokyo tower,tokyo tower,tokyo tower,shy tokyo tower,tokyo tower,tokyo tower,tokyo tower,tokyo tower,tokyo tower,tokyo tower,東京タワー,東京タワー,東京タワー,東京タワー,東京タワー,東京タワー,東京タワー,tokyo,tokyotower,東京,tokyo tower,東京タワー,tokyo tower,tokyo tower,tower,tokyo tower,東京タワー,東京タワーと桜,tokyo tower,東京タワーと桜,tokyo tower,tokyotower,tokyotower,東京タワー,tokyo tower,tokyo tower,tokyo tower,東京タワー,tokyo tower,東京タワー,tokyo tower,東京タワー,tokyo tower,東京タワー,zoujyouji temple,zojo-ji,tokyo tower,tokyo tower,tokyo tower,tokyo tower,tokyo tower,tokyo tower,tokyo tower,東京タワー,tokyo tower,sakura tower,東京タワー,sakura tower,tokyo tower,tokyo tower,tokyotower,東京タワー,tokyo tower,tokyotower,東京タワー,東京タワー,tokyo tower,東京タワー,tokyo tower,basemelgabry,basemelgabry,東京タワー,tokyo tower,東京タワー,tokyo tower,東京タワー,tokyo tower,tokyo tower,東京タワー,tokyo tower,東京タワー,tokyo tower,tower,tower,tower,tokyotower,tokyo tower,tokyo tower,tokyo tower,tokyo tower,tokyo tower,tokyo tower,tokyo tower,tokyo tower,tokyo tower,tokyo tower,tokyo tower,tokyo tower,tokyo tower,tokyo tower,tokyotower,tokyotower,tokyo tower,tokyotower,the tower,tokyotower,tokyo,東京タワー,tokyotower,prince park tower,tokyo tower,tokyo tower,東京タワー,tokyo tower,東京タワー,tokyo tower,tokyotower,東京タワー,tokyotower,東京タワー,東京タワー,東京スカイツリー,tower,東京タワー,tokyo tower,東京タワー,tokyo tower,東京タワー,tokyo tower,the giant tower,東京タワー,東京タワー,tokyo tower,東京タワー,東京タワー,tokyo tower,東京タワー,tokyo tower,東京タワー,東京タワー,東京タワー,東京タワー,東京タワー,tower,tokyo tower,tower,tower,tokyo tower,東京タワー,tokyo tower,東京タワー,tokyo tower,東京タワー,tokyo tower,dsc01489,light tower,tokyo tower,tokyo tower,tokyo tower,tokyo tower,tokyotower,tokyo tower,東京タワー,東京タワー,tokyo tower,tokyo tower,tokyo tower,tower,tokyo,tokyo tower,tower,東京タワーと桜,tokyo tower,東京タワー,東京タワー,the tokyo tower,東京タワー,東京タワー,the tokyo tower,東京タワー,東京タワー,東京タワー,tokyo tower,東京タワー,tokyo tower,東京タワー,laura tower,tokyo tower,red tower,red tower,red tower,red tower,red tower,red tower,tokyo tower,tokyo tower,東京タワー,tokyo tower,東京タワー,tokyo tower,東京タワー,tokyo tower,tokyo tower,tokyo tower,tokyo tower,tokyo tower,tokyo tower,tokyo tower,tokyo tower,tokyo tower,twilight tower,paralympic lights,ghost tower,tower tokyo,sky is blue tower,tokyo,tokyo tower,tokyo tower,red tower,tokyotower,東京タワー,tower,tokyotower,東京タワー,tokyo tower,東京タワー,tokyo tower,tokyo tower,tokyo tower,東京タワー,tokyo tower,東京タワー,tokyo tower,tokyo tower,tokyo tower,東京タワータイヤモントウェール,東京タワー,東京タワー,tokyo tower,東京タワー,東京タワー,tokyo tower,東京タワー,tokyotower,東京タワー,tokyo tower,structure,tower,prosperous,tokyo tower,東京タワー,tokyo tower,東京タワー,東京タワー,tokyo tower,東京タワー,東京タワー,東京タワー,東京タワー,tokyo tower,東京タワー,東京タワー,tokyo tower,東京タワー,東京タワー,東京タワー,東京タワー,tokyo tower,東京タワー,tokyo tower,tokyotower,tokyotower,tokyotower,tokyotower,tokyotower,tokyotower,tokyotower,the tokyo tower,東京タワー,tokyotower,東京タワー,tokyo tower,東京タワー,東京タワー,tokyo tower,東京タワー,tokyo tower,tokyo tower,東京タワー,tower,torre,tower,東京タワー,東京タワー,the tokyo tower,東京タワー,東京タワー,tokyo tower,東京タワー,東京タワー,tokyo tower,東京タワー,5d3l1236,5d3l1235,5d3l1234,5d3l1233,5d3l1232,5d3l1231,5d3l1230,5d3l1228,5d3l1227,5d3l1226,5d3l1225,5d3l1224,5d3l1223,5d3l1245,5d3l1241,5d3l1240,5d3l1217,5d3l1216,5d3l1215,5d3l1213,5d3l1212,5d3l1218,5d3l1209,5d3l1208,5d3l1207,5d3l1205,5d3l1201,5d3l1200,5d3l1198,5d3l1197,5d3l1196,5d3l1194,5d3l1193,5d3l1192,5d3l1191,5d3l1186,5d3l1176,5d3l1175,5d3l1173,5d3l1137,5d3l1133,5d3l1132,5d3l1131,5d3l1130,5d3l1129,5d3l1127,tokyo tower,東京タワー-tokyo tower,東京タワー,東京タワー,the tokyo tower,東京タワー,tokyo tower,東京タワー,東京タワー,tokyo tower,東京タワー,東京タワー,tokyo tower,東京タワー,東京タワー,東京タワー,東京タワー,tokyo tower,東京タワー,torre de tokyo,sunset tower,tokyo tower,tokyo tower,tokyo tower,roppongi hills mori tower,tokyo tower,tokyo tower,atago green hills forest tower,mori tower,tokyo tower,moritower,tokyo tower,tokyo tower,tokyo tower,tokyo tower,tokyo tower,tokyo tower,tokyo tower,tokyo tower,tokyo tower,tokyo tower,roppongi hills mori tower,tokyo tower,tokyo tower,tokyo tower,tokyo tower,tokyo tower,tokyo tower,tokyo tower,tokyo tower,tokyo tower,tokyo tower,tokyo tower,tokyo tower,tokyo tower,tokyo tower,tokyo tower,tokyo tower,tokyo tower,tokyo tower,foreshortened tower,東京タワーと桜,東京タワー,tokyo tower,tokyo tower,東京タワー,the tokyo tower,東京タワー,tokyo tower,tokyo tower,soratama,soratama,tokyo tower,東京タワー,tokyo tower,東京タワー,tokyo tower,東京タワー,tokyo tower,東京タワー,tokyo tower,東京タワー,tokyo tower,東京タワー,tokyo tower,東京タワー,tokyo tower,東京タワー,tokyo tower,東京タワー,tokyo tower,東京タワー,tokyo_tower,tokyo tower,東京タワー,東京タワー,tokyo tower,東京タワー,東京タワー,tokyo tower,東京タワー,東京タワー,tokyo tower,東京タワー,東京タワー,tokyo tower,東京タワー,東京タワー,tokyo tower,東京タワー,東京タワー,tokyotower,東京タワー,tokyo tower,tokyotower,東京タワー,tokyo tower,東京タワー,東京タワー横の小山の祠,tokyo tower,tokyotower,東京タワー,tokyotower,東京タワー,tokyo tower,東京タワー,tokyo tower,東京タワー,tokyo tower,東京タワー,tokyo tower,tokyo tower,tokyo tower,東京タワー,東京タワー,the tokyo tower,東京タワー,red tower,東京鐵塔,tokyo tower,東京鐵塔,tokyo tower,tokyo tower,tokyo tower,東京タワーと増上寺の桜,東京タワー,white tower,white tower,kamiyacho,white tower,tokyo tower,kamiyacho,white tower,kamiyacho,white tower,tokyo tower,white tower,white tower,white tower,white tower,white tower,white tower,white tower,white tower,escriba,kamiyacho,white tower,kamiyacho,white tower,white tower,white tower,white tower,white tower,white tower,tokyo tower,tokyo tower,tokyo tower,tokyo tower,tokyo tower,tokyo tower,tokyo tower,tokyo tower,tokyo tower,東京タワー,the tokyo tower,tower,tower,東京タワー,the tokyo tower,東京タワー,tower,東京タワー,the tokyo tower,東京タワー,tokyo tower,東京タワー,東京タワー,東京タワー,tokyo tower,東京タワー,東京タワー,tokyo tower,東京タワー,tokyo tower,東京タワー,東京タワー,lighting-up tower,東京タワー,the tokyo tower,東京タワー,東京タワー,the tokyo tower,東京タワー,tokyo tower,tokyotower,東京タワー,tokyo tower,東京タワー,tokyo tower,tokyotower,東京タワー,tokyo tower,tokyo tower,tokyotower,tokyo tower,東京タワー,tokyo tower,東京タワー,東京タワー,tokyo tower,東京タワー,tokyo tower,東京タワー,東京タワー,tokyo tower,東京タワー,東京タワー,東京タワー,the tokyo tower,東京タワー,the tokyo tower,東京タワー,tokyo tower,tokyo tower,東京タワー,東京タワー,the tokyo tower,another color tower,tokyo tower,東京タワー,the tokyo tower,東京タワー,東京タワー,the tokyo tower,東京タワー,tokyo tower,tokyo tower,東京タワー,tokyo tower,東京タワー,tokyo tower,tokyo tawa,東京タワー,東京タワー,東京タワー,the tokyo tower,東京タワー,tokyo tower,tokyo tower,tokyo tower,tokyo tower,tokyo tower,tokyo tower,tokyo tower,tokyo tower,tokyo tower,tokyo tower,zojoji temple tower,zojoji temple tower,tokyo tower,tokyo tower,tokyotower,東京タワー,tokyo tower,tokyo tawa,東京タワー,tokyo tower,東京タワー,東京タワー,東京タワー,東京タワー,tokyo tower,tokyotower,東京タワー,東京タワー,tokyo tower,東京タワー,tokyo tower,東京タワー,tokyo tower,東京タワー,東京タワー,the tokyo tower,東京タワー,東京タワー,tokyo tower,東京タワー,izumigardentower,泉カーテンタワー,izumigadentawa,tour de tokyo,東京タワー,the tokyo tower,東京タワー,東京タワー,tokyotower,東京タワー,tokyo tower,tokyo tower,tokyotower,tokyo tower,東京タワー,the tokyo tower,東京タワー,東京タワー,the tokyo tower,東京タワー,tokyo tower,tower,東京タワー,the tokyo tower,東京タワー,東京タワー,the tokyo tower,東京タワー,tokyo tower,東京タワー,東京タワー,the tokyo tower,tokyo_tower,tokyo tower,東京タワー,the tokyo tower,東京タワー,東京タワー,the tokyo tower,東京タワー,東京タワー,the tokyo tower,東京タワー,東京タワー,東京タワー,tokyo tower,東京タワー,the tokyo tower,東京タワー,tokyo tower,tokyo-137,tokyo tower,東京タワー,東京タワー,the tokyo tower,東京タワー,東京タワー,the tokyo tower,東京タワー,東京タワー,the tokyo tower,東京タワー,tokyo tawa,東京タワー,tower,tower,tower,tower,tower,red tower,img_1529,tower,tower,shadow tower,tower,d300,shibakoen,zf2,reflected tower,shibakoen,shiba koen,東京タワー,the tokyo tower,東京タワー,東京タワー,the tokyo tower,東京タワー,tokyotower_5943,tokyotower_5927,tokyotower_5924,tokyo tower,tokyo tower,東京タワー,東京タワー,the tokyo tower,東京タワー,東京タワー,東京タワー,tokyo-tower,東京タワー,tokyo-tower,東京タワー,tokyo-tower,東京タワー,tokyo-tower,東京タワー,東京タワー,the tokyo tower,東京タワー,東京タワー,the tokyo tower,東京タワー,reflection tower,tokyo tower,tokyotower,tokyo tower,tokyo tower,東京タワー,東京タワー,the tokyo tower,東京タワー,東京タワーとクリスマスツリー,the tokyo tower,東京タワー,tokyo tower,tokyo tower,東京タワー,the tokyo tower,東京タワー,tokyo tower,tokyo tower,tokyo tower,tokyo tower,tokyo tower,tokyo tower,東京タワー,daimon tower,東京タワー,tower,torre,tokyo tower,tokyo tower,tokyo tower,tokyo tower,tokyo tower,東京都,tokyo tower,toukyou tower,tokyo,toukyou,東京,東京タワー,tokyo,東京タワー,tokyo tower,東京タワー,東京タワー,tokyo tower,東京タワー,東京タワー,tokyo tower,東京タワー,東京タワー,tokyo tower,東京タワー,東京タワー,the tokyo tower,東京タワー,tokyo tower-11,tokyo tower-10,tokyo tower-9,tokyo tower-8,tokyo tower-7,tokyo tower-6,tokyo tower-4,tokyo tower-3,tokyo tower-2,tokyo tower-1,tokyo tower,tokyo tower,izumi garden tower,tokyo tower,tower,tower,tower,tower,tokyo tower,tokyo tower,tokyo tower,tokyo tower,tokyo tower,tokyo tower,tokyo tower,tokyo tower,tokyo tower,tokyo tower,izumi garden tower,泉カーテンタワー,泉カーテンタワー,tokyo tower,tokyo tower,tokyo tower,tokyo tower,the tokyo tower,the tokyo tower,tokyo tower,tokyo tower,tokyo tower,tokyo tower,tokyo tower,the tokyo tower,tokyo tower,東京タワー,the tokyo tower,東京タワー,東京タワー,the tokyo tower,東京タワー,東京タワー,the tokyo tower,東京タワー,東京タワー,the tokyo tower,東京タワー,東京タワー,the tokyo tower,東京タワー,東京タワー,the tokyo tower,東京タワー,tokyo tower,tokyotower,urban reflection tower,東京タワー,the tokyo tower,東京タワー,東京タワー,the tokyo tower,東京タワー,東京タワー,the tokyo tower,東京タワー,東京タワー,the tokyo tower,東京タワー,東京タワー,the tokyo tower,東京タワー,東京タワー,the tokyo tower,東京タワー,tokyo tower,tokyotower_2,東京タワー,tokyo tower,東京タワー,tokyo tower,tokyo tower,東京タワー,tokyo tower,東京タワー,tokyo tower,東京タワー,tokyo tower,東京タワー,tokyo tower,東京タワー,tokyo tower,東京タワー,東京タワー,tokyo tower,tokyo tower,tokyo central tower,tower,tower,tower,tokyotower,tokyo tower,tokyo tower,tokyo tower,tokyotower,nishi-azabu tower,tokyo tower,東京タワー,東京タワー,tokyo tower,tokyo tower,tokyo tower,tokyo tower,tower,tower,tower,tower,tower,tower,tower,tower,bw tower,tower,tower,tower,tower,the towers,tokyo tower,tokyo tower,tower,tower,tokyo tower,tower,tokyo tower,tokyo tower,tokyo tower,tower,tokyo tower,tower 12,tower 8,tower 6,tower 4,tokyo tower,tachu naito,tokyo tower,cimg4102,tower,tower,東京タワー,tokyotower,tokyo tower,tokyo towerrrrr,tokyo tower,tokyo tower,東京タワー,東京タワー,tokyo tower,tokyo tower,東京タワー50周年記念イルミネーション,tower,tokyo tower,tokyo tower,tokyo tower,tokyo tower,tokyo tower,tokyo tower,tokyo tower,tokyo tower,tokyo tower,tokyo tower,tokyo tower,tower,tokyo tower,tokto tower,tokyotower,tokyotower,tokyotower,tokyo tower,tokyo tower,tokyo tower,tokyo tower,tokyo tower,tokyo tower,tokyo tower,tokyo tower,tokyo tower,tower,tiny tokyo tower,tower,tower,tower,tower,tower,tokyo tower,tower,tokyo tower,tower,tokyo tower,tokyotower,東京タワー,the tower,tokyo tower,jizos and tokyo tower,tokyo tower,torre de tokyo,torre de tokyo,tokyo tower,tokyo tower,tokyo tower,東京タワー,tokyo tower,tokyotower,東京タワー,tower,tower,東京タワー,東京タワー,dscn1399,東京タワー,tokyo tower,東京タワー,tokyo tower,東京タワー,tokyo tower,東京タワー,tokyo tower,東京タワー,tokyo tower,東京タワー,tokyo tower,東京タワー,tokyo tower,東京タワー,tokyo tower,tokyo tower,tokyo tower,tokyo tower,tokyo tower,tokyo tower,tokyo tower,tokyo tower,tokyo tower,東京タワー,tokyo tower,東京タワー,tokyo tower,東京タワー,tokyo tower,tokyo tower,東京タワー,tokyo tower,東京タワー,tokyo tower,tokyo tower,東京タワー,tokyo tower,東京タワー,tokyotower,050522_306,東京タワー,tokyo_tower,zojoji&tower,tokyo tower,東京タワー,tokyo tower,東京タワー,東京タワー,tokyo tower,東京タワー,tokyo tower,東京タワー,tokyo tower,東京タワー,東京タワー,the tower #03,orange moon tower,the tower #01,orange tower,東京タワー,tower,tokyo tower,tokyo tower,東京タワー,東京タワー,tokyo tower,東京タワー,tokyo tower,東京タワー,tokyo tower,東京タワー,tokyo tower,東京タワー,tokyo tower,東京タワー,tokyo tower,東京タワー,tokyo tower,東京タワー,tokyo tower,東京タワー,tokyo tower,東京タワー,tokyo tower,東京タワー,東京タワー,tokyo tower,tokyo tower,tokyo tower,tokyo tower,tokyo tower,g42 urban city tower,tower,tokyotower,tower,tower,tower,tokyo tower,tower,tokyo tower,tower,tower,tower,tower,tower,tower,tower,tower,tower,tower,tower,tokyo tower,tower,tokyo,tower,tokyo tower,tokyo tower,tokyo tower,tokyo tower,tokyo tower,tokyo tower,tokyotower,シーサイトトッフ,東京タワー,tokyotower,シーサイトトッフ,東京タワー,tokyotower,シーサイトトッフ,東京タワー,tokyotower,シーサイトトッフ,東京タワー,tokyotower,東京タワー,tokyotower,シーサイトトッフ,東京タワー,tokyotower,シーサイトトッフ,東京タワー,tokyotower,シーサイトトッフ,東京タワー,tokyotower,シーサイトトッフ,東京タワー,tokyotower,東京タワー,tokyotower,東京タワー,tokyotower,シーサイトトッフ,東京タワー,tokyotower,シーサイトトッフ,東京タワー,tokyoskytree,東京スカイツリー,tokyotower,東京タワー,tokyotower,東京タワー,tokyotower,東京タワー,tokyotower,東京タワー,tokyotower,東京タワー,tokyotower,東京タワー,tokyotower,東京タワー,tokyotower,東京タワー,tokyotower,東京タワー,tokyotower,東京タワー,tokyotower,東京タワー,tokyotower,東京タワー,tokyotower,東京タワー,tokyotower,東京タワー,tokyotower,東京タワー,tokyotower,東京タワー,tokyotower,東京タワー,tokyotower,東京タワー,nippon tower,tokyo tower,シーサイトトッフ,東京タワー,シーサイトトッフ,東京タワー,シーサイトトッフ,東京タワー,シーサイトトッフ,東京タワー,シーサイトトッフ,東京タワー,シーサイトトッフ,東京タワー,シーサイトトッフ,東京タワー,シーサイトトッフ,東京タワー,東京タワー,東京タワー,東京タワー,tokyo tower,東京タワー,tokyo tower,tokyo tower,tower,tower,tower,tower,tokyo tower,東京鐵塔,東京タワー,tokyo tower,東京鐵塔,urban tower,東京鐵塔,tower,tower,tower,tower,wtc,wtc,tower,tokyo,tower,metropolis,metropolis,hamamatsucho tower,tower,tokyo tower,tower,tower,tokyo tower,東京タワー,東京タワー,東京タワー,東京タワー,東京タワー,東京スカイツリー,東京スカイツリー,東京スカイツリー,東京スカイツリー,東京タワー,東京タワー,東京タワー,東京タワー,tower,tower,tower,tokyo tower,tower,skyskrapa,tower,tower,tokyo tower,tokyo tower,東京タワー,tokyo tower,東京タワー,tokyo tower,世界貿易センターヒル,tokyo tower,tokyo skytree,tokyo tower,red tower,candle heart tower,tokyo,tokyo,tower,東京タワー,東京タワー,world tower,tokyo tower,東京タワー,tokyo tower,hamamatsucho,浜松町,tokyo tower,東京タワー,東京タワー,tower,タワー,tokyo_tower2,urban tower,the edge of tokyo tower,daimon tower"
12,35.71209412708704,139.80457358405744,"1436,1447,1457,1471,1482,1499,1509,1531,1640,1647,1648,1650,1666,1697,1786,1828,1909,1910,1916,1917,1918,1931,1933,1934,1935,1942,2058,2059,2103,2104,2105,2106,2107,2108,2109,2110,2111,2248,2299,2310,2311,2315,2316,2337,2339,2340,2341,2342,2343,2344,2345,2346,2347,2348,2349,2350,2351,2352,2353,2354,2355,2356,2357,2358,2359,2360,2361,2362,2419,2429,2596,2600,2601,2602,2603,2604,2605,2606,2607,2608,2609,2610,2611,2612,2613,2614,2615,2616,2759,2760,2761,2762,2766,3060,3075,3116,3117,3118,3119,3120,3121,3122,3123,3124,3125,3126,3127,3128,3129,3130,3131,3132,3133,3134,3135,3136,3137,3138,3139,3140,3141,3142,3143,3144,3145,3146,3147,3148,3149,3150,3151,3152,3153,3154,3155,3156,3157,3158,3159,3160,3161,3162,3163,3164,3165,3166,3167,3168,3169,3170,3171,3172,3173,3174,3175,3176,3177,3178,3179,3180,3181,3182,3183,3184,3185,3186,3187,3188,3189,3190,3191,3192,3193,3194,3195,3196,3197,3198,3199,3200,3201,3202,3203,3204,3205,3206,3207,3208,3209,3210,3211,3212,3213,3214,3215,3216,3217,3218,3219,3220,3336,3337,3338,3339,3340,3341,3342,3343,3344,3345,3346,3347,3348,3349,3350,3351,3352,3353,3354,3355,3356,3357,3358,3359,3360,3361,3362,3363,3364,3365,3366,3367,3368,3369,3370,3371,3372,3373,3374,3375,3376,3377,3378,3379,3597,3598,3599,3600,3601,3602,3603,3604,3605,3606,3608,3609,3610,3611,3614,3615,3616,3617,3750,3751,3752,3753,3820,3823,3824,3963,3964,3965,3966,3967,3968,3984,3985,3986,4018,4019,4020,4021,4022,4023,4024,4025,4026,4027,4028,4030,4095,4096,4097,4098,4099,4100,4101,4102,4103,4104,4105,4106,4107,4108,4221,4222,4223,4224,4225,4227,4228,4229,4230,4231,4232,4233,4234,4235,4236,4285,4295,4296,4297,4298,4322,4380,4381,4382,4383,4384,4385,4386,4397,4400,4431,4432,4433,4434,4435,4436,4437,4438,4439,4440,4487,4488,4489,4490,4491,4492,4493,4494,4495,4496,4497,4498,4499,4500,4501,4502,4503,4558,4559,4560,4561,4562,4563,4564,4565,4566,4567,4568,4569,4570,4571,4572,4621,4622,4623,4624,4625,4626,4627,4628,4629,4630,4632,4646,4677,4741,4742,4743,4744,4745,4747,4758,4764,4765,4933,4934,4935,4936,4937,4938,4939,4940,4941,4942,4943,4944,4945,4946,4947,4948,4949,4950,4951,4952,4953,4954,4955,4956,4957,4958,4959,4960,4961,4962,4963,4964,4965,4966,4967,4968,4969,4970,4971,4972,4973,4974,4975,4976,4977,4978,4979,4980,5011,5014,5076,5077,5078,5079,5080,5081,5082,5083,5113,5114,5115,5116,5117,5118,5150,5151,5200,5201,5202,5203,5204,5210,5211,5212,5213,5214,5234,5387,5388,5398,5400,5479,5485,5486,5487,5488,5489,5490,5491,5492,5493,5494,5534,5549,5611,5612,5613,5614,5615,5616,5617,5618,5619,5620,5621,5622,5623,5624,5661,5662,5663,5679,5680,5681,5682,5683,5684,5685,5686,5687,5688,5689,5690,5691,5692,5699,5861,5917,5948,6000,6030,6031,6035,6037,6038,6039,6040,6041,6042,6043,6044,6045,6046,6047,6048,6049,6050,6074,6097,6099,6102,6103,6104,6105,6106,6107,6108,6119,6120,6121,6122,6123,6124,6125,6126,6127,6201,6230,6231,6232,6233,6234,6235,6261,6335,6375,6376,6377,6378,6379,6385,6386,6387,6388,6389,6390,6456,6547,6548,6549,6550,6551,6552,6553,6554,6555,6556,6557,6558,6585,6586,6587,6588,6589,6590,6591,6592,6593,6594,6595,6596,6597,6598,6599,6601,6602,6603,6604,6605,6606,6607,6608,6609,6610,6611,6612,6613,6614,6615,6616,6617,6618,6619,6620,6621,6622,6623,6624,6625,6715,6716,6815,6901,6941,6977,6978,6979,6980,7003,7004,7036,7048,7051,7052,7053,7155,7156,7157,7192,7193,7205,7281,7322,7323,7358,7380,7381,7382,7383,7384,7385,7386,7387,7388,7389,7390,7391,7392,7393,7394,7395,7396,7397,7398,7399,7400,7401,7402,7403,7404,7405,7406,7444,7445,7446,7447,7448,7449,7450,7481,7482,7483,7484,7485,7486,7487,7488,7489,7490,7491,7492,7493,7494,7495,7496,7497,7498,7499,7500,7501,7502,7503,7504,7505,7506,7507,7508,7509,7510,7511,7512,7513,7514,7515,7516,7518,7519,7520,7521,7522,7523,7524,7525,7526,7533,7535,7536,7537,7538,7552,7553,7557,7558,7559,7560,7561,7562,7563,7564,7565,7567,7568,7569,7570,7603,7605,7606,7607,7614,7616,7790,7793,7794,7805,7832,7845,7861,7862,7863,7864,7877,7878,7893,7913,7916,7917,7933,7934,7935,7937,7949,7956,7957,7958,7959,7960,7961,7986,8068,8090,8091,8092,8105,8109,8110,8111,8112,8113,8144,8145,8146,8147,8153,8154,8178,8179,8180,8181,8196,8197,8200,8215,8216,8217,8218,8219,8225,8254,8258,8270,8275,8310,8340,8341,8355,8380,8389,8390,8420,8454,8459,8624,8678,8765,8788,8795,8818,8819,8899,8929,9079,9095,9114,9115,9175,9176,9231,9238,9320,9354,9397,9474,9475,9476,9477,9520,9521,9588,9589,9590,9591,9607,9632,9649,9653,9654,9784,9792,9859,9861,9891,9893,9934,9956,9987,1437,1438,1439,1440,1444,1494,1495,1496,1497,1498,1501,1502,1503,1504,1505,1528,1529,1532,1533,1534,1535,1543,1544,1545,1546,1547,1548,1549,1550,1551,1552,1553,1554,1555,1556,1557,1558,1559,1560,1561,1562,1563,1564,1565,1566,1567,1568,1569,1570,1571,1572,1573,1574,1575,1576,1577,1578,1579,1580,1581,1582,1583,1584,1585,1586,1587,1588,1589,1590,1591,1592,1593,1594,1595,1596,1597,1598,1599,1600,1601,1602,1603,1604,1605,1606,1607,1608,1609,1610,1611,1612,1613,1614,1615,1616,1617,1618,1627,1628,1629,1630,1631,1657,1658,1668,1684,1685,1694,1704,1705,1706,1754,1755,1756,1757,1758,1759,1760,1761,1762,1763,1764,1765,1766,1767,1788,1789,1790,1791,1792,1793,1794,1795,1796,1797,1798,1799,1800,1801,1802,1803,1805,1806,1807,1808,1809,1810,1811,1812,1813,1814,1815,1816,1817,1818,1819,1820,1821,1827,1879,1882,1886,1887,1888,1889,1890,1891,1892,1893,1894,1895,1896,1897,1898,1899,1900,1901,1902,1903,1904,1905,1906,1907,1908,1919,1939,2036,2037,2038,2039,2040,2041,2042,2043,2044,2045,2046,2049,2051,2052,2053,2054,2055,2056,2064,2065,2066,2067,2068,2069,2070,2071,2072,2073,2074,2075,2076,2077,2078,2079,2080,2081,2082,2083,2084,2085,2086,2087,2088,2089,2090,2091,2092,2093,2094,2095,2096,2097,2098,2099,2100,2101,2102,2112,2113,2114,2115,2116,2117,2118,2119,2120,2121,2122,2123,2124,2125,2126,2127,2128,2129,2130,2131,2132,2133,2134,2135,2136,2137,2138,2139,2140,2141,2142,2143,2144,2145,2146,2147,2148,2149,2150,2151,2152,2153,2154,2155,2156,2157,2158,2160,2161,2162,2163,2164,2165,2166,2167,2168,2169,2170,2171,2172,2173,2174,2175,2176,2177,2178,2179,2180,2181,2182,2183,2184,2185,2186,2187,2188,2189,2190,2191,2192,2193,2194,2195,2196,2197,2198,2199,2200,2201,2202,2203,2204,2205,2206,2207,2208,2209,2210,2211,2212,2213,2214,2215,2216,2217,2218,2219,2220,2221,2222,2223,2224,2225,2226,2227,2228,2229,2230,2231,2232,2233,2234,2235,2236,2237,2238,2239,2240,2241,2242,2243,2244,2245,2282,2314,2317,2318,2319,2320,2321,2324,2433,2445,2731,2740,2741,2742,2743,2770,2856,2857,2858,2859,2860,2861,2862,2863,2864,2865,2866,2867,2868,2869,2870,2871,2872,2873,2874,2875,2876,2877,2878,2879,2880,2881,2882,2883,2884,2885,2886,2887,2888,2889,2890,2891,2892,2893,2894,2895,2896,2897,2898,2899,2900,2901,2902,2903,2904,2905,2906,2907,2908,2909,2910,2911,2912,2913,2914,2915,2916,2917,2918,2919,2920,2921,2922,2923,2924,2925,2926,2927,2928,2929,2930,2931,2932,2933,2934,2935,2936,2937,3073,3074,3076,3077,3078,3079,3080,3081,3082,3083,3084,3085,3086,3087,3088,3089,3090,3091,3092,3093,3094,3095,3096,3097,3098,3099,3100,3251,3258,3259,3260,3261,3262,3263,3264,3265,3266,3267,3268,3269,3270,3271,3272,3273,3274,3275,3276,3277,3278,3279,3280,3281,3282,3283,3284,3285,3286,3287,3288,3289,3290,3291,3292,3293,3294,3295,3296,3297,3298,3299,3300,3301,3302,3303,3304,3305,3306,3307,3308,3309,3310,3311,3312,3313,3314,3315,3316,3317,3318,3319,3320,3321,3322,3323,3324,3325,3326,3327,3328,3329,3330,3331,3332,3333,3334,3335,3475,3476,3484,3491,3533,3536,3537,3538,3539,3540,3541,3544,3656,3657,3658,3659,3660,3661,3662,3663,3664,3665,3666,3667,3668,3669,3670,3671,3672,3673,3674,3675,3676,3677,3678,3679,3680,3681,3682,3683,3684,3685,3686,3687,3688,3689,3690,3691,3692,3693,3694,3760,3761,3763,3764,3765,3766,3767,3768,3769,3770,3771,3772,3773,3774,3775,3776,3777,3778,3779,3780,3781,3782,3783,3784,3785,3786,3787,3788,3789,3790,3791,3792,3793,3794,3795,3796,3797,3798,3799,3800,3801,3802,3803,3804,3805,3806,3807,3808,3809,3810,3811,3812,3813,3814,3815,3816,3833,3949,3951,4039,4090,4109,4111,4161,4163,4164,4165,4166,4167,4168,4169,4170,4171,4172,4173,4188,4214,4217,4245,4246,4247,4248,4249,4250,4251,4252,4253,4254,4255,4256,4257,4258,4259,4260,4261,4262,4263,4264,4265,4266,4267,4268,4269,4270,4271,4272,4299,4351,4354,4355,4356,4364,4428,4429,4468,4476,4504,4505,4506,4507,4508,4509,4556,4613,4619,4631,4678,4704,4705,4787,4788,4789,4790,4791,4792,4793,4794,4996,4997,4998,5012,5013,5061,5062,5063,5064,5065,5066,5067,5068,5069,5070,5071,5072,5073,5074,5075,5084,5085,5086,5087,5099,5106,5107,5108,5109,5110,5111,5112,5119,5169,5170,5171,5172,5173,5174,5175,5176,5177,5181,5182,5183,5184,5185,5186,5187,5188,5189,5228,5229,5230,5268,5270,5271,5272,5273,5274,5275,5276,5334,5354,5355,5356,5357,5358,5359,5360,5411,5412,5413,5414,5461,5465,5480,5484,5495,5496,5497,5498,5499,5537,5548,5607,5676,5678,5727,5729,5730,5731,5732,5733,5734,5735,5736,5737,5738,5739,5740,5741,5742,5749,5750,5751,5794,5865,5874,5875,5876,5877,5882,5883,5884,5885,5886,5889,5890,5891,5892,5893,5894,5895,5896,5898,5899,5900,5901,5902,5903,5904,5905,5906,5907,5928,5929,5930,5931,5932,5933,5949,5951,5952,5953,5954,5955,5956,5957,5958,5959,5960,5961,5962,5963,5964,5965,5966,5967,5968,5969,5970,5971,5972,5973,5974,5975,5976,5977,5978,5979,5980,5981,5982,6003,6014,6021,6022,6023,6024,6025,6026,6027,6051,6055,6056,6057,6058,6059,6060,6094,6154,6159,6164,6165,6166,6167,6168,6169,6170,6171,6172,6193,6236,6240,6241,6242,6243,6244,6245,6246,6247,6248,6249,6250,6251,6252,6253,6254,6255,6256,6257,6258,6259,6260,6314,6330,6334,6338,6384,6391,6398,6399,6400,6401,6402,6403,6404,6405,6406,6407,6408,6409,6410,6434,6455,6457,6458,6459,6475,6476,6641,6642,6643,6644,6645,6646,6647,6648,6649,6650,6651,6652,6653,6654,6655,6656,6657,6658,6659,6660,6661,6662,6663,6664,6665,6666,6667,6668,6669,6670,6671,6672,6673,6674,6675,6723,6724,6725,6726,6727,6728,6729,6730,6731,6732,6733,6734,6735,6736,6737,6738,6739,6740,6741,6742,6743,6744,6745,6746,6747,6748,6749,6750,6751,6752,6753,6754,6755,6756,6757,6758,6759,6760,6761,6762,6763,6764,6816,6817,6865,6866,6867,6868,6869,6870,6871,6872,6873,6874,6875,6876,6877,6878,6880,6881,6883,6898,6902,6939,6940,6947,6965,6966,6969,6984,6987,6988,6989,6990,6991,6992,6993,6994,6995,6996,6997,6998,6999,7000,7001,7002,7005,7006,7007,7008,7009,7010,7011,7012,7062,7075,7092,7093,7095,7096,7097,7098,7099,7100,7101,7102,7103,7104,7105,7106,7107,7108,7109,7110,7111,7112,7113,7114,7115,7116,7117,7118,7119,7120,7121,7122,7123,7124,7125,7126,7127,7128,7129,7130,7131,7132,7133,7134,7135,7136,7137,7138,7139,7140,7141,7142,7143,7144,7145,7146,7160,7162,7194,7195,7196,7197,7207,7208,7209,7210,7211,7212,7213,7214,7216,7218,7223,7225,7230,7233,7238,7239,7257,7258,7259,7273,7274,7295,7296,7297,7298,7299,7300,7301,7319,7320,7324,7325,7326,7346,7349,7350,7351,7352,7353,7355,7359,7602,7617,7618,7619,7623,7625,7631,7632,7633,7634,7635,7636,7637,7638,7639,7640,7641,7749,7750,7751,7769,7773,7774,7775,7792,7795,7815,7822,7825,7838,7839,7842,7846,7852,7869,7901,7902,7903,7904,7905,7906,7907,7908,7911,7912,7921,7940,7941,7943,7944,7948,7984,7985,7990,7991,7992,7993,7994,8004,8016,8082,8089,8106,8107,8116,8125,8126,8127,8128,8132,8133,8134,8135,8137,8143,8148,8149,8150,8151,8160,8167,8182,8194,8199,8213,8214,8232,8240,8244,8245,8246,8247,8248,8267,8286,8288,8289,8290,8292,8294,8298,8333,8334,8364,8370,8397,8399,8400,8421,8422,8423,8426,8429,8433,8434,8452,8453,8466,8472,8473,8474,8475,8476,8477,8478,8479,8480,8481,8482,8483,8484,8486,8489,8495,8679,8747,8753,8754,8755,8756,8757,8773,8777,8778,8789,8790,8796,8797,8798,8809,8810,8811,8813,8814,8815,8816,8817,8822,8825,8830,8837,8838,8839,8840,8845,8897,8974,9064,9092,9093,9096,9119,9131,9170,9171,9200,9201,9202,9224,9225,9226,9227,9228,9229,9230,9232,9233,9234,9237,9271,9335,9390,9412,9413,9428,9439,9450,9480,9523,9524,9525,9526,9598,9617,9630,9631,9633,9634,9637,9648,9651,9693,9694,9739,9740,9741,9742,9743,9744,9745,9746,9747,9748,9749,9750,9751,9752,9753,9754,9755,9756,9757,9758,9759,9783,9785,9786,9787,9788,9789,9793,9794,9795,9796,9817,9818,9821,9822,9823,9824,9825,9826,9827,9828,9829,9830,9838,9853,9855,9856,9857,9858,9862,9864,9865,9866,9867,9868,9890,9892,9913,9916,9917,9918,9919,9920,9946,1456,1698,1787,1940,1941,1966,2966,2967,2968,2969,2970,2971,2988,2989,2990,2991,2992,2993,2994,2995,2996,2997,3017,3018,3019,3020,3021,3022,3023,3024,3025,3026,3027,3028,3029,3030,3032,3036,3037,3038,3039,3040,3041,3042,3043,3044,3045,3046,3047,3048,3049,3050,3051,3052,3053,3057,3058,3114,3485,3486,3487,3488,3489,3490,3492,3493,3494,3495,3496,3497,3498,3499,3500,3501,3502,3503,3504,3505,3506,3507,3508,3509,3510,3511,3512,3513,3514,3515,3516,3517,3518,3519,3520,3521,3522,3523,3524,3525,3526,3527,3528,3529,3530,3531,3532,3534,3535,3542,3543,4048,4079,4080,4081,4082,4085,4086,4087,4088,4216,4242,4243,4244,4273,4274,4275,4277,4278,4366,4367,4368,4369,4370,4406,4418,4419,4420,4421,4422,4423,4424,4425,4426,4427,4445,4446,4447,4450,4451,4452,4453,4454,4456,4457,4532,4533,4534,4535,4536,4537,4538,4539,4540,4541,4542,4698,4699,4700,4701,4702,4703,4706,4707,4708,4709,4710,4783,4784,4785,4786,4799,5190,5191,5192,5193,5194,5195,5196,5197,5198,5199,5390,5391,5392,5547,5592,5593,5594,5700,5701,5702,5703,5704,5705,5706,5707,5708,5709,5719,5720,5721,5722,5723,5724,5725,5908,5909,5910,5911,5912,5913,5914,5915,6005,6006,6007,6070,6071,6382,6802,6803,6804,6805,6806,6807,6808,6809,6810,6811,6918,6919,6920,6921,6922,6923,6924,6925,6926,6927,6928,6929,6930,6931,6932,7087,7272,7848,8383,8468,9075,9172,9173,9215,9242,9405,9406,9912,2593,2713,2714,2715,2716,2717,2718,2719,2720,2721,2722,2723,2724,2725,2726,2727,2746,2747,2748,2749,2750,2751,2752,2753,2754,2755,2756,2757,2758,2938,2939,2940,2941,2942,2943,2944,2945,2946,2947,2948,2949,2950,2951,2952,2953,2957,2958,2959,2962,2963,2964,2965,2976,2977,2978,2979,2980,2981,2982,2983,2984,2985,2986,2987,3003,3004,3005,3006,3007,3008,3009,3010,3011,3012,3013,3014,3015,3016,3031,3035,3056,3246,3247,3248,3249,3252,3253,3254,3255,3256,3257,3381,3382,3383,3384,3385,3386,3387,3388,3389,3390,3391,3392,3393,3394,3395,3396,3397,3398,3399,3400,3401,3402,3403,3404,3405,3406,3407,3408,3409,3410,3411,3412,3413,3414,3415,3416,3417,3418,3419,3420,3421,3422,3423,3424,3425,3426,3427,3428,3429,3430,3431,3432,3433,3434,3637,3638,3639,3640,3641,3642,3643,3646,3647,3648,3649,3652,3653,3654,3868,3869,3870,3871,3872,3873,3874,3875,3881,3882,3883,3884,3885,3886,3887,3888,3889,3890,3891,3892,3893,3908,3909,3910,3911,3912,3913,3914,3915,3916,3917,3918,3919,3920,3921,3922,3923,3924,3925,3926,3927,3928,3929,3930,3931,3932,3933,3934,3975,3976,3977,3978,3979,3980,3981,3982,3983,4114,4115,4157,4283,4284,4334,4335,4348,4349,4350,4352,4353,4394,4415,4416,4417,4441,4448,4449,4455,4458,4469,4470,4471,4472,4473,4474,4475,4478,4479,4480,4481,4482,4483,4484,4511,4512,4513,4514,4515,4516,4517,4518,4519,4520,4545,4546,4547,4548,4549,4550,4551,4552,4553,4554,4578,4579,4580,4581,4582,4583,4584,4585,4586,4587,4605,4606,4607,4608,4609,4610,4611,4612,4683,4684,4685,4686,4687,4688,4689,4690,4691,4692,4760,4761,4762,4763,4771,4772,4773,4774,4775,4990,4991,4992,4993,4994,4995,5017,5018,5019,5034,5035,5036,5037,5038,5039,5040,5148,5324,5325,5326,5327,5328,5329,5330,5331,5332,5333,5401,5402,5403,5404,5405,5501,5502,5503,5504,5505,5506,5507,5508,5509,5510,5511,5512,5513,5514,5515,5516,5517,5518,5519,5520,5521,5522,5523,5524,5525,5526,5527,5528,5529,5530,5531,5532,5533,5550,5551,5552,5584,5585,5586,5587,5625,5626,5627,5628,5632,5633,5634,5635,5636,5637,5638,5639,5640,5641,5642,5643,5644,5645,5646,5647,5648,5649,5650,5672,5673,5674,5675,5712,5713,5714,5715,5752,5753,5754,5755,5756,5757,5783,5784,5785,5786,5787,5788,5789,5790,5816,5817,5818,5819,5820,5821,5822,5823,5824,5835,5836,5918,5919,5920,5921,5922,5923,5924,5936,5937,5938,5939,5940,5941,5942,5943,5944,5945,5946,5947,6010,6011,6012,6013,6155,6156,6157,6158,6194,6195,6196,6197,6198,6350,6351,6352,6353,6354,6355,6356,6435,6436,6437,6438,6439,6440,6441,6442,6443,6444,6445,6446,6447,6448,6449,6450,6451,6452,6453,6454,6480,6481,6482,6483,6484,6485,6486,6487,6488,6489,6490,6491,6492,6493,6494,6495,6496,6497,6527,6528,6529,6530,6531,6532,6533,6534,6535,6536,6570,6571,6572,6573,6574,6575,6576,6577,6578,6579,6580,6706,6707,6708,6709,6710,6711,6712,6713,8080,8084,8087,9103,1655,3226,3227,3228,3229,3230,3231,3232,3233,3234,3235,3236,3237,3238,3239,3240,3241,3242,3243,3959,3960,3961,3962,4226,4336,4337,4338,4339,4340,4341,4342,4526,4527,4528,4529,4530,4531,4637,4638,4883,4884,4885,4886,4887,4888,4889,4890,4891,4892,4893,4894,4999,5000,5001,5090,5091,5092,5093,5094,5095,5096,5097,5098,5693,5694,5695,5696,5697,5726,5994,5995,5996,6132,6133,6134,6135,6136,6137,6315,6316,6317,6318,6319,6320,6321,6322,6323,6324,6325,6397,6501,6502,6503,6504,6505,6506,6507,6508,6509,6510,6511,6512,6513,6514,6515,6516,6517,7909,7914,7915,8841,8842,8843,8844,8846,8847,8848,8849,8850,8851,8852,8853,8854,8855,8856,8857,8858,8859,8860,8861,8862,8863,8864,8865,8866,8867,8868,8869,8870,8871,8872,8873,8874,8875,8876,8877,8878,8879,8880,8881,8882,8883,8884,8885,8886,8887,8888,8889,8890,8891,8892,8893,8894,8895,8896,9894,10358,10359","tokyo skytree reflections,tokyo tower,tokyo skytree,tokyo,tower,tokyoskytree,東京スカイツリー,東京スカイツリー,tokyoskytree,東京スカイツリー,tokyo sky tree,tokyo sky tree,tokyo sky tree,tower,tower,tokyo skytree,tokyo skytree,tokyo skytree,tokyo skytree,tokyo skytree,tokyo sky tree,tokyo sky tree,tokyo sky tree,five-story tower,fivestory tower,tokyo skytree,東京スカイツリーと墨田区役所庁舎,tower,tokyo skytree,tower,templo de asakusa,tokyo skytree,templo de asakusa,tokyo skytree,tokyo,communicationtower,スカイツリー,東京スカイツリー,スカイツリー,東京スカイツリー,スカイツリー,東京スカイツリー,スカイツリー,東京スカイツリー,スカイツリー,東京スカイツリー,スカイツリー,東京スカイツリー,スカイツリー,東京スカイツリー,skytree,tokyoskytree,スカイツリー,スカイツリー,東京スカイツリー,スカイツリー,東京スカイツリー,スカイツリー,東京スカイツリー,スカイツリー,東京スカイツリー,スカイツリー,東京スカイツリー,スカイツリー,東京スカイツリー,スカイツリー,東京スカイツリー,スカイツリー,東京スカイツリー,スカイツリー,東京スカイツリー,東京スカイツリー,東京スカイツリー,東京スカイツリー,東京スカイツリー,東京スカイツリー,東京スカイツリー,東京スカイツリー,skytree,東京スカイツリー,skytree,東京スカイツリー,skytree,東京スカイツリー,skytree,東京スカイツリー,skytree,tokyoskytree,東京スカイツリー,skytree,tokyoskytree,東京スカイツリー,skytree,tokyoskytree,東京スカイツリー,skytree,東京スカイツリー,skytree,東京スカイツリー,skytree,東京スカイツリー,skytree,東京スカイツリー,skytree,東京スカイツリー,skytree,東京スカイツリー,skytree,東京スカイツリー,skytree,東京スカイツリー,skytree,東京スカイツリー,skytree,東京スカイツリー,東京スカイツリー,tower,東京スカイツリー,東京スカイツリー,東京スカイツリー,東京スカイツリー,東京スカイツリー,東京スカイツリー,東京スカイツリー,東京スカイツリー,東京スカイツリー,東京スカイツリー,東京スカイツリー,東京スカイツリー,東京スカイツリー,東京スカイツリー,東京スカイツリー,東京スカイツリー,東京スカイツリー,東京スカイツリー,東京スカイツリー,東京スカイツリー,東京スカイツリー,東京スカイツリー,東京スカイツリー,東京スカイツリー,東京スカイツリー,東京スカイツリー,東京スカイツリー,東京スカイツリー,東京スカイツリー,東京スカイツリー,東京スカイツリー,東京スカイツリー,東京スカイツリー,東京スカイツリー,東京スカイツリー,東京スカイツリー,東京スカイツリー,東京スカイツリー,東京スカイツリー,東京スカイツリー,東京スカイツリー,東京スカイツリー,東京スカイツリー,東京スカイツリー,東京スカイツリー,東京スカイツリー,東京スカイツリー,東京スカイツリー,東京スカイツリー,東京スカイツリー,東京スカイツリー,東京スカイツリー,東京スカイツリー,東京スカイツリー,東京スカイツリー,東京スカイツリー,東京スカイツリー,東京スカイツリー,東京スカイツリー,東京スカイツリー,東京スカイツリー,東京スカイツリー,東京スカイツリー,東京スカイツリー,東京スカイツリー,東京スカイツリー,東京スカイツリー,東京スカイツリー,東京スカイツリー,東京スカイツリー,東京スカイツリー,東京スカイツリー,東京スカイツリー,東京スカイツリー,東京スカイツリー,東京スカイツリー,東京スカイツリー,東京スカイツリー,東京スカイツリー,東京スカイツリー,東京スカイツリー,東京スカイツリー,東京スカイツリー,東京スカイツリー,東京スカイツリー,東京スカイツリー,東京スカイツリー,東京スカイツリー,東京スカイツリー,東京スカイツリー,東京スカイツリー,東京スカイツリー,東京スカイツリー,東京スカイツリー,東京スカイツリー,東京スカイツリー,東京スカイツリー,東京スカイツリー,東京スカイツリー,東京スカイツリー,東京スカイツリー,東京スカイツリー,スカイツリー,東京スカイツリー,東京スカイツリー,東京スカイツリー,東京スカイツリー,東京スカイツリー,東京スカイツリー,東京スカイツリー,東京スカイツリー,東京スカイツリー,東京スカイツリー,東京スカイツリー,東京スカイツリー,東京スカイツリー,東京スカイツリー,東京スカイツリー,東京スカイツリー,東京スカイツリー,スカイツリー,東京スカイツリー,スカイツリー,東京スカイツリー,スカイツリー,東京スカイツリー,スカイツリー,東京スカイツリー,スカイツリー,東京スカイツリー,スカイツリー,東京スカイツリー,skytree,スカイツリー,東京スカイツリー,skytree,スカイツリー,東京スカイツリー,skytree,スカイツリー,東京スカイツリー,skytree,スカイツリー,東京スカイツリー,skytree,スカイツリー,東京スカイツリー,skytree,スカイツリー,東京スカイツリー,スカイツリー,東京スカイツリー,スカイツリー,東京スカイツリー,skytree,スカイツリー,東京スカイツリー,skytree,スカイツリー,東京スカイツリー,スカイツリー,東京スカイツリー,skytree,スカイツリー,東京スカイツリー,スカイツリー,東京スカイツリー,skytree,スカイツリー,東京スカイツリー,スカイツリー,東京スカイツリー,スカイツリー,東京スカイツリー,skytree,スカイツリー,東京スカイツリー,東京スカイツリー,東京スカイツリー,東京スカイツリー,東京スカイツリー,skytree,スカイツリー,東京スカイツリー,スカイツリー,東京スカイツリー,スカイツリー,東京スカイツリー,skytree,東京スカイツリー,東京スカイツリー,東京スカイツリー,東京スカイツリー,東京スカイツリー,東京スカイツリー,東京スカイツリータワー,東京スカイツリータワー,skytree,スカイツリー,東京スカイツリー,skytree,東京スカイツリー,skytree,スカイツリー,東京スカイツリー,skytree,スカイツリー,東京スカイツリー,skytree,スカイツリー,東京スカイツリー,skytree,スカイツリー,東京スカイツリー,tokyo sky tree,tokyo sky tree,tokyo sky tree,tower,tokyo skytree,東京スカイツリー,tower,skytree,スカイツリー,東京スカイツリー,skytree,スカイツリー,東京スカイツリー,tokyo tower,東京スカイツリー,東京スカイツリー,東京スカイツリー,東京スカイツリー,東京スカイツリー,東京スカイツリー,東京スカイツリー,東京スカイツリー,東京スカイツリー,東京スカイツリー,東京スカイツリー,skytree,tokyoskytree,東京スカイツリー,skytree,tokyoskytree,東京スカイツリー,skytree,tokyoskytree,スカイツリー,東京スカイツリー,skytree,tokyoskytree,東京スカイツリー,skytree,tokyoskytree,スカイツリー,東京スカイツリー,skytree,tokyoskytree,東京スカイツリー,skytree,tokyoskytree,スカイツリー,東京スカイツリー,skytree,tokyoskytree,スカイツリー,東京スカイツリー,skytree,tokyoskytree,スカイツリー,東京スカイツリー,skytree,tokyoskytree,東京スカイツリー,skytree,スカイツリー,東京スカイツリー,skytree,スカイツリー,東京スカイツリー,skytree,スカイツリー,東京スカイツリー,skytree,スカイツリー,東京スカイツリー,東京スカイツリー,東京スカイツリー,東京スカイツリー,東京スカイツリー,東京スカイツリー,東京スカイツリー,東京スカイツリー,東京スカイツリー,東京スカイツリー,東京スカイツリー,東京スカイツリー,東京スカイツリー,東京スカイツリー,skytree,tokyoskytree,東京スカイツリー,skytree,tokyoskytree,東京スカイツリー,tower,skytree,東京スカイツリー,skytree,東京スカイツリー,skytree,スカイツリー,東京スカイツリー,skytree,tokyoskytree,東京スカイツリー,東京スカイツリータワー,skytree,スカイツリー,東京スカイツリー,skytree,スカイツリー,東京スカイツリー,skytree,tokyoskytree,東京スカイツリー,skytree,tokyoskytree,東京スカイツリー,skytree,tokyoskytree,東京スカイツリー,skytree,tokyoskytree,東京スカイツリー,skytree,tokyoskytree,東京スカイツリー,東京スカイツリー,tokyo skytree,東京スカイツリー,skytree,東京スカイツリー,skytree,東京スカイツリー,skytree,東京スカイツリー,skytree,スカイツリー,東京スカイツリー,skytree,スカイツリー,東京スカイツリー,skytree,スカイツリー,東京スカイツリー,skytree,スカイツリー,東京スカイツリー,skytree,スカイツリー,東京スカイツリー,skytree,tokyoskytree,スカイツリー,東京スカイツリー,skytree,tokyoskytree,東京スカイツリー,skytree,tokyoskytree,スカイツリー,東京スカイツリー,skytree,tokyoskytree,スカイツリー,東京スカイツリー,skytree,スカイツリー,東京スカイツリー,skytree,スカイツリー,東京スカイツリー,skytree,スカイツリー,東京スカイツリー,skytree,スカイツリー,東京スカイツリー,skytree,スカイツリー,東京スカイツリー,skytree,スカイツリー,東京スカイツリー,skytree,スカイツリー,東京スカイツリー,skytree,スカイツリー,東京スカイツリー,skytree,スカイツリー,東京スカイツリー,skytree,スカイツリー,東京スカイツリー,skytree,tokyoskytree,スカイツリー,東京スカイツリー,skytree,tokyoskytree,スカイツリー,東京スカイツリー,skytree,tokyoskytree,スカイツリー,東京スカイツリー,skytree,tokyoskytree,スカイツリー,東京スカイツリー,skytree,tokyoskytree,東京スカイツリー,skytree,tokyoskytree,東京スカイツリー,skytree,tokyoskytree,東京スカイツリー,skytree,tokyoskytree,東京スカイツリー,skytree,tokyoskytree,東京スカイツリー,skytree,tokyoskytree,東京スカイツリー,tokyoskytree,東京スカイツリー,skytree,tokyoskytree,東京スカイツリー,skytree,tokyoskytree,東京スカイツリー,tokyoskytree,東京スカイツリー,skytree,東京スカイツリー,skytree,東京スカイツリー,skytree,東京スカイツリー,skytree,tokyoskytree,東京スカイツリー,skytree,tokyoskytree,東京スカイツリー,skytree,東京スカイツリー,skytree,東京スカイツリー,skytree,東京スカイツリー,skytree,東京スカイツリー,skytree,東京スカイツリー,skytree,東京スカイツリー,skytree,東京スカイツリー,skytree,東京スカイツリー,skytree,東京スカイツリー,skytree tower,sky tree,tower,東京スカイツリー,skytree,tokyoskytree,東京スカイツリー,skytree,tokyoskytree,東京スカイツリー,skytree,tokyoskytree,東京スカイツリー,skytree,tokyoskytree,東京スカイツリー,skytree,tokyoskytree,東京スカイツリー,tower,tokio tower,skytree,tokyoskytree,東京スカイツリー,skytree,tokyoskytree,スカイツリー,東京スカイツリー,東京スカイツリー,東京スカイツリー,東京スカイツリー,東京スカイツリー,東京スカイツリー,東京スカイツリー,東京スカイツリー,東京スカイツリー,東京スカイツリー,東京スカイツリー,東京スカイツリー,東京スカイツリー,東京スカイツリー,東京スカイツリー,東京スカイツリー,東京スカイツリー,東京スカイツリー,東京スカイツリー,東京スカイツリー,東京スカイツリー,東京スカイツリー,東京スカイツリー,東京スカイツリー,東京スカイツリー,東京スカイツリー,東京スカイツリー,東京スカイツリー,東京スカイツリー,東京スカイツリー,東京スカイツリー,東京スカイツリー,東京スカイツリー,東京スカイツリー,東京スカイツリー,東京スカイツリー,東京スカイツリー,東京スカイツリー,東京スカイツリー,東京スカイツリー,東京スカイツリー,東京スカイツリー,東京スカイツリー,東京スカイツリー,東京スカイツリー,東京スカイツリー,東京スカイツリー,東京スカイツリー,東京スカイツリー,tokyoskytree,skytree,東京スカイツリー,tokyoskytree,skytree,東京スカイツリー,skytree,東京スカイツリー,skytree,東京スカイツリー,skytree,東京スカイツリー,東京スカイツリー,skytree,東京スカイツリー,東京スカイツリー,skytree,東京スカイツリー,skytree,東京スカイツリー,tokyoskytree,東京スカイツリー,tokyoskytree,東京スカイツリー,tokyoskytree,東京スカイツリー,tokyoskytree,東京スカイツリー,tokyoskytree,東京スカイツリー,tokyoskytree,東京スカイツリー,tokyo asakusa skytree tower,tokyo asakusa skytree tower,tower,東京スカイツリータワー,東京スカイツリータワー,東京スカイツリータワー,asahi beer tower,torre,tower,東京スカイツリー,東京スカイツリー,東京スカイツリー,東京スカイツリー,東京スカイツリー,東京スカイツリー,東京スカイツリー,東京スカイツリー,東京スカイツリー,tokyoskytree,東京スカイツリー,skytree,tower,東京スカイツリー,tokyo skytree,tokyo skytree,tokyoskytree,東京スカイツリー,tokyoskytree,東京スカイツリー,tokyoskytree,東京スカイツリー,tokyoskytree,東京スカイツリー,tokyoskytree,東京スカイツリー,tokyoskytree,東京スカイツリー,tokyoskytree,東京スカイツリー,tokyoskytree,東京スカイツリー,tokyoskytree,東京スカイツリー,tokyoskytree,東京スカイツリー,tokyoskytree,東京スカイツリー,tokyoskytree,東京スカイツリー,tokyoskytree,東京スカイツリー,tokyoskytree,東京スカイツリー,skytree,tokyoskytree,東京スカイツリー,skytree,tokyoskytree,東京スカイツリー,東京スカイツリー,skytree,東京スカイツリー,skytree,tokyoskytree,東京スカイツリー,skytree,tokyoskytree,東京スカイツリー,skytree,東京スカイツリー,skytree,東京スカイツリー,skytree,東京スカイツリー,skytree,東京スカイツリー,skytree,東京スカイツリー,skytree,東京スカイツリー,skytree,東京スカイツリー,skytree,東京スカイツリー,skytree,東京スカイツリー,skytree,東京スカイツリー,skytree,tokyoskytree,東京スカイツリー,kappebashi tower,sky tree ii,東京スカイツリー,sky tree,東京スカイツリー,東京スカイツリー,two towers,skytree,tokyoskytree,スカイツリー,skytree,tokyoskytree,スカイツリー,skytree,sensojitemple,tower,torre,skytree tower,japan,skytree,skytree,skytree,skytree,skytree,skytree,skytree,skytree,skytree,skytree,skytree,東京スカイツリー,tokyoskytree,スカイツリー,skytree,skytree,skytree,skytree,skytree,東京スカイツリー,tokyoskytree,skytree,skytree,東京スカイツリー,skytree,skytree,東京スカイツリー,スカイツリー,skytree,東京スカイツリー,スカイツリー,skytree,tokyo sky tree,東京スカイツリー,東京スカイツリー,skytree,skytree,tokyo skytree,skytree,東京スカイツリー,skytree,東京スカイツリー,skytree,東京スカイツリー,skytree,東京スカイツリー,skytree,東京スカイツリー,skytree,東京スカイツリー,skytree,東京スカイツリー,skytree,skytree,東京スカイツリー,スカイツリー,skytree,東京スカイツリー,スカイツリー,skytree,東京スカイツリー,スカイツリー,skytree,東京スカイツリー,スカイツリー,skytree,東京スカイツリー,スカイツリー,skytree,東京スカイツリー,スカイツリー,skytree,東京スカイツリー,スカイツリー,l1020803,l1020801,l1020799,l1020798,l1020797,l1020796,l1020795,l1020794,l1020793,skytree,東京スカイツリー,tokyoskytree,skytree,東京スカイツリー,tokyoskytree,skytree,東京スカイツリー,tokyoskytree,skytree,東京スカイツリー,tokyoskytree,skytree,東京スカイツリー,tokyoskytree,skytree,東京スカイツリー,tokyoskytree,skytree,東京スカイツリー,tokyoskytree,skytree,東京スカイツリー,tokyoskytree,skytree,東京スカイツリー,tokyoskytree,skytree,東京スカイツリー,tokyoskytree,skytree,東京スカイツリー,tokyoskytree,skytree,東京スカイツリー,tokyoskytree,skytree,東京スカイツリー,tokyoskytree,skytree,東京スカイツリー,tokyoskytree,skytree,東京スカイツリー,tokyoskytree,東京スカイツリー,アサヒヒールタワー,東京スカイツリー,アサヒヒールタワー,tokyo skytree,tower,tower,tower,tower,tokyo skytree,tokyo-sky-tree,東京スカイツリー,tokyoskytree,rainbow tower,asahi building,東京スカイツリー,two towers,toro,toro,tower,東京スカイツリー,スカイツリー,東京スカイツリー,東京スカイツリー,東京スカイツリー,tokyo sky tree,tokyo skytree,skytree,tokyo skytree,tokyo skytree,東京スカイツリー,浅草花やしき,東京スカイツリー,tokyo skytree,東京スカイツリー,sky tree,skytree,hozomon,tokyo skytree,hozomon,東京スカイツリー,tokyoskytree,sky tree tower,tokyo sky tree,demboin,tokyo sky tree,tokyo tower,晴空塔,晴空塔,晴空塔,晴空塔,東京スカイツリー,東京スカイツリー,東京スカイツリー,東京スカイツリー,skytree,skytree,skytree,skytree,tokyo sky tree,東京スカイツリー,tokyo skytree,東京スカイツリー,tokyo skytree,tokyo skytree,tokyo skytree,skyscraper,sensouji,sensouji,tokyo sky tree,東京スカイツリー,miyabi skytree,skytree,スカイツリー,tower,light tower,torre,tower,blue sky tree,skytree,スカイツリー,tokyo skytree,iki,tokyo sky tree,東京スカイツリー,sky tree,skytree,東京スカイツリー,tokyoskytree,東京スカイツリー,asakusa tower & power lines,tower,tokyo sky tree,sky tree,スカイツリー,sky tree,スカイツリー,sky tree,スカイツリー,r sky tower,sensouji,skytree,東京スカイツリー,スカイツリー,tokyo sky tree,tokyoskytree,sky tree,sky tree,sky tree,スカイツリー,sky tower,tower,tower,tokyo skytree,tokyo skytree,東京スカイツリー,tokyo skytree,tokyo skytree,tokyo skytree,tokyo skytree,tokyo skytree,tokyo skytree,tokyo skytree,tokyo skytree,tokyo skytree,skytree,skytree,skytree,skytree,tokyoskytree,tokyo skytree,tokyo skytree,tokyo skytree,tokyo skytree,tokyo skytree,tokyo skytree,tokyo skytree,tokyo skytree,tokyo skytree,tokyo skytree,tokyo skytree,tokyo skytree,tokyo skytree,tokyo skytree,tokyo skytree,tokyo skytree,tokyo skytree,tokyo skytree,tokyo skytree,tokyo skytree,tokyo skytree,tokyo skytree,tokyo skytree,tokyo skytree,tokyo skytree,tokyo skytree,tokyo skytree,tokyo skytree,tokyo skytree,tokyo skytree,tokyo skytree,tokyo skytree,tokyo skytree,tokyo skytree,tokyo skytree,tokyo skytree,tokyo skytree,tokyo skytree,tokyo skytree,tokyo skytree,tokyo skytree,tokyo skytree,tokyo skytree,tokyo skytree,tokyo skytree,tokyo skytree,tokyo skytree,tokyo skytree,tokyo skytree,tokyo skytree,tokyo skytree,tokyo skytree,tokyo skytree,tokyo skytree,tokyo skytree,tokyo skytree,tokyo skytree,tokyo skytree,tokyo skytree,tokyo skytree,tokyo skytree,tokyo skytree,tokyo skytree,tokyo skytree,tokyo skytree,tokyo skytree,tokyo skytree,tokyo skytree,tokyo skytree,tokyo skytree,tokyo skytree,tokyo skytree,tokyo skytree,tokyo skytree,tokyo skytree,tokyo skytree,tokyo skytree,tokyo skytree,tokyo skytree,tokyo skytree,tokyo skytree,tokyo skytree,tokyo skytree,tokyo skytree,tokyo skytree,tokyo skytree,tokyo skytree,tokyo skytree,tokyo skytree,tokyo skytree,tokyo skytree,tokyo skytree,tokyo skytree,tokyo skytree,tokyo skytree,tokyo skytree,tokyo skytree,tokyo skytree,tokyo skytree,tokyo skytree,tokyo skytree,tokyo skytree,tokyo skytree,tokyo skytree,tokyo skytree,tokyo skytree,tokyo skytree,tokyo skytree,tokyo skytree,tokyo skytree,tokyo skytree,tokyo skytree,tokyo skytree,tokyo skytree,tokyo skytree,tokyo skytree,tokyo skytree,tokyo skytree,tokyo skytree,tokyo skytree,tokyo skytree,tokyo skytree,tokyo skytree,tokyo skytree,tokyo skytree,tokyo skytree,tokyo skytree,tokyo skytree,tokyo skytree,tokyo skytree,tokyo skytree,tokyo skytree,tokyo skytree,tokyo skytree,tokyo skytree,tokyo skytree,tokyo skytree,tokyo skytree,tokyo skytree,tokyo skytree,tokyo skytree,tokyo skytree,tokyo skytree,tokyo skytree,tokyo skytree,tokyo skytree,tokyo skytree,tokyo skytree,tokyo skytree,tokyo skytree,tokyo skytree,tokyo skytree,tokyo skytree,tokyo skytree,tokyo skytree,tokyo skytree,tokyo skytree,tokyo skytree,tokyo skytree,tokyo skytree,tokyo skytree,tokyo skytree,tokyo skytree,tokyo skytree,tokyo skytree,sumida tower,oshiage station bike parking building,east tower,tokyo skytree,oshiage tower,tokyo sky tree,tokyo skytree,tokyo skytree,tokyo skytree,tokyo skytree,tokyo skytree,tokyo skytree,tokyo skytree,tokyo skytree,tokyo skytree,tokyo skytree,tokyo skytree,tokyo skytree,東京スカイツリー,tokyo skytree,東京スカイツリー,tokyo skytree,東京スカイツリー,tokyo skytree,東京スカイツリー,tokyo skytree,東京スカイツリー,tokyo skytree,東京スカイツリー,tokyo skytree,東京スカイツリー,tokyo skytree,tokyo skytree,tokyo skytree,tokyo skytree,tokyo skytree,tokyo skytree,tokyo skytree,tokyo skytree,tokyo skytree,tokyo skytree,tokyo skytree,tokyo skytree,tokyo skytree,tokyo skytree,tokyo skytree,tokyo skytree,tokyo skytree,tower,tokyo skytree,tokyo skytree,東京スカイツリー,tobu 100 series,tobu 100 series,tobu 100 series,tobu 100 series,tobu 100 series,tobu 100 series,tobu 100 series,tobu 10000 series,tobu 10000 series,tobu 10000 series,tokyo sky tree,tokyo sky tree,tokyo sky tree,tokyo skytree,東京スカイツリー,skytree east tower,tokyo skytree,tokyo skytree,tokyo skytree,tokyo skytree,tokyo skytree,tokyo skytree,tower,tower,tower,tokyoskytree,東京スカイツリー,東京スカイツリー,東京スカイツリー,tower,skyscraper,skyscraper,スカイツリー,東京スカイツリー,スカイツリー,東京スカイツリー,スカイツリー,東京スカイツリー,スカイツリー,東京スカイツリー,スカイツリー,東京スカイツリー,スカイツリー,東京スカイツリー,スカイツリー,東京スカイツリー,スカイツリー,東京スカイツリー,スカイツリー,東京スカイツリー,スカイツリー,東京スカイツリー,スカイツリー,東京スカイツリー,スカイツリー,東京スカイツリー,スカイツリー,東京スカイツリー,スカイツリー,東京スカイツリー,スカイツリー,東京スカイツリー,スカイツリー,東京スカイツリー,スカイツリー,東京スカイツリー,スカイツリー,東京スカイツリー,スカイツリー,東京スカイツリー,スカイツリー,東京スカイツリー,スカイツリー,東京スカイツリー,スカイツリー,東京スカイツリー,スカイツリー,東京スカイツリー,スカイツリー,東京スカイツリー,スカイツリー,東京スカイツリー,tokyo skytree,oshiage tower,東京スカイツリー,東京スカイツリー,東京スカイツリー,skytree,tokyoskytree,東京スカイツリー,スカイツリー,東京スカイツリー,スカイツリー,東京スカイツリー,スカイツリー,東京スカイツリー,スカイツリー,東京スカイツリー,スカイツリー,東京スカイツリー,スカイツリー,東京スカイツリー,スカイツリー,東京スカイツリー,スカイツリー,東京スカイツリー,スカイツリー,東京スカイツリー,スカイツリー,東京スカイツリー,スカイツリー,東京スカイツリー,スカイツリー,東京スカイツリー,スカイツリー,東京スカイツリー,スカイツリー,東京スカイツリー,スカイツリー,東京スカイツリー,スカイツリー,東京スカイツリー,スカイツリー,東京スカイツリー,スカイツリー,東京スカイツリー,スカイツリー,東京スカイツリー,スカイツリー,東京スカイツリー,スカイツリー,東京スカイツリー,スカイツリー,東京スカイツリー,スカイツリー,東京スカイツリー,スカイツリー,東京スカイツリー,スカイツリー,東京スカイツリー,スカイツリー,東京スカイツリー,スカイツリー,東京スカイツリー,スカイツリー,東京スカイツリー,スカイツリー,東京スカイツリー,スカイツリー,東京スカイツリー,スカイツリー,東京スカイツリー,スカイツリー,東京スカイツリー,スカイツリー,東京スカイツリー,スカイツリー,東京スカイツリー,スカイツリー,東京スカイツリー,スカイツリー,東京スカイツリー,スカイツリー,東京スカイツリー,スカイツリー,東京スカイツリー,スカイツリー,東京スカイツリー,スカイツリー,東京スカイツリー,スカイツリー,東京スカイツリー,スカイツリー,東京スカイツリー,スカイツリー,東京スカイツリー,スカイツリー,東京スカイツリー,スカイツリー,東京スカイツリー,スカイツリー,東京スカイツリー,スカイツリー,東京スカイツリー,スカイツリー,東京スカイツリー,スカイツリー,東京スカイツリー,スカイツリー,東京スカイツリー,スカイツリー,東京スカイツリー,スカイツリー,東京スカイツリー,スカイツリー,東京スカイツリー,スカイツリー,東京スカイツリー,スカイツリー,東京スカイツリー,スカイツリー,東京スカイツリー,スカイツリー,東京スカイツリー,スカイツリー,東京スカイツリー,スカイツリー,東京スカイツリー,スカイツリー,東京スカイツリー,スカイツリー,東京スカイツリー,スカイツリー,東京スカイツリー,スカイツリー,東京スカイツリー,スカイツリー,東京スカイツリー,スカイツリー,東京スカイツリー,スカイツリー,東京スカイツリー,スカイツリー,東京スカイツリー,スカイツリー,東京スカイツリー,スカイツリー,東京スカイツリー,スカイツリー,東京スカイツリー,スカイツリー,東京スカイツリー,スカイツリー,東京スカイツリー,tokyo skytree,skytree,東京スカイツリー,東京スカイツリー,東京スカイツリー,東京スカイツリー,東京スカイツリー,東京スカイツリー,東京スカイツリー,東京スカイツリー,東京スカイツリー,東京スカイツリー,東京スカイツリー,東京スカイツリー,東京スカイツリー,東京スカイツリー,東京スカイツリー,東京スカイツリー,東京スカイツリー,東京スカイツリー,東京スカイツリー,東京スカイツリー,東京スカイツリー,東京スカイツリー,skytree,東京スカイツリー,skytree,東京スカイツリー,skytree,東京スカイツリー,skytree,東京スカイツリー,skytree,東京スカイツリー,skytree,東京スカイツリー,skytree,東京スカイツリー,skytree,東京スカイツリー,skytree,東京スカイツリー,東京スカイツリー,東京スカイツリー,東京スカイツリー,東京スカイツリー,東京スカイツリー,skytree,東京スカイツリー,skytree,東京スカイツリー,skytree,東京スカイツリー,skytree,東京スカイツリー,skytree,東京スカイツリー,skytree,東京スカイツリー,skytree,東京スカイツリー,skytree,東京スカイツリー,東京スカイツリー,skytree,東京スカイツリー,skytree,東京スカイツリー,東京スカイツリー,東京スカイツリー,東京スカイツリー,東京スカイツリー,東京スカイツリー,東京スカイツリー,東京スカイツリー,東京スカイツリー,東京スカイツリー,東京スカイツリー,東京スカイツリー,東京スカイツリー,東京スカイツリー,東京スカイツリー,東京スカイツリー,東京スカイツリー,東京スカイツリー,東京スカイツリー,東京スカイツリー,tokyo skytree,東京スカイツリー,東京スカイツリー,東京スカイツリー,東京スカイツリー,東京スカイツリー,skytree,skytree,skytree,skytree,skytree,skytree,skytree,skytree,tokyo skytree,東京スカイツリー,tokyo,tokyo,tower,tower,skytree,東京スカイツリー,skytree,東京スカイツリー,skytree,東京スカイツリー,skytree,東京スカイツリー,skytree,東京スカイツリー,skytree,東京スカイツリー,skytree,東京スカイツリー,skytree,東京スカイツリー,東京スカイツリー,skytree,東京スカイツリー,東京スカイツリー,skytree,tokyoskytree,東京スカイツリー,東京スカイツリー,東京スカイツリー,東京スカイツリー,tokyoskytree,東京スカイツリー,東京スカイツリー,skytree,東京スカイツリー,東京スカイツリー,skytree,東京スカイツリー,skytree,東京スカイツリー,skytree,東京スカイツリー,skytree,東京スカイツリー,skytree,東京スカイツリー,skytree,東京スカイツリー,skytree,東京スカイツリー,東京スカイツリー,skytree,東京スカイツリー,東京スカイツリー,tokyo skytree,tokyo,tokyo skytree,tower,torre,tokyo skytree,tower,tower,skytree,スカイツリー,tokyo skytree,tokyo skytree,tokyo observation tower,skytree,skytree,skytree,スカイツリー,sky tree tower,tokyo sky tree,東京スカイツリー,tokyoskytree,東京スカイツリー,tokyoskytree,東京スカイツリー,skytree,東京スカイツリー,tokyoskytree,東京スカイツリー,skytree,東京スカイツリー,skytree,東京スカイツリー,tokyoskytree,東京スカイツリー,skytree,東京スカイツリー,tokyoskytree,東京スカイツリー,skytree,東京スカイツリー,tower,tower,tower,tokyo skytree,tokyo skytree,tokyoskytree,東京スカイツリー,tokyoskytree,東京スカイツリー,tokyoskytree,東京スカイツリー,tokyoskytree,東京スカイツリー,tokyoskytree,東京スカイツリー,tokyoskytree,東京スカイツリー,tokyoskytree,東京スカイツリー,tokyoskytree,東京スカイツリー,tokyoskytree,東京スカイツリー,tokyoskytree,東京スカイツリー,tokyoskytree,東京スカイツリー,tokyoskytree,東京スカイツリー,tokyoskytree,東京スカイツリー,tokyoskytree,東京スカイツリー,tokyoskytree,東京スカイツリー,skytree,東京スカイツリー,skytree,東京スカイツリー,skytree,東京スカイツリー,tokyoskytree,東京スカイツリー,tower,東京スカイツリー,東京スカイツリー,tokyoskytree,東京スカイツリー,tokyoskytree,東京スカイツリー,tokyoskytree,東京スカイツリー,tokyoskytree,東京スカイツリー,tokyoskytree,東京スカイツリー,東京スカイツリー,スカイツリー,東京スカイツリー,スカイツリー,東京スカイツリー,スカイツリー,東京スカイツリー,スカイツリー,東京スカイツリー,スカイツリー,東京スカイツリー,スカイツリー,東京スカイツリー,スカイツリー,東京スカイツリー,スカイツリー,東京スカイツリー,スカイツリー,東京スカイツリー,東京スカイツリー,東京スカイツリー,東京スカイツリー,東京スカイツリー,東京スカイツリー,東京スカイツリー,スカイツリー,東京スカイツリー,東京スカイツリー,スカイツリー,東京スカイツリー,tower,tokyo skytree,tokyo skytree,tokyo skytree,tokyo skytree,tokyo skytree,tokyo skytree,tokyo skytree,tokyo skytree,tokyo skytree,tokyo skytree,tokyo skytree,tokyo skytree,tokyo tower,tokyo sky tree,東京スカイツリー,tokyo sky tree,東京スカイツリー,tokyo sky tree,東京スカイツリー,tokyo tower,東京スカイツリー,tokyo skytree,tokyo skytree,skytree tower,skytree tower,skytree tower,skytree tower,skytree tower,東京スカイツリー,tokyo skytree,tokyo skytree,tokyo,tokyo skytree,skytree,skytree,tokyo,東京スカイツリー,東京スカイツリー,東京スカイツリー,東京スカイツリー,東京スカイツリー,東京スカイツリー,東京スカイツリー,東京スカイツリー,東京スカイツリー,東京スカイツリー,skytree,skytree,skytree,skytree,skytree,tokyo skytree,metropolis tower,tower,skytree tower,azumabashi panorama tower,東京スカイツリー,東京スカイツリー,skytree,東京スカイツリー,skytree,東京スカイツリー,東京スカイツリー,skytree,東京スカイツリー,skytree,東京スカイツリー,skytree,東京スカイツリー,skytree,東京スカイツリー,skytree,東京スカイツリー,skytree,東京スカイツリー,東京スカイツリー,東京スカイツリー,東京スカイツリー,skytree,東京スカイツリー,skytree,東京スカイツリー,東京スカイツリー,skytree,東京スカイツリー,東京スカイツリー,東京スカイツリー,東京スカイツリー,skytree,東京スカイツリー,skytree,東京スカイツリー,skytree,東京スカイツリー,skytree,skytree,skytree,東京スカイツリー,skytree,東京スカイツリー,skytree,skytree,東京スカイツリー,東京スカイツリー,skytree,東京スカイツリー,skytree,skytree,skytree,skytree,東京スカイツリー,skytree,sky tree view,sky tree,sky tree tower,sky tree,skytree,東京スカイツリー,東京スカイツリー,skytree,東京スカイツリー,東京スカイツリー,tokyoskytree,torre,tower,tokyoskytree,torre,torre,tower,tokyo skytree,sky tree tower,skytree,skytree,東京スカイツリー,tokyo skytree,tokyo tower,tokyo tower,tokyo skytree,東京スカイツリー,東京スカイツリー,l1020555,l1020554,l1020553,l1020551,l1020550,l1020549,l1020547,l1020538,l1020534,l1020530,l1020528,l1020527,l1020526,l1020525,l1020524,l1020521,l1020520,l1020519,l1020517,l1020514,l1020509,l1020505,l1020504,l1020500,l1020497,l1020496,l1020495,l1020494,l1020493,l1020492,l1020491,l1020490,l1020487,l1020485,l1020481,l1010775,l1010773,l1010772,l1010770,l1010769,l1010768,l1010767,l1010765,l1010763,l1010762,l1010761,l1010760,l1010759,l1010758,l1010756,l1010755,l1010753,skytree,tower,torre,tower,torre,tower,torre,tower,torre,tower,torre,tower,torre,tower,torre,tokyo skytree,tower,tower,東京スカイツリー,tokyo skytree,tokyo skytree,tokyo skytree,tokyo skytree_東京スカイツリー_2,skytree,tokyo skytree,skytree,スカイツリー,スカイツリー,スカイツリー,skytree,スカイツリー,skytree,東京スカイツリー,tokyo skytree,東京スカイツリー,skytree,tokyo skytree,tokyo skytree,tokyo skytree,tokyo skytree,tokyo skytree,skytree tower,tokyo skytree,東京スカイツリー,東京スカイツリー,東京スカイツリー,東京スカイツリー,東京スカイツリー,東京スカイツリー,東京スカイツリー,東京スカイツリー,東京スカイツリー,東京スカイツリー,東京スカイツリー,東京スカイツリー,東京スカイツリー,東京スカイツリー,東京スカイツリー,東京スカイツリー,東京スカイツリー,東京スカイツリー,東京スカイツリー,東京スカイツリー,skytree,skytree,スカイツリー,tokyo skytree tower,skytree tower,skytree tower,skytree tower,tower,tower,tower,tower,tower,skytree,urban tower,star skytree,tokyo skytree,東京スカイツリー,tokyo skytree,tokyo skytree,sumida,tokyo skytree,skytree,skytree,skytree,skytree,skytree,skytree,skytree,skytree,skytree,skytree,skytree,skytree,skytree,skytree,skytree,東京スカイツリー,東京スカイツリー,東京スカイツリー,東京スカイツリー,city tower,vertigo deluxe,skyscraper,sky tree,tower,tokyo skytree,東京スカイツリーのてっへん,tokyo skytree,tokyo skytree,tokyo sukaitsuri,tower,reflected tokyo skytree,skytree,skytree,tokyo skytree,skytree,skytree,skytree,skytree,skytree,skytree,東京スカイツリー,東京スカイツリー,東京スカイツリー,東京スカイツリー,東京スカイツリー,東京スカイツリー,6i8a9016_12,6i8a9019_12,6i8a9021_12,tower,tokyo skytree,tokyo skytree,東京スカイツリー,east tower,tokyo skytree,tokyo skytree,晴空塔,skytree,skytree,スカイツリー,東京スカイツリー,東京スカイツリー,東京スカイツリー,東京スカイツリー,東京スカイツリー,東京スカイツリー,東京スカイツリー,tokyo skytree,東京スカイツリー,東京スカイツリー,tokyo skytree,tower,r79a5273,東京スカイツリー,tokyo skytree,東京スカイツリー,東京スカイツリー,tokyo skytree,東京スカイツリー,skytree,skytree,tokyo skytree tower,東京スカイツリー,tokyo sky tree,tokyo sky tree,sky tree,sky tree,tokyo tower,tokyo skytree,tokyo skytree,tokyo skytree,tall skytree,tower,skytree,tower,tall skytree,tokyoskytree,tokyoskytree,tokyoskytree,skytree,skytree,longexposure tower,晴空塔,晴空塔,solamachi tower,晴空塔,晴空塔,東京スカイツリーてのまふしい春の午後,東京スカイツリー,tokyoskytree,tokyosukaitsuri,sky tree,skytree,skytree,skytree,skytree,skytree,東京スカイツリー,skytree,sky tower,tower,sky-tree tower,skytree,スカイツリー,skytree,スカイツリー,skytree,スカイツリー,skytree,スカイツリー,skytree,スカイツリー,skytree,東京スカイツリー,東京スカイツリー,東京スカイツリー,東京スカイツリー,tokyo skytree east tower,tower,東京スカイツリー,skytree,tokyo sky tree,sky tree,tokyo skytree,tokyo sky tree,tokyo sky tree,skytree展望回廊,the big shadow,tokyo skytree,tokyo skytree,x10-31,スカイツリー,skytree,スカイツリー,tokyo skytree,東京スカイツリー,tokyo skytree,tokyo sky tree,東京スカイツリー,東京スカイツリー,tokyo sky tree,東京スカイツリー,東京スカイツリー,tokyo sky tree,東京スカイツリー,東京スカイツリー,tokyo sky tree,東京スカイツリー,東京スカイツリー,tokyo sky tree,東京スカイツリー,東京スカイツリー,tokyo skytree,tokyo skytree,skytree,sukaitsuri,東京スカイツリー,skytree,skytree,sukaitsuri,東京スカイツリー,skytree,skytree,skytree,skytree,skytree,skytree,スカイツリー,skytree,skytree,tokyo sky tree,スカイツリー,tokyo sky tree,スカイツリー,東京スカイツリー,tokyo skytree,東京スカイツリー,東京スカイツリー,tokyoskytree,tokyotower,東京タワー,the tower,tokyo skytree,tokyo skytree,東京スカイツリー,tokyoskytree,tower,tower,東京スカイツリー,tokyo sky tree,東京スカイツリー,tokyo sky tree,tokyo sky tree,tokyo skytree,sky tree,634tower1043,634,ryougoku,スカイツリー,skytree,skytree,dsc_1875,dsc_1873,dsc_1871,業平橋,tokyo sky tree,tokyo sky tree,tokyo sky tree,tokyo sky tree,sky tree tower,tokyo skytree,tokyo sky tree,東京スカイツリー,東京スカイツリー,sky tree,スカイツリー,imgp1088,スカイツリー,radiotower,cloud tower,tokyo sky tree,東京スカイツリー,スカイツリー,スカイツリー,sky tree,スカイツリー,sky tree,スカイツリー,skytree,スカイツリー,sky tree,urban tower,東京スカイツリー,東京スカイツリー,tokyo sky tree,東京スカイツリー,sky tree,skytree,sky tree,sky tree,tokyo sky tree,tokyo sky tree,tokyo sky tree,tokyo sky tree,tokyo sky tree,tokyo sky tree,tokyo sky tree,tokyo sky tree,tokyo sky tree,tokyo sky tree,tokyo sky tree,tokyo sky tree,tokyo sky tree,tokyo sky tree,tokyo sky tree,tokyo sky tree,tokyo sky tree,tokyo sky tree,tokyo sky tree,sky tree,sky tree,sky tree,sky tree,sky tree,sky tree,sky tree,sky tree,sky tree,sky tree,sky tree,sky tree,sky tree,東京スカイツリー,tokyo sky tree,東京スカイツリー建設中,東京スカイツリー,tokyo sky tree,東京スカイツリー建設中,東京スカイツリー,tokyo sky tree,東京スカイツリー建設中,東京スカイツリー,tokyo sky tree,東京スカイツリー建設中,東京スカイツリー,tokyo sky tree,東京スカイツリー建設中,東京スカイツリー,tokyo sky tree,東京スカイツリー建設中,東京スカイツリー,tokyo sky tree,東京スカイツリー建設中,東京スカイツリー,tokyo sky tree,東京スカイツリー建設中,東京スカイツリー,tokyo sky tree,東京スカイツリー建設中,東京スカイツリー,tokyo sky tree,東京スカイツリー建設中,東京スカイツリー,tower,new tokyo tower,sky tree,スカイツリー,sky tree,スカイツリー,sky tree,スカイツリー,sky tree,スカイツリー,sky tree,スカイツリー,sky tree,スカイツリー,sky tree,スカイツリー,sky tree,スカイツリー,tokyo sky tree,tokyo sky tree,東京スカイツリー,the tower,new tower of babel,sky tree,スカイツリー,sky tree,スカイツリー,sky tree,スカイツリー,tower,tokyo skytree,tokyo,tower,tower,sky tree,skytree,tower,東京スカイツリー,東京スカイツリー,東京スカイツリー,東京スカイツリー,東京スカイツリー,東京スカイツリー,tokyoskytree,東京スカイツリー,tokyoskytree,東京スカイツリー,tokyoskytree,東京スカイツリー,tokyoskytree,東京スカイツリー,東京スカイツリー,東京スカイツリー,東京スカイツリー,東京スカイツリー,東京スカイツリー,東京スカイツリー,スカイツリー,東京スカイツリー,tokyoskytree,スカイツリー,東京スカイツリー,スカイツリー,東京スカイツリー,スカイツリー,東京スカイツリー,tokyoskytree,東京スカイツリー,スカイツリー,東京スカイツリー,スカイツリー,東京スカイツリー,スカイツリー,東京スカイツリー,東京スカイツリー,東京スカイツリー,東京スカイツリー,東京スカイツリー,東京スカイツリー,東京スカイツリー,東京スカイツリー,東京スカイツリー,東京スカイツリー,東京スカイツリー,東京スカイツリー,東京スカイツリー,東京スカイツリー,東京スカイツリー,東京スカイツリー,東京スカイツリー,東京スカイツリー,東京スカイツリー,東京スカイツリー,東京スカイツリー,東京スカイツリー,東京スカイツリー,東京スカイツリー,東京スカイツリー,東京スカイツリー,スカイツリー,東京スカイツリー,東京スカイツリー,晴空塔,skytree,skytree,skytree,skytree,skytree,skytree,skytree,skytree,skytree,skytree,skytree,skytree,skytree,skytree,skytree,skytree,skytree,東京スカイツリー,東京スカイツリー,東京スカイツリー,東京スカイツリー,東京スカイツリー,東京スカイツリー,東京スカイツリー,東京スカイツリー,東京スカイツリー,東京スカイツリー,東京スカイツリー,東京スカイツリー,東京スカイツリー,東京スカイツリー,東京スカイツリー,東京スカイツリー,東京スカイツリー,東京スカイツリー,東京スカイツリー,東京スカイツリー,東京スカイツリー,東京スカイツリー,東京スカイツリー,東京スカイツリー,東京スカイツリー,東京スカイツリー,東京スカイツリー,東京スカイツリー,skytree,東京スカイツリー,東京スカイツリー,東京スカイツリー,東京スカイツリー,東京スカイツリー,東京スカイツリー,東京スカイツリー,東京スカイツリー,東京スカイツリー,skytree,東京スカイツリー,skytree,東京スカイツリー,skytree,東京スカイツリー,tokyoskytree,東京スカイツリー,tokyoskytree,東京スカイツリー,tokyoskytree,東京スカイツリー,東京スカイツリー,東京スカイツリー,東京スカイツリー,東京スカイツリー,東京スカイツリー,東京スカイツリー,東京スカイツリー,skytree,tokyoskytree,東京スカイツリー,skytree,スカイツリー,東京スカイツリー,skytree,スカイツリー,東京スカイツリー,skytree,スカイツリー,東京スカイツリー,skytree,スカイツリー,東京スカイツリー,skytree,スカイツリー,東京スカイツリー,skytree,スカイツリー,東京スカイツリー,skytree,tokyoskytree,スカイツリー,東京スカイツリー,skytree,tokyoskytree,スカイツリー,東京スカイツリー,skytree,tokyoskytree,スカイツリー,東京スカイツリー,skytree,tokyoskytree,スカイツリー,東京スカイツリー,skytree,スカイツリー,東京スカイツリー,skytree,スカイツリー,東京スカイツリー,skytree,スカイツリー,東京スカイツリー,skytree,スカイツリー,東京スカイツリー,skytree,スカイツリー,東京スカイツリー,skytree,スカイツリー,東京スカイツリー,skytree,スカイツリー,東京スカイツリー,skytree,スカイツリー,東京スカイツリー,skytree,tokyoskytree,スカイツリー,東京スカイツリー,skytree,tokyoskytree,スカイツリー,東京スカイツリー,東京スカイツリー,東京スカイツリー,skytree,東京スカイツリー,skytree,東京スカイツリー,skytree,東京スカイツリー,skytree,東京スカイツリー,skytree,東京スカイツリー,skytree,tokyoskytree,東京スカイツリー,skytree,tokyoskytree,東京スカイツリー,skytree,tokyoskytree,東京スカイツリー,skytree,tokyoskytree,東京スカイツリー,tokyoskytree,東京スカイツリー,tokyoskytree,東京スカイツリー,tokyoskytree,東京スカイツリー,tokyoskytree,東京スカイツリー,tokyoskytree,東京スカイツリー,tokyoskytree,東京スカイツリー,東京スカイツリー,東京スカイツリー,東京スカイツリー,東京スカイツリー,東京スカイツリー,skytree,東京スカイツリー,skytree,東京スカイツリー,skytree,東京スカイツリー,tokyoskytree,東京スカイツリー,skytree,東京スカイツリー,スカイツリー,東京スカイツリー,スカイツリー,東京スカイツリー,スカイツリー,東京スカイツリー,東京スカイツリー,東京スカイツリー,東京スカイツリー,東京スカイツリー,東京スカイツリー,東京スカイツリー,東京スカイツリー,東京スカイツリー,東京スカイツリー,skytree,tokyoskytree,東京スカイツリー,東京スカイツリー,東京スカイツリー,skytree,東京スカイツリー,スカイツリー,東京スカイツリー,スカイツリー,東京スカイツリー,スカイツリー,東京スカイツリー,スカイツリー,東京スカイツリー,スカイツリー,東京スカイツリー,スカイツリー,東京スカイツリー,東京スカイツリー,東京スカイツリー,東京スカイツリー,東京スカイツリー,東京スカイツリー,東京スカイツリー,東京スカイツリー,東京スカイツリー,skytree,tokyoskytree,スカイツリー,東京スカイツリー,skytree,tokyoskytree,スカイツリー,東京スカイツリー,東京スカイツリー,東京スカイツリー,東京スカイツリー,東京スカイツリー,skytree,東京スカイツリー,skytree,東京スカイツリー,東京スカイツリー,東京スカイツリー,スカイツリー,skytree,skytree,東京スカイツリー,typ116,skytree,東京スカイツリー,typ116,skytree,東京スカイツリー,typ116,skytree,東京スカイツリー,typ116,skytree,東京スカイツリー,typ116,skytree,東京スカイツリー,typ116,skytree,東京スカイツリー,typ116,東京スカイツリー,typ116,skytree,東京スカイツリー,typ116,東京スカイツリー,typ116,東京スカイツリー,typ116,東京スカイツリー,typ116,skytree,tokyo sky tree,tokyo skytree,東京スカイツリー,skytree,tokyo skytree,東京スカイツリー,tower,skytree,スカイツリー,東京スカイツリー,東京スカイツリー,東京スカイツリー,東京スカイツリー,東京スカイツリー,東京スカイツリー,東京スカイツリー,東京スカイツリー,東京スカイツリー,東京スカイツリー,東京スカイツリー,東京スカイツリー,東京スカイツリー,東京スカイツリー,skytree,東京スカイツリー,skytree,東京スカイツリー,skytree,東京スカイツリー,skytree,東京スカイツリー,skytree,東京スカイツリー,skytree,東京スカイツリー,skytree,東京スカイツリー,skytree,東京スカイツリー,skytree,東京スカイツリー,skytree,東京スカイツリー,skytree,東京スカイツリー,skytree,東京スカイツリー,skytree,東京スカイツリー,skytree,東京スカイツリー,skytree,東京スカイツリー,skytree,tokyoskytree,東京スカイツリー,skytree,tokyoskytree,東京スカイツリー,skytree,tokyoskytree,東京スカイツリー,skytree,tokyoskytree,東京スカイツリー,skytree,東京スカイツリー,skytree,東京スカイツリー,skytree,東京スカイツリー,skytree,東京スカイツリー,skytree,東京スカイツリー,skytree,東京スカイツリー,skytree,tokyoskytree,東京スカイツリー,skytree,東京スカイツリー,skytree,東京スカイツリー,skytree,東京スカイツリー,skytree,東京スカイツリー,スカイツリー,東京スカイツリー,skytree,tokyoskytree,東京スカイツリー,東京スカイツリー,東京スカイツリー,東京スカイツリー,東京スカイツリー,skytree,東京スカイツリー,skytree,東京スカイツリー,skytree,東京スカイツリー,skytree,東京スカイツリー,skytree,東京スカイツリー,skytree,東京スカイツリー,skytree,東京スカイツリー,skytree,東京スカイツリー,skytree,東京スカイツリー,skytree,東京スカイツリー,skytree,東京スカイツリー,skytree,東京スカイツリー,スカイツリー,東京スカイツリー,skytree,tokyoskytree,東京スカイツリー,スカイツリー,東京スカイツリー,スカイツリー,東京スカイツリー,skytree,tokyoskytree,東京スカイツリー,スカイツリー,東京スカイツリー,スカイツリー,東京スカイツリー,スカイツリー,東京スカイツリー,スカイツリー,東京スカイツリー,スカイツリー,東京スカイツリー,スカイツリー,東京スカイツリー,スカイツリー,東京スカイツリー,スカイツリー,東京スカイツリー,スカイツリー,東京スカイツリー,東京スカイツリー,スカイツリー,東京スカイツリー,東京スカイツリー,東京スカイツリー,東京スカイツリー,東京スカイツリー,東京スカイツリー,東京スカイツリー,東京スカイツリー,東京スカイツリー,東京スカイツリー,東京スカイツリー,東京スカイツリー,東京スカイツリー,東京スカイツリー,東京スカイツリー,東京スカイツリー,東京スカイツリー,東京スカイツリー,東京スカイツリー,東京スカイツリー,東京スカイツリー,東京スカイツリー,東京スカイツリー,東京スカイツリー,東京スカイツリー,東京スカイツリー,スカイツリー,東京スカイツリー,スカイツリー,東京スカイツリー,スカイツリー,東京スカイツリー,スカイツリー,東京スカイツリー,スカイツリー,東京スカイツリー,スカイツリー,東京スカイツリー,スカイツリー,東京スカイツリー,スカイツリー,東京スカイツリー,スカイツリー,東京スカイツリー,スカイツリー,東京スカイツリー,スカイツリー,東京スカイツリー,スカイツリー,東京スカイツリー,スカイツリー,東京スカイツリー,スカイツリー,東京スカイツリー,スカイツリー,東京スカイツリー,スカイツリー,東京スカイツリー,スカイツリー,東京スカイツリー,スカイツリー,東京スカイツリー,スカイツリー,東京スカイツリー,スカイツリー,東京スカイツリー,スカイツリー,東京スカイツリー,スカイツリー,東京スカイツリー,スカイツリー,東京スカイツリー,スカイツリー,東京スカイツリー,スカイツリー,東京スカイツリー,スカイツリー,東京スカイツリー,スカイツリー,東京スカイツリー,スカイツリー,東京スカイツリー,スカイツリー,東京スカイツリー,スカイツリー,東京スカイツリー,スカイツリー,東京スカイツリー,スカイツリー,東京スカイツリー,スカイツリー,東京スカイツリー,スカイツリー,東京スカイツリー,スカイツリー,東京スカイツリー,スカイツリー,東京スカイツリー,スカイツリー,東京スカイツリー,スカイツリー,東京スカイツリー,東京スカイツリー,スカイツリー,東京スカイツリー,skytree,スカイツリー,東京スカイツリー,skytree,スカイツリー,東京スカイツリー,skytree,スカイツリー,東京スカイツリー,skytree,スカイツリー,東京スカイツリー,skytree,スカイツリー,東京スカイツリー,skytree,スカイツリー,東京スカイツリー,skytree,スカイツリー,東京スカイツリー,skytree,東京スカイツリー,skytree,東京スカイツリー,skytree,東京スカイツリー,skytree,東京スカイツリー,東京スカイツリー,東京スカイツリー,東京スカイツリー,スカイツリー,東京スカイツリー,skytree,東京スカイツリー,skytree,東京スカイツリー,スカイツリー,東京スカイツリー,skytree,tokyoskytree,東京スカイツリー,skytree,スカイツリー,東京スカイツリー,skytree,東京スカイツリー,skytree,東京スカイツリー,skytree,東京スカイツリー,skytree,東京スカイツリー,skytree,スカイツリー,東京スカイツリー,skytree,東京スカイツリー,東京スカイツリー,東京スカイツリー,東京スカイツリー,東京スカイツリー,skytree,東京スカイツリー,東京スカイツリー,東京スカイツリー,東京スカイツリー,東京スカイツリー,東京スカイツリー,東京スカイツリー,東京スカイツリー,東京スカイツリー,東京スカイツリー,skytree,東京スカイツリー,skytree,東京スカイツリー,skytree,東京スカイツリー,東京スカイツリー,skytree,東京スカイツリー,東京スカイツリー,skytree,東京スカイツリー,skytree,東京スカイツリー,東京スカイツリー,東京スカイツリー,東京スカイツリー,東京スカイツリー,東京スカイツリー,東京スカイツリー,東京スカイツリー,東京スカイツリー,東京スカイツリー,東京スカイツリー,東京スカイツリー,東京スカイツリー,東京スカイツリー,東京スカイツリー,東京スカイツリー,東京スカイツリー,skytree,tokyoskytree,スカイツリー,東京スカイツリー,東京スカイツリー,東京スカイツリー,東京スカイツリー,東京スカイツリー,skytree,スカイツリー,東京スカイツリー,東京スカイツリー,skytree,スカイツリー,東京スカイツリー,東京スカイツリー,東京スカイツリー,skytree,スカイツリー,東京スカイツリー,skytree,東京スカイツリー,skytree,スカイツリー,東京スカイツリー,skytree,スカイツリー,東京スカイツリー,skytree,tokyoskytree,東京スカイツリー,skytree,スカイツリー,東京スカイツリー,skytree,スカイツリー,東京スカイツリー,skytree,スカイツリー,東京スカイツリー,skytree,tokyoskytree,スカイツリー,東京スカイツリー,skytree,スカイツリー,東京スカイツリー,skytree,スカイツリー,東京スカイツリー,スカイツリー,東京スカイツリー,skytree,スカイツリー,東京スカイツリー,スカイツリー,東京スカイツリー,skytree,tokyoskytree,スカイツリー,東京スカイツリー,skytree,tokyoskytree,スカイツリー,東京スカイツリー,skytree,スカイツリー,東京スカイツリー,skytree,tokyoskytree,スカイツリー,東京スカイツリー,skytree,スカイツリー,東京スカイツリー,skytree,スカイツリー,東京スカイツリー,skytree,スカイツリー,東京スカイツリー,skytree,スカイツリー,東京スカイツリー,skytree,tokyoskytree,スカイツリー,東京スカイツリー,skytree,東京スカイツリー,skytree,東京スカイツリー,skytree,スカイツリー,東京スカイツリー,skytree,東京スカイツリー,skytree,東京スカイツリー,skytree,tokyoskytree,東京スカイツリー,skytree,tokyoskytree,東京スカイツリー,skytree,東京スカイツリー,skytree,東京スカイツリー,skytree,東京スカイツリー,skytree,スカイツリー,東京スカイツリー,skytree,スカイツリー,東京スカイツリー,skytree,スカイツリー,東京スカイツリー,skytree,スカイツリー,東京スカイツリー,skytree,スカイツリー,東京スカイツリー,skytree,スカイツリー,東京スカイツリー,skytree,スカイツリー,東京スカイツリー,skytree,tokyoskytree,スカイツリー,東京スカイツリー,skytree,tokyoskytree,スカイツリー,東京スカイツリー,skytree,tokyoskytree,スカイツリー,東京スカイツリー,東京スカイツリー,skytree,東京スカイツリー,skytree,東京スカイツリー,skytree,東京スカイツリー,skytree,東京スカイツリー,skytree,東京スカイツリー,skytree,東京スカイツリー,skytree,東京スカイツリー,skytree,東京スカイツリー,skytree,東京スカイツリー,skytree,tokyoskytree,東京スカイツリー,skytree,tokyoskytree,東京スカイツリー,skytree,tokyoskytree,東京スカイツリー,skytree,tokyoskytree,東京スカイツリー,skytree,tokyoskytree,東京スカイツリー,skytree,tokyoskytree,東京スカイツリー,skytree,tokyoskytree,東京スカイツリー,skytree,tokyoskytree,東京スカイツリー,skytree,tokyoskytree,東京スカイツリー,skytree,tokyoskytree,東京スカイツリー,skytree,tokyoskytree,東京スカイツリー,skytree,tokyoskytree,東京スカイツリー,tokyoskytree,東京スカイツリー,skytree,tokyoskytree,東京スカイツリー,skytree,tokyoskytree,東京スカイツリー,skytree,tokyoskytree,東京スカイツリー,skytree,tokyoskytree,東京スカイツリー,skytree,tokyoskytree,東京スカイツリー,tokyoskytree,東京スカイツリー,skytree,tokyoskytree,東京スカイツリー,skytree,tokyoskytree,東京スカイツリー,skytree,tokyoskytree,東京スカイツリー,tokyoskytree,東京スカイツリー,tokyoskytree,東京スカイツリー,tokyoskytree,東京スカイツリー,tokyoskytree,東京スカイツリー,tokyoskytree,東京スカイツリー,東京スカイツリー,東京スカイツリー,東京スカイツリー,東京スカイツリー,東京スカイツリー,東京スカイツリー,skytree,東京スカイツリー,skytree,東京スカイツリー,skytree,東京スカイツリー,skytree,東京スカイツリー,tokyoskytree,東京スカイツリー,tokyoskytree,東京スカイツリー,skytree,東京スカイツリー,tokyoskytree,東京スカイツリー,tokyoskytree,東京スカイツリー,tokyoskytree,東京スカイツリー,tokyoskytree,東京スカイツリー,スカイツリー,東京スカイツリー,スカイツリー,東京スカイツリー,東京スカイツリー,スカイツリー,東京スカイツリー,スカイツリー,東京スカイツリー,スカイツリー,東京スカイツリー,スカイツリー,東京スカイツリー,スカイツリー,東京スカイツリー,スカイツリー,東京スカイツリー,スカイツリー,東京スカイツリー,東京スカイツリー,東京スカイツリー,東京スカイツリー,東京スカイツリー,東京スカイツリー,東京スカイツリー,東京スカイツリー,東京スカイツリー,skytree,tokyoskytree,東京スカイツリー,skytree,tokyoskytree,東京スカイツリー,skytree,tokyoskytree,東京スカイツリー,skytree,tokyoskytree,東京スカイツリー,skytree,tokyoskytree,東京スカイツリー,skytree,tokyoskytree,東京スカイツリー,skytree,tokyoskytree,東京スカイツリー,東京スカイツリー,東京スカイツリー,東京スカイツリー,東京スカイツリー,東京スカイツリー,東京スカイツリー,東京スカイツリー,東京スカイツリー,東京スカイツリー,東京スカイツリー,東京スカイツリー,東京スカイツリー,東京スカイツリー,東京スカイツリー,東京スカイツリー,東京スカイツリー,東京スカイツリー,東京スカイツリー,東京スカイツリー,東京スカイツリー,東京スカイツリー,東京スカイツリー,pa300371,skytree,東京スカイツリー,skytree,東京スカイツリー,skytree,東京スカイツリー,skytree,東京スカイツリー,tokyoskytree,東京スカイツリー,tokyoskytree,東京スカイツリー,tokyoskytree,東京スカイツリー,tokyoskytree,東京スカイツリー,東京スカイツリー,東京スカイツリー,tokyoskytree,東京スカイツリー,東京スカイツリー,東京スカイツリー,東京スカイツリー,東京スカイツリー,tokyoskytree,東京スカイツリー,skytree,tokyoskytree,東京スカイツリー,tokyoskytree,東京スカイツリー,tokyoskytree,東京スカイツリー,tokyoskytree,東京スカイツリー,tokyoskytree,東京スカイツリー,tokyoskytree,東京スカイツリー,tokyoskytree,東京スカイツリー,スカイツリー,東京スカイツリー,東京スカイツリー,東京スカイツリー,スカイツリー,東京スカイツリー,skytree,tokyoskytree,東京スカイツリー,東京スカイツリー,東京スカイツリー,skytree,tokyoskytree,東京スカイツリー,東京スカイツリー,東京スカイツリー,tokyoskytree,スカイツリー,東京スカイツリー,東京スカイツリー,skytree,skytree,東京スカイツリー,tokyoskytree,スカイツリー,skytree,東京スカイツリー,tokyoskytree,スカイツリー,skytree,東京スカイツリー,tokyoskytree,スカイツリー,skytree,skytree,skytree,東京スカイツリー,スカイツリー,skytree,東京スカイツリー,スカイツリー,skytree,東京スカイツリー,スカイツリー,skytree,東京スカイツリー,スカイツリー,skytree,東京スカイツリー,skytree,東京スカイツリー,東京スカイツリー,skytree,東京スカイツリー,スカイツリー,skytree,skytree,skytree,skytree,skytree,東京スカイツリー,東京スカイツリー,skytree,東京スカイツリー,skytree,東京スカイツリー,skytree,skytree,skytree,東京スカイツリー,skytree,skytree,skytree,skytree,skytree,東京スカイツリー,東京スカイツリー,東京スカイツリー,東京スカイツリー,skytree,東京スカイツリー,skytree,東京スカイツリー,skytree,東京スカイツリー,skytree,skytree,skytree,skytree,skytree,skytree,東京スカイツリー,skytree,東京スカイツリー,skytree,東京スカイツリー,skytree,東京スカイツリー,東京スカイツリー,東京スカイツリー,東京スカイツリー,skytree,東京スカイツリー,tokyoskytree,スカイツリー,東京スカイツリー,skytree,東京スカイツリー,tokyoskytree,スカイツリー,東京スカイツリー,skytree,東京スカイツリー,tokyoskytree,スカイツリー,東京スカイツリー,東京スカイツリー,skytree,東京スカイツリー,tokyoskytree,スカイツリー,東京スカイツリー,skytree,東京スカイツリー,skytree,東京スカイツリー,skytree,skytree,skytree,skytree,skytree,skytree,東京スカイツリー,スカイツリー,skytree,東京スカイツリー,スカイツリー,skytree,スカイツリー,skytree,東京スカイツリー,スカイツリー,skytree,skytree,l1020347,l1020346,l1020345,l1020343,l1020342,l1020341,l1020340,l1020339,golden tokyo skytree,lavender,yuri tower,yuri,東京スカイツリー,東京スカイツリー,東京スカイツリー,東京スカイツリー,東京スカイツリー,東京スカイツリー,東京スカイツリー,東京スカイツリー,東京スカイツリー,東京スカイツリー,東京スカイツリー,東京スカイツリー,スカイツリー,東京スカイツリー,スカイツリー,東京スカイツリー,スカイツリー,東京スカイツリー,skytree,スカイツリー,東京スカイツリー,skytree,スカイツリー,東京スカイツリー,東京スカイツリー,スカイツリー,東京スカイツリー,skytree,tokyoskytree,東京スカイツリー,skytree,tokyoskytree,東京スカイツリー,skytree,tokyoskytree,東京スカイツリー,skytree,tokyoskytree,スカイツリー,東京スカイツリー,skytree,東京スカイツリー,skytree,東京スカイツリー,skytree,東京スカイツリー,skytree,スカイツリー,東京スカイツリー,skytree,スカイツリー,東京スカイツリー,skytree,スカイツリー,東京スカイツリー,skytree,tokyoskytree,スカイツリー,東京スカイツリー,skytree,tokyoskytree,スカイツリー,東京スカイツリー,skytree,tokyoskytree,東京スカイツリー,skytree,tokyoskytree,スカイツリー,東京スカイツリー,skytree,スカイツリー,東京スカイツリー,skytree,スカイツリー,東京スカイツリー,skytree,スカイツリー,東京スカイツリー,skytree,tokyoskytree,スカイツリー,東京スカイツリー,tokyoskytree,東京スカイツリー,tokyoskytree,東京スカイツリー,tokyoskytree,東京スカイツリー,tokyoskytree,東京スカイツリー,tokyoskytree,東京スカイツリー,tokyoskytree,東京スカイツリー,tokyoskytree,東京スカイツリー,tokyoskytree,東京スカイツリー,tokyoskytree,東京スカイツリー,tokyoskytree,東京スカイツリー,tokyoskytree,東京スカイツリー,tokyoskytree,東京スカイツリー,tokyoskytree,東京スカイツリー,tokyoskytree,東京スカイツリー,tower,tokyoskytree,東京スカイツリー,tokyoskytree,東京スカイツリー,tokyoskytree,東京スカイツリー,tokyoskytree,東京スカイツリー,tokyoskytree,東京スカイツリー,tokyoskytree,東京スカイツリー,tokyoskytree,東京スカイツリー,tokyoskytree,東京スカイツリー,tokyoskytree,東京スカイツリー,東京スカイツリー,スカイツリー,東京スカイツリー,東京スカイツリー,東京スカイツリー,東京スカイツリー,東京タワー,tokyo skytree,skytree,skytree,skytree,skytree,skytree,skytree,skytree,東京スカイツリー,東京スカイツリー,東京スカイツリー,東京スカイツリー,東京スカイツリー,東京スカイツリー,東京スカイツリー,東京スカイツリー,東京スカイツリー,東京スカイツリー,東京スカイツリー,blue tower,東京スカイツリー,東京スカイツリー,東京スカイツリー,東京スカイツリー,東京スカイツリー,東京スカイツリー,東京スカイツリー,東京スカイツリー,東京スカイツリー,東京スカイツリー,東京スカイツリー,東京スカイツリー,東京スカイツリー,東京スカイツリー,東京スカイツリー,東京スカイツリー,東京スカイツリー,東京スカイツリー,東京スカイツリー,東京スカイツリー,東京スカイツリー,東京スカイツリー,東京スカイツリー,東京スカイツリー,東京スカイツリー,東京スカイツリー,東京スカイツリー,東京スカイツリー,東京スカイツリー,東京スカイツリー,東京スカイツリー,東京スカイツリー,東京スカイツリー,東京スカイツリー,東京スカイツリー,東京スカイツリー,東京スカイツリー,東京スカイツリー,東京スカイツリー,東京スカイツリー,東京スカイツリー,東京スカイツリー,東京スカイツリー,東京スカイツリー,東京スカイツリー,東京スカイツリー,東京スカイツリー,東京スカイツリー,東京スカイツリー,東京スカイツリー,東京スカイツリー,東京スカイツリー,東京スカイツリー,東京スカイツリー,東京スカイツリー,東京スカイツリー,東京スカイツリー,東京スカイツリー,東京スカイツリー,東京スカイツリー,東京スカイツリー,東京スカイツリー,sky tower,the tower"
13,35.65913191989336,139.70093234442734,"1442,1443,1468,1472,1483,1643,1661,1662,1663,1664,1665,1667,1670,1695,1708,1772,1785,1822,1823,1843,1844,1845,1846,1847,1848,1849,1850,1851,1852,1853,1858,1859,1860,1861,1862,2031,2060,2338,2438,2439,2440,2441,2442,2443,2457,2534,2536,2537,2538,2539,2540,2541,2542,2543,2544,2545,2546,2547,2548,2549,2550,2551,2552,2553,2554,2555,2556,2557,2558,2559,3072,4158,4159,4160,4183,4184,4185,4238,4239,4241,5088,5536,5601,5950,6327,6345,6357,6358,6359,6360,6361,6362,6363,6364,6365,6366,6367,6368,6369,6370,6371,6372,6373,6374,6392,6884,6954,7379,7409,7410,7411,7412,7413,7414,7415,7416,7451,7452,7453,7480,7517,7529,7530,7531,7539,7540,7541,7542,7543,7544,7545,7546,7547,7548,7549,7566,7571,7572,7573,7574,7575,7656,7841,7888,8169,8353,8391,8392,8393,8588,8917,8918,8919,8920,8921,8922,8923,8924,8925,9145,9146,9148,9153,9154,9155,9156,9157,9158,9159,9160,9161,9162,9163,9164,9165,9166,9167,9414,9415,9416,9619,9620,9621,9622,9623,9635,9984,9998,9999,10000,10001","shibuya tower,shibuya scramble square,東京タワー,tokyo tower,東京タワー,shibuya,shibuya,shibuya scramble square,shibuya sky,shibuya sky,shibuya stream,shibuya scramble square,shibuya crossing,shibuya scramble square,shibuya scramble square,shibuya scramble square,shibuya scramble square,shibuya scramble square,shibuya scramble square,shibuya scramble square,shibuya scramble square,shibuya scramble square,shibuya scramble square,shibuya scramble square,shibuya scramble square,shibuya scramble square,shibuya scramble square,shibuya scramble square,shibuya scramble square,shibuya scramble square,shibuya scramble square,shibuya scramble square,shibuya scramble square,shibuya scramble square,shibuya scramble square,shibuya scramble square,shibuya scramble square,harajuku mirror,tower,tower,tower,tower,shibuya tower,ceruleantower,yoyogi tower,yoyogi,skyscraper,skyscraper,skyscraper,skyscraper,skyscraper,skyscraper,skyscraper,tower,tower,basemelgabry,tokyo tower,tokyo tower,tokyo tower,tokyo tower,tokyo tower,tokyo tower,tokyo tower,tokyo tower,tokyo tower,tower,セルリアンタワー,shibuya,tower,shibuya,shibuya,tower,shibuya,cimg4131,hachiko,hachiko,tower"
14,35.68991528181711,139.69197299546002,"1429,1446,1448,1450,1452,1469,1470,1476,1479,1514,1517,1524,1525,1632,1634,1651,1654,1671,1672,1686,1687,1688,1689,1690,1693,1696,1701,1702,1703,1872,1873,1874,1875,1876,1877,1883,1921,1926,1927,1928,1929,1936,1937,2029,2030,2246,2251,2252,2253,2283,2285,2286,2302,2305,2322,2323,2328,2329,2331,2426,2427,2592,2739,2763,2765,2767,2771,2772,3059,3250,3655,3747,3748,3749,3756,3757,3758,3821,3825,3867,3894,3944,3990,3991,3992,3993,3994,4156,4162,4210,4215,4345,4346,4557,4737,4738,4748,4759,4829,4833,4857,4858,4859,4860,4861,4862,4863,4864,4865,4866,4867,4868,4869,4870,4871,4872,4873,4874,4875,4876,4877,4896,4903,5006,5407,5408,5483,5500,5561,5571,5595,5596,5597,5598,5600,5608,5716,5782,5793,5815,5926,6052,6053,6067,6072,6080,6118,6130,6160,6203,6204,6205,6206,6207,6208,6209,6210,6211,6212,6214,6215,6216,6217,6218,6219,6220,6221,6222,6223,6224,6278,6279,6280,6281,6282,6283,6284,6285,6286,6287,6288,6289,6290,6291,6292,6293,6294,6295,6296,6301,6302,6303,6305,6306,6307,6308,6309,6310,6311,6312,6313,6326,6342,6393,6473,6520,6521,6522,6523,6525,6537,6538,6539,6540,6541,6542,6543,6544,6545,6600,6627,6812,6813,6814,6903,6904,6905,6906,6907,6908,6909,6914,6937,6943,6948,6950,6951,6952,6953,6955,6961,6970,6971,6981,6983,6986,7034,7047,7049,7056,7064,7065,7066,7067,7069,7148,7149,7150,7151,7152,7153,7154,7189,7217,7219,7222,7229,7242,7260,7279,7308,7314,7361,7362,7363,7364,7365,7366,7367,7368,7369,7370,7371,7372,7373,7374,7375,7376,7443,7460,7463,7464,7465,7466,7467,7468,7469,7470,7471,7472,7473,7474,7475,7476,7477,7478,7532,7534,7551,7556,7611,7612,7615,7642,7643,7644,7647,7651,7652,7828,7829,7834,7836,7860,7865,7866,7891,7919,7922,7924,7927,7928,7936,7947,7975,8038,8039,8040,8041,8042,8043,8054,8066,8102,8103,8104,8130,8142,8161,8162,8163,8164,8184,8185,8201,8202,8203,8204,8264,8304,8305,8306,8307,8308,8309,8352,8371,8378,8388,8398,8408,8409,8457,8554,8555,8556,8557,8558,8559,8560,8561,8562,8563,8564,8565,8566,8567,8568,8569,8570,8571,8572,8573,8574,8575,8576,8581,8582,8661,8662,8663,8664,8665,8750,8751,8752,8760,8761,8762,8763,8776,8793,8827,8930,8987,9000,9080,9101,9107,9130,9144,9203,9206,9207,9216,9244,9245,9246,9247,9248,9249,9250,9253,9254,9255,9256,9257,9258,9259,9260,9261,9262,9306,9317,9322,9337,9343,9346,9347,9348,9349,9389,9417,9418,9453,9461,9462,9463,9464,9465,9466,9467,9468,9469,9470,9528,9535,9536,9593,9594,9595,9601,9612,9613,9614,9615,9616,9624,9698,9699,9700,9705,9706,9707,9708,9709,9710,9711,9712,9713,9714,9715,9716,9717,9718,9719,9720,9721,9722,9723,9724,9763,9771,9773,9778,9779,9780,9863,9883,9884,9889,9911,9943,9944,9945,9950,9968,9969,9973,9974,9976,9978,10016,10023,10030,10050,10052,10053,10054,10057,10081,10084,10086,10087,10109,10110,10111,10112,10113,10114,10115,10116,10117,10118,10119,10199,10201,10314,10330,10331,10332,10333,10379,10388,10409,10410","tower,tokyo tower,skyscraper,tsunohazu,tokyo metropolitan government building no1,japon,skyscraper,skyscraper,skyscraper,skyscraper,shinjuku park tower,shinjuku tower,shinjuku tower,tower,skyscraper,modegakuen tower,coccoon building,shinjuku sumitomo building,tower,torre,tokyo tower,skyscraper,shinjuku,shinjuku centre building,tokyo cocoon building,tower,twin tower,castle of the last boss,metropolitan government tower,shinjuku,shinjuku ns building,shinjuku mitsui building,tokyo,urban tower,shunjuku,shunjuku,shunjuku,shunjuku,shunjuku,tall skyscraper,shinjuku park tower,sinjuku park tower,tokyo,skyscraper,tokyo tower,tokyo tower,tokyo tower,tokyo tower,shinjuku park tower,tower,tokyo government metropolitan building,tokyo government metropolitan building,tokyo metropolitan government building,the tocho,skyscraper,skyscraper,north tower,north tower,shinjuku,keio plaza hotel,shinjuku park tower,skyscraper,north tower,tokyo tower,東京タワー,green tower,shinjuku oak tower,the high-rise,tower,tower,tower,urban tower,tokyo metro towers,tokyo,tokyo,shinjuku park tower,tokyo metropolitan government building,cocoon tower,cocoontower,shinjuku,shinjuku tower,southtower,southtower,etude,people park towers,etude,etude,southtower,東京タワー,超高層ヒル,tokyo metropolitan government building,shinjuku park tower,skyscraper,新宿摩天楼,da1645,東京都庁,basemelgabry,skyscraper,shinjuku park tower,tokyo metropolitan government tower,tokyo metropolitan government tower,tower,tower,タワー,shinjuku,tower,the tokyo metropolitan government office building,tocho,tower,torre,mode gakuen cocoon tower,mode gakuen cocoon tower,mode gakuen cocoon tower,mode gakuen cocoon tower,mode gakuen cocoon tower,tokyo city tower,skyscraper,tower,tokyo metropolitan office building,skyscraper,kantoregion,central park tower,shinjuku paku tawa,tokyo opera city tower,tokyo opera city tower,kantoregion,tower,shinjuku park tower,tokyo opera city tower,tower,metropolitan government building 1,metropolitan government building 2,tse17mmf4l,tokyo tower,vista tower,the landmark tower,the landmark tower,the landmark tower,tokyometropolitangovernmenttower,tokyometropolitangovernmenttower,tokyometropolitangovernmenttower,tokyometropolitangovernmenttower,tokyometropolitangovernmenttower,the three towers,tower,tower,cocoon,tower,tower,cocoon tower,cocoon tower,cocoon tower,cocoon tower,cocoon tower,cocoon tower,tokyo opera city tower,opera city tower,tokyo opera city tower,tokyo opera city tower,tokyo opera city tower,tokyotower,tokyo opera city tower,docomotower,tokyo opera city tower,tokyo opera city tower,tokyo opera city tower,tokyo opera city tower,docomotower,blue tower,shinkuku park tower,tokyo tower,skyscraper,skyscraper,tocho-san,ns building,tower,tower,tower of power,tower of power,tokyo empire,shinjuku park tower,shinjuku,shinjuku"
15,35.69377632642944,139.70094640137359,"1458,1480,1481,1500,1682,1769,1770,1832,1833,1834,1835,1836,1837,1854,1855,1856,1863,1864,1865,1866,1867,1925,1938,1955,1956,1957,2062,2421,2422,2423,2424,2425,2446,3115,3483,3819,3822,4044,4045,4046,4047,4878,4879,4880,4881,4899,4900,4901,4902,4904,4905,4906,4907,4908,4909,4910,4911,6380,6885,6886,6887,6888,6889,6890,6891,6892,6893,7456,7457,7458,8237,8358,8360,9537,10061,10062,10311","tower,tower,skyscraper,tower,tower,yunika bldg,skyscraper,skyscraper,skyscraper,tower,tower,skyscraper,tower,skyscraper,skyscraper,skyscraper,nikond800e,nikond800e,nishi-shinjuku"
16,35.69183058789797,139.6967117379956,"1441,1515,1527,1626,1633,1635,1636,1641,1644,1652,1691,1692,1826,1838,1839,1840,1841,1842,1857,1871,1944,1958,1959,1960,1961,1962,2032,2061,2063,3866,3907,3987,3988,4116,4155,4212,4240,4279,4347,4387,4388,4590,4644,4645,4739,4740,4816,4897,4898,5003,5267,5277,5278,5279,5280,5281,5282,5283,5284,5285,5286,5287,5288,5289,5290,5291,5292,5293,5294,5295,5296,5297,5298,5299,5300,5301,5302,5303,5304,5305,5306,5307,5308,5309,5310,5311,5312,5313,5314,5315,5316,5317,5318,5319,5320,5321,5322,5323,5409,5410,5792,6089,6153,6213,6272,6297,6298,6299,6300,6304,6339,6472,6518,6524,6581,6583,6584,6894,6895,6896,6897,6913,6915,6936,6938,6968,6974,7044,7057,7068,7077,7091,7204,7232,7243,7244,7313,7347,7360,7461,7462,7555,7757,7758,7759,7760,7778,7796,7830,7850,7939,8097,8098,8099,8100,8101,8114,8139,8224,8233,8260,8301,8303,8372,8431,8680,8682,8759,8769,8770,8771,8772,8774,8775,8820,8821,8824,8826,8933,8973,8980,8988,8998,8999,9009,9100,9125,9212,9235,9243,9251,9252,9263,9264,9265,9266,9267,9303,9304,9305,9307,9313,9355,9356,9440,9441,9460,9471,9483,9592,9636,9695,9696,9697,9701,9769,9770,9772,9774,9775,9776,9777,9848,9852,9872,9876,9877,9878,9879,9882,9903,9905,9951,9972,10017,10018,10049,10051,10055,10056,10091,10092,10103,10104,10105,10106,10107,10200,10202,10328,10329","skyscraper,tokyo tower,tower,mode gakuen cocoon tower,mode gakuen cocoon tower,mode gakuen cocoon tower,cocoon tower,tokyo,kabukicho,cocoon tower,skyscraper tower,skyscraper,cocoon tower,mode gakuen cocoon tower,cloud tower,tower,mode gakuen cocoon tower,mode gakuen cocoon tower,mode gakuen cocoon tower,mode gakuen cocoon tower,mode gakuen cocoon tower,shinjuku skyscraper,mode gakuen cocoon tower,cocoon tower,tower,cocoon tower,cocoon tower,cocoon tower,shinjukucocoontower,cocoon tower,cocoontower,cocoontower,cocoon tower,cocoon tower,cocoon tower,cocoontower,cocoon tower,mode gakuen cocoon tower,mode gakuen cocoon tower,mode gakuen cocoon tower,cocoon tower,mode gakuen cocoon tower,mode gakuen cocoon tower,mode gakuen cocoon tower,mode gakuen cocoon tower,mode gakuen cocoon tower,mode gakuen cocoon tower,mode gakuen cocoon tower,mode gakuen cocoon tower,mode gakuen cocoon tower,mode gakuen cocoon tower,mode gakuen cocoon tower,mode gakuen cocoon tower,mode gakuen cocoon tower,mode gakuen cocoon tower,mode gakuen cocoon tower,mode gakuen cocoon tower,mode gakuen cocoon tower,mode gakuen cocoon tower,mode gakuen cocoon tower,mode gakuen cocoon tower,mode gakuen cocoon tower,mode gakuen cocoon tower,mode gakuen cocoon tower,mode gakuen cocoon tower,mode gakuen cocoon tower,mode gakuen cocoon tower,mode gakuen cocoon tower,mode gakuen cocoon tower,mode gakuen cocoon tower,mode gakuen cocoon tower,mode gakuen cocoon tower,mode gakuen cocoon tower,mode gakuen cocoon tower,mode gakuen cocoon tower,mode gakuen cocoon tower,mode gakuen cocoon tower,mode gakuen cocoon tower,mode gakuen cocoon tower,mode gakuen cocoon tower,mode gakuen cocoon tower,mode gakuen cocoon tower,mode gakuen cocoon tower,mode gakuen cocoon tower,mode gakuen cocoon tower,cocoon tower,cocoon tower,cocoon tower,cocoon tower,shinjuku skyscrapers,i tower,tower,tower,tower,tower,shinjuku tower,mode gakuen cocoon tower,cocoontower,mode gakuen cocoon tower,cocoontower,mode gakuen cocoon tower,shinjuku tower,cocoon tower,mode gakuen cocoon tower,mode gakuen cocoon tower,cocoon tower,東京スカイツリー,mode gakuen cocoon tower,mode gakuen cocoon tower,mode gakuen cocoon tower,tower,shinjuku skyscrapers,cocoontower,cocoon tower,tower,tower,タワー,mode gakuen cocoon tower,skyscraper,tower,tower,cocoon tower,cocoon tower,cocoon tower,cocoon tower,cocoon tower,cocoon tower,cocoon tower,gh1,cocoon tower,cocoon,tower,tower,cocoon,cocoon tower,skyscraper,cocoon tower,cocoon tower,cocoon tower,shinjuku nomura building,shinjuku center building,モート学園コクーンタワー,mode gakuen cocoon tower,モート学園コクーンタワー,mode gakuen cocoon tower,コクーンタワー,cocoontower,cocoon tower,mode gakuen cocoon tower,cocoon tower,cocoon tower,cocoon tower,cocoon tower,cocoon tower,cocoon tower,tokyo mode gakuen cocoon tower,tokyo mode gakuen cocoon tower,cocoon tower,新宿コクーンタワー,mode gakuen cocoon tower,shinjukucocoontower,モート学園コクーンタワー,モート学園コクーンタワー,modegakuencocoontower,skyscraper,摩天楼,skyscraper,skyscraper,tower,tower,gray skyscraper,nishishinjuku,d300"
17,35.4546497521944,139.63149157011145,"1680,1681,2325,2326,2437,3380,3436,3955,4049,4112,4343,4591,4620,4648,4649,4697,4815,5152,5744,5825,5827,5897,5916,5992,6017,6018,6019,6020,6032,6084,6085,6086,6087,6088,6141,6238,6328,6765,6879,7078,7199,7231,7280,7753,8046,8049,8069,8070,8071,8072,8073,8074,8123,8170,8171,8172,8173,8174,8234,8235,8238,8361,8587,8593,8594,8595,8596,8597,8598,8599,8600,8601,8602,8603,8604,8605,8606,8607,8608,8609,8610,8611,8612,8613,8614,8615,8616,8617,8618,8619,8620,8621,8622,8623,8625,8683,8684,8685,8686,8687,8688,8689,8690,8691,8692,8693,8694,8695,8696,8697,8698,8699,8700,8701,8702,8703,8704,8705,8706,8707,8708,8709,8710,8711,8712,8713,8714,8715,8716,8717,8718,8719,8720,8721,8722,8723,8724,8725,8726,8727,8728,8729,8730,8731,8732,8733,8734,8735,8736,8737,8738,8739,8740,8741,8742,8743,8744,8745,8746,9105,9106,9124,9129,9149,9179,9180,9181,9182,9183,9184,9185,9186,9187,9188,9189,9193,9208,9210,9301,9309,9426,9427,9530,9628,9629,9949,10029,10093,10120,10190,10195,10301,10315,10316,10317,10318,10319,10336,10337,10353,10381,10382,10383,10384,10387","yokohama landmark tower,yokohama landmark tower,landmark tower,landmark tower,横浜ラントマークタワー,yokohama,landmark tower,landmark tower,ラントマークタワー,landmark tower,the yokohama landmark tower,yokohama landmark tower,landmark tower,yokohama landmark tower,横浜ラントマークタワー,tower,tower,tower,tower,yokohama tower,yokohama tower,yokohama tower,yokohama tower,yokohama tower,横浜ラントマークタワー,yokohama landmark tower,landmark tower,yokohama landmark tower,landmark tower,landmark tower,yokohama landmark tower,yokohama landmark tower,landmark,sakuragicho tower,sakuragicho station,tower,tower,tower,yokohama,tower,tower,tokyo tower,landmarktower,landmark tower,landmarktower,landmark tower,landmarktower,landmark tower,landmarktower,landmark tower,landmarktower,landmark tower,landmarktower,landmark tower,landmarktower,landmark tower,landmarktower,landmark tower,landmarktower,landmark tower,landmarktower,landmark tower,landmarktower,landmark tower,landmarktower,landmark tower,landmarktower,landmark tower,landmarktower,landmark tower,landmark tower,landmarktower,landmark tower,landmarktower,landmark tower,landmarktower,landmark tower,landmarktower,landmark tower,landmarktower,landmark tower,landmarktower,landmark tower,landmarktower,landmark tower,landmarktower,landmark tower,landmarktower,yokohama landmark tower,tower,tower,tower,tower,tower,tower,tower,yokohama,tower,tower,tower,tower,tower,tower,tower,tower,tower,tower,tower,tower,tower,tower,tower,tower,tower,tower,tower,tower,tower,tower,tower,tower,tower,tower,tower,tower,tower,tower,tower,tower,tower,tower,tower,tower,tower,tower,tower,tower,tower,tower,tower,tower,tower,tower,tower,tower,tower,tower,tower,tower,landmark tower,k7,k7,queen's tower,the landmark tower,yokohama landmark tower,yokohama landmark tower,yokohama landmark tower,yokohama landmark tower,yokohama landmark tower,yokohama landmark tower,yokohama landmark tower,yokohama landmark tower,yokohama landmark tower,yokohama landmark tower,yokohama landmark tower,landmark tower,横浜ラントマークタワー,マークタワー,マークタワー,みなとみらい タワー,yokohama landmart tower,tower,yokohama tower view,skyscraper,yokohama landmark tower,landmark tower,twisted landmark,landmarktower,landmarktower,landmarktower,landmarktower,landmarktower,landmark tower,lmt-039,p3190021"
18,35.70805936574405,139.75235123846062,"1878,1945,1950,2259,2260,2261,2262,2263,2264,2265,2266,2267,2268,2269,2270,2271,2272,4174,4376,4377,5651,5652,5653,5654,5655,5656,5657,5658,5659,5660,5862,6079,6090,6143,6229,6331,6336,6337,6917,7147,7327,7328,7329,7330,7331,7332,7333,7356,7357,7645,7722,7808,7847,7987,7998,7999,8375,8579,8580,8667,8823,8976,10060","skytree,skytree,tokyo tower,skytree tower,tokyo tower,tokyo tower,toshima,tokyo tower,tokyo tower,tokyo tower,tokyo tower,tokyo tower,tokyo tower,tokyo tower,tokyo tower,tokyo tower,tokyo tower,shinjukuparktower,bunkyo tower,bunkyo tower,bunkyo tower,bunkyo tower,bunkyo civic center,bunkyo civic center,bunkyo civic center,bunkyo civic center,bunkyo civic center,bunkyo civic center,bunkyo civic center,bunkyo civic center,bunkyo civic center,bunkyo civic center,bw tower,bunkyo civic center,ikebukuro sunshine city,bunkyo civic center,bunkyo civic center,tokyo dome city hall,tokyodomecityhall,tokyodomecityhall,東京スカイツリー,東京スカイツリー,東京スカイツリー,東京スカイツリー,東京スカイツリー,東京スカイツリー,skytree,tokyo skytree,gh2,bunkyo,bunkyo,bunkyo,tokyo skytree,skytree,tokyo skytree,shinjuku"
19,35.688259487842046,139.70014780774093,"1449,1707,1768,1967,1968,1969,1970,1971,1972,1973,1974,1975,1976,1977,1978,1979,1980,1981,1982,1983,1984,1985,1986,1987,1988,1989,1990,1991,1992,1993,1994,1995,1996,1997,1998,1999,2000,2001,2002,2003,2004,2005,2006,2007,2008,2009,2010,2011,2012,2013,2014,2015,2016,2017,2018,2019,2020,2021,2022,2023,2024,2025,2026,2027,2028,2428,2444,2954,3759,4043,4094,4614,4639,4640,4641,4746,4856,5027,5563,5837,5870,5871,6100,6101,6273,6274,6275,6276,6277,6396,6474,6912,7377,7378,7417,7459,7479,7840,8156,9459,9725,9765,10024,10025,10026,10027,10327,10378,10411","empire state,skyscraper,docomo tower,docomo tower,キャロットタワー,spire,spire,shinjuku,shinjuku,shinjuku park tower,shinjuku,light tower,jr shinjuku miraina tower,jr shinjuku miraina tower,tower,miraina tower,shibuya 109,blue tower,brilliant tower,docomotower,tower,tower,shinjuku,tower"
20,35.66585019309952,139.7631163845081,"1623,1624,1953,2247,2284,3837,3956,5406,5570,6225,6340,6478,6479,7648,7649,7756,7762,7763,7764,7765,7766,7767,7777,7791,7849,8056,8057,8058,8059,8157,8158,8159,8227,8403,8404,8405,8406,8627,8628,8629,8630,8631,8632,8633,8634,8749,9518,9532,9885,10028,10082,10089","nakagin capsule tower,nakagin capsule tower,nakagin capsule tower,nakagin capsule tower,nakagin,nakagin capsule tower,nakagin capsule tower,nakagin capsule tower,nakagin kapuseru tawa,nakagin capsule tower,tokyo5227,tokyo,tokyo,perspective tower,nakagin capsule apartment tower,capsule tower,shiodome,shiodome,nakagin capsule tower,nakagin capsule tower,nakagin capsule tower,nakajin capsule tower,nakajin capsule tower,nakajin capsule tower,nakajin capsule tower,nakagin capsule tower,nakagin capsule tower,nakagin capsule tower,nakagin capsule tower,nakagin capsule tower,nakagin capsule tower,nakagin capsule tower,nakagin capsule tower,skyscraper,tower,skyscraper"
21,35.66688705084103,139.7607834949818,"1699,1700,1831,2050,2312,2313,2733,2734,2764,3607,3836,4012,4013,4014,4015,4016,4017,4040,4041,5698,5718,6344,6347,6348,6900,6949,6956,6957,6958,6959,7164,7166,7180,7181,7182,7187,7188,7190,7746,7807,8208,8226,8677,9147,9533,9839,9847,9849,9850,9851,9902,9914,9915,9937,9975,10181,10182,10183,10184,10185,10186,10187,10188,10189,10398,2590,2591,4711,4712,4713,4714,4715,4716,4717,4718,4719,4720,4721,4722,4723,4724,4725,4726,4727,4728,4729,4730,4731,4732,4733,4734,4735,4736,4749,4750,4751,4752,4753,4754,4755,4756,4757,5041,5042,5043,5044,5045,5046,5047,5048,5049,5050,5051,5052,5053,5054,5055,5056,5057,5058,5059","ntv tower,ntv tower,shiodome,shiodome,shiodome,shiodome,034 ms tokyo tower,045 ms tokyo tower,tokyo tower,tokyo tower,tokyo tower,tokyo tower,tokyo tower,tokyo tower,tokyo tower,tokyo tower,tokyo tower,tokyo tower,tokyo tower,tokyo tower,tokyo tower,tokyo tower,nittele tower,nitteletower,tokyotower,nittele tower,nitteletower,tower,shiodomemediatower,shiodome,shiodome media tower,shiodomemediatower,shiodome,shiodome station,imgp0955,city tower,city tower,imgp0938,city tower,imgp0966,city tower,skyscraper,tower,tower,tokyo tower,tower,really big clock tower,chiyoda,tokyo tower,nught tower,park hotel tower,panorama tower,hanasanshou,shiodome tower,nippon television tower,shiodome,shiodome,shiodome,shiodome,shiodome media tower,royal park shiodome tower,dentsu tower,dentsutower,shiodome media tower,dentsutower,nippon television tower,tokyo tower,tokyo tower,tokyo tower,tokyo tower,tokyo tower,tokyo tower,tokyo tower,tokyo tower,tokyo tower,tokyo tower,tokyo tower,tokyo tower,tokyo tower,tokyo tower,tokyo tower"
22,35.72748221952325,139.8371055613304,"2463,2464,2465,2466,2467,2468,2469,2470,2471,2472,2473,2474,2475,2476,2477,2478,2479,2480,2481,2482,2483,2484,2485,2486,2487,2488,2489,2490,2491,2492,2493,2494,2495,2496,2497,2498,2499,2500,2501,2502,2503,2504,2505,2506,2507,2508,2509,2510,2511,2512,2513,2514,2515,2516,2517,2518,2519,2520,2521,2522,2523,2524,2525,2526,2527,2528,2529,2530,2531,2532,2533,3063,3064,3065,3066,3067,3068,3069,3070,3071,4392,4393,4395,4396,4574,4651,5163,5164,5165,5166,5167,5168,5178,5179,5180,5828,5829,5830,5831,5832,5833,5834,6033,6034,6144,6145,6146,6147,6148,6149,6150,6151,6152,7316","skytree,スカイツリー,東京スカイツリー,skytree,スカイツリー,東京スカイツリー,skytree,スカイツリー,東京スカイツリー,skytree,スカイツリー,東京スカイツリー,skytree,スカイツリー,東京スカイツリー,skytree,スカイツリー,東京スカイツリー,skytree,スカイツリー,東京スカイツリー,skytree,スカイツリー,東京スカイツリー,skytree,スカイツリー,東京スカイツリー,skytree,スカイツリー,東京スカイツリー,skytree,スカイツリー,東京スカイツリー,skytree,スカイツリー,東京スカイツリー,skytree,東京スカイツリー,skytree,スカイツリー,東京スカイツリー,skytree,スカイツリー,東京スカイツリー,skytree,スカイツリー,東京スカイツリー,skytree,スカイツリー,東京スカイツリー,skytree,スカイツリー,東京スカイツリー,skytree,スカイツリー,東京スカイツリー,skytree,東京スカイツリー,skytree,東京スカイツリー,skytree,スカイツリー,東京スカイツリー,skytree,tokyoskytree,skytree,スカイツリー,東京スカイツリー,skytree,スカイツリー,東京スカイツリー,skytree,スカイツリー,東京スカイツリー,skytree,スカイツリー,東京スカイツリー,skytree,スカイツリー,東京スカイツリー,skytree,スカイツリー,東京スカイツリー,skytree,スカイツリー,東京スカイツリー,skytree,スカイツリー,東京スカイツリー,skytree,スカイツリー,東京スカイツリー,skytree,スカイツリー,東京スカイツリー,skytree,スカイツリー,東京スカイツリー,skytree,スカイツリー,東京スカイツリー,skytree,スカイツリー,東京スカイツリー,skytree,スカイツリー,東京スカイツリー,skytree,スカイツリー,東京スカイツリー,skytree,スカイツリー,東京スカイツリー,tokyoskytree,skytree,スカイツリー,東京スカイツリー,skytree,スカイツリー,東京スカイツリー,skytree,スカイツリー,東京スカイツリー,skytree,スカイツリー,東京スカイツリー,skytree,skytree,東京スカイツリー,skytree,スカイツリー,東京スカイツリー,東京スカイツリー,スカイツリー,skytree,スカイツリー,東京スカイツリー,skytree,スカイツリー,東京スカイツリー,skytree,東京スカイツリー,skytree,東京スカイツリー,skytree,東京スカイツリー,skytree,東京スカイツリー,skytree,東京スカイツリー,skytree,スカイツリー,東京スカイツリー,skytree,スカイツリー,東京スカイツリー,skytree,スカイツリー,東京スカイツリー,skytree,スカイツリー,東京スカイツリー,skytree,スカイツリー,東京スカイツリー,skytree,東京スカイツリー,skytree,東京スカイツリー,skytree,東京スカイツリー,skytree,東京スカイツリー,skytree,スカイツリー,東京スカイツリー,skytree,東京スカイツリー,skytree,東京スカイツリー,東京スカイツリー,スカイツリー,skytree,スカイツリー,東京スカイツリー,skytree,スカイツリー,東京スカイツリー,東京スカイツリー,東京スカイツリー,東京スカイツリー,東京スカイツリー,東京スカイツリー,スカイツリー,東京スカイツリー,スカイツリー,東京スカイツリー,スカイツリー,東京スカイツリー,スカイツリー,東京スカイツリー,tokyoskytree,スカイツリー,東京スカイツリー,tokyoskytree,スカイツリー,東京スカイツリー,skytree,tokyoskytree,スカイツリー,東京スカイツリー,skytree,tokyoskytree,スカイツリー,東京スカイツリー,skytree,tokyoskytree,東京スカイツリー,東京スカイツリー,東京スカイツリー,東京スカイツリー,東京スカイツリー,東京スカイツリー,東京スカイツリー,東京スカイツリー,東京スカイツリー,東京スカイツリー,東京スカイツリー,東京スカイツリー,東京スカイツリー,東京スカイツリー,東京スカイツリー,東京スカイツリー,東京スカイツリー,skytree,東京スカイツリー,tokyoskytree,スカイツリー,skytree,東京スカイツリー,tokyoskytree,スカイツリー,skytree,東京スカイツリー,tokyoskytree,スカイツリー,skytree,東京スカイツリー,tokyoskytree,スカイツリー,skytree,skytree,東京スカイツリー,tokyoskytree,スカイツリー,skytree,skytree,skytree"
23,35.72997649099001,139.7172443443742,"2535,2732,3755,6263,6264,6714,7967,7968,7970,7971,7972,7973,7988,7989,8000,8001,8002,8003,8067,8207,9099,9116,9272,9276,9277,9278,9279,9280,9281,9282,9283,9284,9285,9286,9287,9288,9289,9290,9291,9292,9293,9294,9295,9296,9297,9298,9300,9939,9940,9941,9942,9994,10095,10096,10097,10098,10151,10152,10153,10154,10155,10156,10157,10158,10159,10160,10161,10162,10163,10164,10165,10166,10167,10168,10169,10170,10171,10172,10173,10174,10175,10176,10177,10178","skyscraper,ntt building,owl tower,sunshine 60,sunshine60,tower,tower,tower,sound airship tower,tower,tower,tokyo,tower,tokyo,tower,tokyo,tower,baby tower,tower,twisted tower,tokyo,tower,tokyo,tower,tower,tokyo,tower,tower,tokyo,tower,tokyo,tower,tower,tower,tower,tower,tower,tower,tower"
24,35.627358533930845,139.78241730027042,"2617,2618,2619,2620,2621,2622,2623,2624,2625,2626,2627,2628,2629,2630,2631,2632,2633,2634,2635,2636,2637,2638,2639,2640,2641,2642,2643,2644,2645,2646,2647,2648,2649,2650,2651,2652,2653,2654,2655,2656,2657,2658,2659,2660,2661,2662,2663,2664,2665,2666,2667,2668,2669,2670,2671,2672,2673,2674,3957,3958","d71_3712,d71_3716,d71_3719,d71_3727,d71_3887,d71_3889,d71_3890,d71_3891,d71_3892,d71_3894,d71_3896"
25,35.74288090587967,139.8225197906057,"2956,2960,2961,2972,2973,2974,2975,2998,2999,3000,3001,3002,3033,3034,3054,3055,3612,3613,3636,3644,3645,3650,3651,4074,4075,4076,4077,4078,4083,4084,4323,4324,4325,4326,4327,4328,4329,4330,4357,4358,4359,4360,4361,4362,4766,4767,4768,4769,4770,4782,4795,4796,4797,4798,4800,5020,5021,5022,5023,5024,5025,5121,5122,5123,5124,5125,5252,5253,5254,5255,5256,5257,5258,5260,5261,5262,5263,5264,5265,5337,5338,5339,5340,5341,5342,5343,5344,5345,5346,5347,5389,5393,5394,5395,5396,5397,5415,5416,5417,5418,5419,5420,5421,5422,5468,5469,5470,5471,5472,5473,5474,5475,5476,5477,5478,5858,5859,5860,6064,6065,6066,6138,6139,6140,6199,6200,6559,6560,6561,6562,6563,6564,6565,6566,6567,6568,6569","skytree,スカイツリー,東京スカイツリー,東京スカイツリー,東京スカイツリー,skytree,東京スカイツリー,skytree,東京スカイツリー,skytree,東京スカイツリー,skytree,東京スカイツリー,skytree,スカイツリー,東京スカイツリー,skytree,スカイツリー,東京スカイツリー,skytree,スカイツリー,東京スカイツリー,skytree,スカイツリー,東京スカイツリー,skytree,スカイツリー,東京スカイツリー,skytree,東京スカイツリー,skytree,東京スカイツリー,skytree,スカイツリー,東京スカイツリー,skytree,東京スカイツリー,skytree,スカイツリー,東京スカイツリー,skytree,スカイツリー,東京スカイツリー,skytree,スカイツリー,東京スカイツリー,skytree,スカイツリー,東京スカイツリー,東京スカイツリー,東京スカイツリー,東京スカイツリー,東京スカイツリー,東京スカイツリー,東京スカイツリー,東京スカイツリー,東京スカイツリー,東京スカイツリー,東京スカイツリー,東京スカイツリー,東京スカイツリー,スカイツリー,東京スカイツリー,東京スカイツリー,skytree,スカイツリー,東京スカイツリー,skytree,スカイツリー,東京スカイツリー,skytree,tokyoskytree,東京スカイツリー,skytree,東京スカイツリー,東京スカイツリー,skytree,スカイツリー,東京スカイツリー,skytree,スカイツリー,東京スカイツリー,skytree,スカイツリー,東京スカイツリー,東京スカイツリー,skytree,tokyoskytree,スカイツリー,東京スカイツリー,skytree,tokyoskytree,スカイツリー,東京スカイツリー,skytree,tokyoskytree,スカイツリー,東京スカイツリー,skytree,tokyoskytree,スカイツリー,東京スカイツリー,skytree,tokyoskytree,スカイツリー,東京スカイツリー,tokyoskytree,東京スカイツリー,tokyoskytree,東京スカイツリー,tokyoskytree,東京スカイツリー,tokyoskytree,東京スカイツリー,tokyoskytree,東京スカイツリー,tokyoskytree,東京スカイツリー,tokyoskytree,東京スカイツリー,tokyoskytree,東京スカイツリー,tokyoskytree,東京スカイツリー,東京スカイツリー,tokyoskytree,東京スカイツリー,tokyoskytree,東京スカイツリー,tokyoskytree,東京スカイツリー,tokyoskytree,東京スカイツリー,tokyoskytree,東京スカイツリー,tokyoskytree,東京スカイツリー,tokyoskytree,東京スカイツリー,スカイツリー,東京スカイツリー,スカイツリー,東京スカイツリー,tokyoskytree,東京スカイツリー,skytree,tokyoskytree,東京スカイツリー,skytree,tokyoskytree,東京スカイツリー,東京スカイツリー,東京スカイツリー,skytree,tokyoskytree,東京スカイツリー,スカイツリー,東京スカイツリー,スカイツリー,東京スカイツリー,skytree,tokyoskytree,東京スカイツリー,skytree,tokyoskytree,スカイツリー,東京スカイツリー,skytree,tokyoskytree,東京スカイツリー,skytree,tokyoskytree,東京スカイツリー,skytree,tokyoskytree,東京スカイツリー,skytree,tokyoskytree,東京スカイツリー,skytree,tokyoskytree,東京スカイツリー,スカイツリー,東京スカイツリー,スカイツリー,東京スカイツリー,スカイツリー,東京スカイツリー,スカイツリー,東京スカイツリー,skytree,東京スカイツリー,skytree,東京スカイツリー,tokyoskytree,東京スカイツリー,東京スカイツリー,東京スカイツリー,東京スカイツリー,東京スカイツリー,東京スカイツリー,東京スカイツリー,東京スカイツリー,東京スカイツリー,skytree,東京スカイツリー,東京スカイツリー,東京スカイツリー,skytree,東京スカイツリー,skytree,東京スカイツリー,東京スカイツリー,東京スカイツリー,東京スカイツリー,東京スカイツリー,東京スカイツリー,東京スカイツリー,東京スカイツリー,東京スカイツリー,東京スカイツリー,東京スカイツリー,東京スカイツリー,skytree,スカイツリー,skytree,skytree,skytree,東京スカイツリー,スカイツリー,skytree,東京スカイツリー,スカイツリー,skytree,skytree,skytree,skytree,skytree,スカイツリー,skytree,スカイツリー,スカイツリー,tokyoskytree,スカイツリー,スカイツリー,スカイツリー,スカイツリー,スカイツリー,スカイツリー"
26,35.68191224772822,139.76490763945154,"1485,1486,1487,1488,1489,1506,1507,1683,1868,1869,1870,1880,1885,1946,1947,1948,2447,2448,2449,2450,2451,2452,2453,2454,2455,2456,2458,2459,2460,2461,3906,3989,4093,4128,4653,4654,4655,4656,4657,4658,4659,4660,4661,4662,4663,4932,6002,6265,6266,6267,6268,6269,6270,7407,7408,7527,7528,7690,7853,7854,7855,7856,7857,7858,7859,7953,7954,7955,8311,8779,8780,8781,8782,8783,8784,8785,8786,8787,8828,8829,8991,8992,8993,9066,9067,9068,9239,9240,9241,9534,9954,9955,10065,10194","tokyo park tower,dsc08253,tokyo park green tower,dsc_8129,skyscraper,tokyo tower,tokyo tower,tokyo tower,skyscraper,skyscraper,skyscraper,skyscraper,skyscraper,skyscraper,skyscraper,skyscraper,skyscraper,skyscraper,tower,skyscraper,サヒアタワー,sapia tower,good-bye south tower,good-bye south tower,shin maru building,新丸ヒル,grant tokyo south tower,clocktower,clocktower,shinmarubiru"
27,35.68374253346365,139.76856406674895,"1521,7685,7686,7687,7688,7689,7691,7692,7693,7694,7695,7696,7697,7698,7699,7700,7701,7702,7703,7704,7705,7706,7707,7708,7709,7710,7711,7712,7713,7714,7715,7716,7717,7718,7719,7720,7721,7723,7724,7725,7726,7727,7728,7729,7730,7731,7732,7733,7734,7735,7736,7737,7738,7870,7871,7872,7873,7874,7875,8335","skyscraper,サヒアタワー,サヒアタワー,sapia tower,サヒアタワー,sapia tower,サヒアタワー,sapia tower,サヒアタワー,サヒアタワー,tokaido tower,サヒアタワー,tokaido tower,サヒアタワー,sapia tower,サヒアタワー,サヒアタワー,サヒアタワー,sapia tower,サヒアタワー,sapia tower,サヒアタワー,サヒアタワー,sapia tower,サヒアタワー,サヒアタワー,tokaido tower,サヒアタワー,sapia tower,サヒアタワー,tokaido tower,サヒアタワー,sapia tower,サヒアタワー,tokaido tower,サヒアタワー,sapia tower,サヒアタワー,サヒアタワー,sapia tower,サヒアタワー,サヒアタワー,tokaido tower,サヒアタワー,サヒアタワー,サヒアタワー,sapia tower,サヒアタワー,サヒアタワー,sapia tower,サヒアタワー,サヒアタワー,sapia tower,サヒアタワー,sapia tower,サヒアタワー,sapia tower,サヒアタワー,サヒアタワー,サヒアタワー,サヒアタワー,サヒアタワー,サヒアタワー,サヒアタワー,サヒアタワー,サヒアタワー,サヒアタワー,sapia tower,サヒアタワー,サヒアタワー,サヒアタワー,サヒアタワー,サヒアタワー,サヒアタワー,サヒアタワー,サヒアタワー,sapia tower,サヒアタワー,sapia tower,サヒアタワー,sapia tower,サヒアタワー,sapia tower,サヒアタワー,sapia tower,サヒアタワー"
28,35.70787309249535,140.86854228928024,"10412,10413,10414,10415,10416,10417,10418,10419,10420,10421,10422,10423,10424,10425,10426,10427,10428,10429,10430,10431,10432,10433,10434,10435,10436,10437,10438,10439,10440,10441,10442,10443,10444,10445,10446,10447,10448,10449,10450,10451,10452,10453,10454,10455,10456,10457,10458,10459,10460,10461,10462,10463,10464,10465,10466,10467,10468,10469,10470,10471,10472,10473,10474,10475,10476,10477,10478,10479,10480,10481,10482,10483,10484,10485,10486,10487","犬吠埼灯台,lighthouse,犬吠埼 lighthouse,inubosaki lighthouse,inubosaki lighthouse,inubosaki lighthouse,inubosaki lighthouse,inubosaki lighthouse,inubosaki lighthouse,inubosaki lighthouse,inubosaki lighthouse,inubosaki lighthouse,inubosaki lighthouse,inubosaki lighthouse,inubosaki lighthouse,inubosaki lighthouse,inubosaki lighthouse,inubosaki lighthouse,inubosaki lighthouse,inubosaki lighthouse,inubosaki lighthouse,inubosaki lighthouse,inubosaki lighthouse,inubosaki lighthouse,inubosaki lighthouse,inubosaki lighthouse,inubosaki lighthouse,inubosaki lighthouse,inubosaki lighthouse,inubosaki lighthouse,犬吠埼灯台,inubosaki,犬吠埼灯台,灯台,inubosaki lighthouse,inubouzaki lighthouse,inubouzaki lighthouse,inubouzaki lighthouse,inubo cape lighthouse,inubosaki lighthouse,inubousaki,inubosaki lighthouse,犬吠崎灯台,inubosakitodai,犬吠崎灯台,犬吠崎灯台,犬吠埼灯台,犬吠埼灯台,犬吠埼灯台"
29,40.679329221263444,141.36147103845505,"10488,10489,10490,10491,10492,10493,10494,10495,10496,10497,10498,10499,10500,10501,10502,10503,10504,10505,10506,10507,10508,10509,10510,10511,10512,10513,10514,10515,10516,10517,10518,10519,10520,10521,10522,10523,10524,10525,10526,10527,10528,10529,10530,10531,10532,10533,10534,10535,10536,10537,10538,10539,10540,10541,10542,10543,10544,10545,10546,10547,10548,10549,10550,10551,10552,10553,10554,10555,10556,10557,10558,10559,10560,10561,10562,10563,10564,10565,10566,10567,10568,10569,10570,10571,10572,10573,10574,10575,10576,10577,10578,10579,10580,10581,10582,10583,10584,10585,10586,10587,10588,10589,10590,10591","sun tower,sun tower,sun tower,city tower,dsc01067,sky tower,gr003856,r4009270,gr003557,gr003508,gr003508,gr003507,gr003507,gr003391,gr003390,gr002801,gr002800,gr002799,gr002795,gr002700,gr002664,r4009215,gr002633,r4009211,gr002554,sun tower,gr002534,city sky tower,gr002535,city sky tower,gr002504,gr002503,gr002502,gr002497,gr002496,gr002490,gr002489,gr002273,gr001525,city tower,gr001524,gr001523,city tower,gr001522,gr001521,city tower,gr001520,city tower,gr001509,city tower,gr001508,city tower,gr001507,city tower,gr001505,city tower,gr001457,gr001456,gr001455,gr001453,gr001451,gr001323,city tower,gr001322,gr001321,gr001319,gr001315,gr000509,gr000508,gr000507,gr000506,gr000391,gr000387,gr000376,gr000224,gr000223,gr000143,city tower,sdim2820,sdim1087,sdim0966,sdim0962,sdim0960,r4008584,r4008584,sdim0788,sdim0785,sdim0783,r4008585,sdim0772,sdim0775,sdim0774,tower,tower,sdim0170,sunset tower,sdim0015,city tower,sdim0905,sunset tower,dsc00280,r4002070,sky tower,r4002069,sky tower,city tower,sdim0141,city sunset tower,sdim0137,city sunset tower,sdim0136,city sunset tower,r3011189,city sky tower,r3010075,city tower,tower,tower,tower,city tower"
30,43.061025841078525,141.35562629299986,"10592,10593,10594,10595,10596,10597,10598,10599,10600,10601,10602,10603,10604,10605,10606,10607,10608,10609,10610,10611,10612,10613,10614,10615,10616,10617,10618,10619,10620,10621,10622,10623,10624,10625,10626,10627,10628,10629,10630,10631,10632,10633,10634,10635,10636,10637,10638,10639,10640,10641,10642,10643,10644,10645,10646,10647,10648,10649,10650,10651,10652,10653,10654,10655,10656,10657,10658,10659","sapporo tv tower,sapporo tv tower,さっほろテレヒ塔,sapporotvtower,さっほろテレヒ塔,sapporotvtower,sapporo tv tower,sapporo tv tower,sapporo tv tower,さっほろテレヒ塔,sapporo tv tower,sapporo tv tower,sapporo tv tower,sapporo tv tower,さっほろテレヒ塔,tv tower,sapporo tower,tower,tower,tv tower,さっほろテレヒ塔,さっほろテレヒ塔,sapporo tv tower,sapporo's tv tower,sapporo tower,sapporo tv tower,dsc_0060,dsc_0062,dsc_0064,sapporo tv tower,タワー,956,sapporo tv tower,tower,sapporo tv tower,the tower,sapporo tv tower,さっほろテレヒ塔,さっほろテレヒ塔,さっほろテレヒ塔,さっほろテレヒ塔,さっほろテレヒ塔,さっほろテレヒ塔,さっほろテレヒ塔,さっほろテレヒ塔,sapporo tv tower,さっほろテレヒ塔,sapporo tv tower,さっほろテレヒ塔,sapporo tv tower,さっほろテレヒ塔,sapporo tv tower,さっほろテレヒ塔,sapporo tv tower,sapporo tv tower,さっほろテレヒ塔"
